-- MySQL dump 10.13  Distrib 8.0.36, for Win64 (x86_64)
--
-- Host: localhost    Database: tiwall
-- ------------------------------------------------------
-- Server version	8.0.36

/*!40101 SET @OLD_CHARACTER_SET_CLIENT=@@CHARACTER_SET_CLIENT */;
/*!40101 SET @OLD_CHARACTER_SET_RESULTS=@@CHARACTER_SET_RESULTS */;
/*!40101 SET @OLD_COLLATION_CONNECTION=@@COLLATION_CONNECTION */;
/*!50503 SET NAMES utf8 */;
/*!40103 SET @OLD_TIME_ZONE=@@TIME_ZONE */;
/*!40103 SET TIME_ZONE='+00:00' */;
/*!40014 SET @OLD_UNIQUE_CHECKS=@@UNIQUE_CHECKS, UNIQUE_CHECKS=0 */;
/*!40014 SET @OLD_FOREIGN_KEY_CHECKS=@@FOREIGN_KEY_CHECKS, FOREIGN_KEY_CHECKS=0 */;
/*!40101 SET @OLD_SQL_MODE=@@SQL_MODE, SQL_MODE='NO_AUTO_VALUE_ON_ZERO' */;
/*!40111 SET @OLD_SQL_NOTES=@@SQL_NOTES, SQL_NOTES=0 */;

--
-- Table structure for table `cast`
--

DROP TABLE IF EXISTS `cast`;
/*!40101 SET @saved_cs_client     = @@character_set_client */;
/*!50503 SET character_set_client = utf8mb4 */;
CREATE TABLE `cast` (
  `Cast_ID` int NOT NULL AUTO_INCREMENT,
  `First_name` varchar(30) DEFAULT NULL,
  `Last_name` varchar(30) DEFAULT NULL,
  PRIMARY KEY (`Cast_ID`)
) ENGINE=InnoDB AUTO_INCREMENT=283 DEFAULT CHARSET=utf8mb4 COLLATE=utf8mb4_0900_ai_ci;
/*!40101 SET character_set_client = @saved_cs_client */;

--
-- Dumping data for table `cast`
--

LOCK TABLES `cast` WRITE;
/*!40000 ALTER TABLE `cast` DISABLE KEYS */;
INSERT INTO `cast` VALUES (1,'امیر علی','میردامادی'),(2,'رقيه','عزیزی'),(3,'امیرمحمد','نوروزی'),(4,'كیانا','قاضی'),(5,'یلدا','اکبر پور'),(6,'نازنين','کرمانی'),(7,'آيناز','قاضی'),(8,'يوسف','معروف'),(9,'محمدیاسین','رفیعی'),(10,'محدثه','کرمانی'),(11,'هانیه','رسته'),(12,'زينب','فرجی'),(13,'باران','موحد'),(14,'ستایش','شبیری'),(15,'آیدا','ضابطی'),(16,'رقيه','طلوعی'),(17,'اميرعلي','همدانی'),(18,'آراد','زارعی'),(19,'متین','رفیعی'),(20,'پرهام','بهمنی'),(21,'امیرمهدی','رستمی'),(22,'محمدجواد','موحد'),(23,'یاسین','عقیلی'),(24,'ثنا','دایی'),(25,'يوسف','ولاشجردی'),(26,'آرين','ضابطی'),(27,'آرش','معروف'),(28,'رضا','زنجانی'),(29,'ماهان','ترکاشوند'),(30,'مبین','نامور'),(31,'محمد مهدی','نوروزی'),(32,'علیرضا','عقیلی'),(33,'دانيال','حمیدی'),(34,'آرتین','نعمتی'),(35,'زینب','عباسی'),(36,'رها','ایروانی'),(37,'سوگند','رفیعی'),(38,'عباس','جعفر پور'),(39,'محمدحسين','منصوری'),(40,'سارا','معروف'),(41,'زينب','سعیدی'),(42,'هستی','دایی'),(43,'یوسف','جلالی'),(44,'اسما','پویان'),(45,'علی رضا','علی شاهی'),(46,'مهدیس','اشتری'),(47,'آرین','هنری'),(48,'آرش','تنزیلی'),(49,'رها','احمدی'),(50,'زهرا','نامور'),(51,'محمدامين','مهدیان'),(52,'یسنا','وثاق'),(53,'پرهام','سغیری'),(54,'مهدي','پارسا'),(55,'فاطمه زهرا','رستمی'),(56,'علي','طلوعی'),(57,'مليکا','نامور'),(58,'النا','ترکاشوند'),(59,'النا','علیجانی'),(60,'مائده','تهرانی'),(61,'اسرا','زمانی'),(62,'آیلین','نیلوفری'),(63,'آتنا','صارمی'),(64,'فاطمه','سلطانی'),(65,'مهدیه','عبدالعلی'),(66,'الینا','نوری'),(67,'عليرضا','دادفر'),(68,'الینا','جهانی'),(69,'آريا','پارسا'),(70,'محیا','جهانی'),(71,'حسام','نامور'),(72,'پریا','بهمنی'),(73,'سجاد','بهمنی'),(74,'آرین','تهرانی'),(75,'آرش','عبدالعلی'),(76,'بنیامین','ملکیان'),(77,'رضا','بهرامی'),(78,'دانیال','طلوعی'),(79,'هانيه','رضا زاده'),(80,'ماهان','زنجانی'),(81,'نيايش','سلطانی'),(82,'ستايش','تحسینی'),(83,'عرفان','سلطانی'),(84,'حسین','پارسا'),(85,'ياسمين','پویان'),(86,'اميرعلي','علیجانی'),(87,'سینا','عزیزی'),(88,'محمد مهدی','موسوی'),(89,'نرگس','عزیزی'),(90,'آیلین','الوندی'),(91,'محمدجواد','تحسینی'),(92,'مهديس','پارسا'),(93,'زينب','صنایعی'),(94,'محمدامين','شمشیری'),(95,'فاطمه زهرا','علیجانی'),(96,'متين','نوروزی'),(97,'امیررضا','شاکری'),(98,'ملیكا','طلوعی'),(99,'النا','نیلوفری'),(100,'سارینا','محمدی'),(101,'آرین','رسولی'),(102,'حلما','تنزیلی'),(103,'نازنين','شاکری'),(104,'یوسف','تنزیلی'),(105,'نيايش','عقیلی'),(106,'عرفان','تهرانی'),(107,'آرمين','مجتبوی'),(108,'علی رضا','هومن'),(109,'هانیه','منصوری'),(110,'نرگس','ایروانی'),(111,'هانيه','همدانی'),(112,'آتنا','ابوطالبی'),(113,'پارسا','زنجانی'),(114,'بهار','ضابطی'),(115,'محيا','سمسار'),(116,'نازنین','سمسار'),(117,'ستايش','تنزیلی'),(118,'عباس','رضا زاده'),(119,'نازنین','طلوعی'),(120,'فاطمه','نوروزی'),(121,'محيا','اشرفی'),(122,'محمدياسين','صیادی'),(123,'امیرحسین','جهانی'),(124,'سجاد','ضابطی'),(125,'محمدیاسین','سمسار'),(126,'محمد','وثاق'),(127,'يسنا','ترکاشوند'),(128,'پرهام','رسولی'),(129,'آوا','موحد'),(130,'محمدامين','حریریان'),(131,'اميرعباس','نامور'),(132,'محمد طاها','دادفر'),(133,'اميرعباس','الوندی'),(134,'نرگس','سرخوشیان'),(135,'محمدجواد','فرجی'),(136,'محمدپارسا','ایروانی'),(137,'آیلین','ایروانی'),(138,'بنيامين','علی شاهی'),(139,'مهدیه','هومن'),(140,'محیا','عزیزی'),(141,'یسنا','بهرامی'),(142,'طاها','ابوطالبی'),(143,'زهرا','شمشیری'),(144,'سارا','ضابطی'),(145,'کيان','لاچینی'),(146,'نازنین','اشتری'),(147,'آیناز','لاهوتی'),(148,'امیرمهدی','دادفر'),(149,'محمدامين','معروف'),(150,'طاها','دادفر'),(151,'محمد','عقیلی'),(152,'مبينا','موسوی'),(153,'يسنا','میردامادی'),(154,'سجاد','الوندی'),(155,'ياسمين','سلطانی'),(156,'مائده','علی شاهی'),(157,'مبين','احمدی'),(158,'مبینا','لاچینی'),(159,'فاطمه','جلیلی'),(160,'ثنا','رستمی'),(161,'حسام','نوروزی'),(162,'عباس','حریریان'),(163,'كیان','عباسی'),(164,'هلیا','صیادی'),(165,'آيلين','یزدی'),(166,'فاطمه زهرا','کریمی'),(167,'رقيه','هنری'),(168,'نازنین زهرا','عباسی'),(169,'اميرعلي','حمیدی'),(170,'سجاد','ترکاشوند'),(171,'سجاد','ضرغامی'),(172,'پارسا','سعیدی'),(173,'محمدرضا','عقیلی'),(174,'عباس','شادروان'),(175,'زهرا','علی شاهی'),(176,'ایلیا','هومن'),(177,'ملیكا','سماوات'),(178,'ملیكا','معروف'),(179,'یوسف','حسنی'),(180,'هستی','صارمی'),(181,'اميرمهدي','نوری'),(182,'مهديس','عزیزی'),(183,'الناز','علی شاهی'),(184,'هستي','ابوطالبی'),(185,'محمدجواد','معروف'),(186,'كیانا','تحسینی'),(187,'ابوالفضل','معروف'),(188,'احسان','رسته'),(189,'محمد طاها','علیجانی'),(190,'فاطمه زهرا','زارعی'),(191,'محمدامين','عبدالعلی'),(192,'محمدعلي','پویان'),(193,'الینا','ترکاشوند'),(194,'آرتين','سمسار'),(195,'امیر علی','نوروزی'),(196,'سبحان','حمیدی'),(197,'مبين','حمیدی'),(198,'هلیا','شادروان'),(199,'محمدحسین','تهرانی'),(200,'كیان','مهدیان'),(201,'احسان','هدایت'),(202,'سوگند','حریریان'),(203,'زینب','حریریان'),(204,'آیلین','قاضی'),(205,'اميرحسين','همدانی'),(206,'اسما','کمالی'),(207,'نرگس','صیادی'),(208,'آراد','جلیلی'),(209,'اميرمحمد','پویان'),(210,'اسرا','طلوعی'),(211,'عباس','دایی'),(212,'محدثه','هدایت'),(213,'محمدياسين','الوندی'),(214,'عسل','نعمتی'),(215,'نرگس','حسنی'),(216,'آيناز','نامور'),(217,'محمد','هومن'),(218,'سوگند','سماوات'),(219,'مهسا','ایروانی'),(220,'الناز','سمسار'),(221,'ريحانه','معین'),(222,'آیلین','دایی'),(223,'پریا','مجتبوی'),(224,'كیان','هوشیار'),(225,'ثنا','منصوری'),(226,'ملیكا','اشرفی'),(227,'آتنا','سمسار'),(228,'علي','هنری'),(229,'مبین','گلپایگانی'),(230,'ثنا','ظفری'),(231,'آيدا','رستمی'),(232,'آیدا','کریمی'),(233,'متین','کریمی'),(234,'اسرا','هومن'),(235,'مهدیس','نیلوفری'),(236,'رقیه','سغیری'),(237,'النا','حمیدی'),(238,'نازنين','رفیعی'),(239,'آرتين','همدانی'),(240,'رقیه','صیادی'),(241,'متين','هاشمی'),(242,'عسل','یزدی'),(243,'محمدجواد','لاهوتی'),(244,'اميرحسين','حسنی'),(245,'علي','معین'),(246,'ستایش','کریمی'),(247,'محمد طاها','علی شاهی'),(248,'محمد مهدی','نوری'),(249,'علی','پویان'),(250,'الناز','عقیلی'),(251,'ياسين','اشرفی'),(252,'نازنين','جلیلی'),(253,'الناز','سماوات'),(254,'رقيه','علیجانی'),(255,'حسام','موحد'),(256,'بنیامین','جلالی'),(257,'عرفان','علی پور'),(258,'ثنا','الوندی'),(259,'علی اكبر','صیادی'),(260,'رضا','یزدی'),(261,'محمد','پویان'),(262,'آرش','موحد'),(263,'محمدحسین','نوبختی'),(264,'عرفان','عباسی'),(265,'علیرضا','کمالی'),(266,'دانیال','سمسار'),(267,'آيلين','رفیعی'),(268,'مهدي','عبدالمالکی'),(269,'ياسمين','زمانی'),(270,'دانيال','پویان'),(271,'بهار','عبدالعلی'),(272,'رها','یزدی'),(273,'مهسا','هومن'),(274,'محمدپارسا','صنایعی'),(275,'علي','روحانی'),(276,'علی رضا','کرمانی'),(277,'حسنا','موسوی'),(278,'علي','علیجانی'),(279,'احسان','احمدی'),(280,'نرگس','اشرفی'),(281,'رها','سغیری'),(282,'یاسمین','جهانی');
/*!40000 ALTER TABLE `cast` ENABLE KEYS */;
UNLOCK TABLES;

--
-- Table structure for table `cast_occupation`
--

DROP TABLE IF EXISTS `cast_occupation`;
/*!40101 SET @saved_cs_client     = @@character_set_client */;
/*!50503 SET character_set_client = utf8mb4 */;
CREATE TABLE `cast_occupation` (
  `Cast_Occupation_no` int NOT NULL AUTO_INCREMENT,
  `Cast_ID` int DEFAULT NULL,
  `Event_ID` int DEFAULT NULL,
  `Occupation` varchar(30) DEFAULT NULL,
  PRIMARY KEY (`Cast_Occupation_no`),
  KEY `Event_ID` (`Event_ID`),
  KEY `Cast_ID` (`Cast_ID`),
  CONSTRAINT `cast_occupation_ibfk_1` FOREIGN KEY (`Event_ID`) REFERENCES `event` (`Event_ID`),
  CONSTRAINT `cast_occupation_ibfk_2` FOREIGN KEY (`Cast_ID`) REFERENCES `cast` (`Cast_ID`)
) ENGINE=InnoDB AUTO_INCREMENT=885 DEFAULT CHARSET=utf8mb4 COLLATE=utf8mb4_0900_ai_ci;
/*!40101 SET character_set_client = @saved_cs_client */;

--
-- Dumping data for table `cast_occupation`
--

LOCK TABLES `cast_occupation` WRITE;
/*!40000 ALTER TABLE `cast_occupation` DISABLE KEYS */;
INSERT INTO `cast_occupation` VALUES (1,52,254,'طراح نور'),(2,106,217,'بازیگر'),(3,84,231,'طراح گریم'),(4,75,234,'نویسنده'),(5,40,216,'کارگردان'),(6,55,213,'بازیگر'),(7,120,212,'بازیگر'),(8,105,215,'بازیگر'),(9,100,259,'بازیگر'),(10,64,245,'طراح نور'),(11,42,230,'بازیگر'),(12,36,242,'نویسنده'),(13,12,248,'بازیگر'),(14,88,239,'بازیگر'),(15,20,238,'طراح نور'),(16,103,233,'طراح گریم'),(17,7,246,'بازیگر'),(18,113,216,'لباس و دوخت'),(19,106,248,'طراح نور'),(20,87,231,'بازیگر'),(21,54,236,'نویسنده'),(22,65,256,'بازیگر'),(23,35,250,'بازیگر'),(24,10,233,'بازیگر'),(25,48,213,'نویسنده'),(26,19,239,'بازیگر'),(27,39,235,'طراح نور'),(28,17,231,'طراح نور'),(29,74,250,'طراح گریم'),(30,65,241,'بازیگر'),(31,9,241,'طراح گریم'),(32,50,246,'بازیگر'),(33,52,248,'بازیگر'),(34,12,246,'بازیگر'),(35,117,248,'بازیگر'),(36,78,236,'بازیگر'),(37,42,238,'طراح گریم'),(38,35,234,'بازیگر'),(39,40,254,'کارگردان'),(40,101,213,'نویسنده'),(41,34,218,'کارگردان'),(42,32,214,'کارگردان'),(43,65,235,'طراح نور'),(44,9,213,'لباس و دوخت'),(45,15,238,'طراح نور'),(46,8,260,'بازیگر'),(47,82,251,'کارگردان'),(48,25,237,'لباس و دوخت'),(49,93,217,'طراح نور'),(50,46,260,'بازیگر'),(51,25,237,'بازیگر'),(52,109,245,'بازیگر'),(53,97,259,'نویسنده'),(54,119,232,'طراح گریم'),(55,43,256,'نویسنده'),(56,12,245,'بازیگر'),(57,14,231,'بازیگر'),(58,45,232,'لباس و دوخت'),(59,32,258,'بازیگر'),(60,11,237,'کارگردان'),(61,102,253,'بازیگر'),(62,35,256,'طراح نور'),(63,62,215,'بازیگر'),(64,9,214,'بازیگر'),(65,58,259,'بازیگر'),(66,19,244,'لباس و دوخت'),(67,23,258,'بازیگر'),(68,71,241,'بازیگر'),(69,102,236,'طراح نور'),(70,26,256,'کارگردان'),(71,25,215,'لباس و دوخت'),(72,56,213,'بازیگر'),(73,64,260,'بازیگر'),(74,73,212,'بازیگر'),(75,45,236,'لباس و دوخت'),(76,26,257,'بازیگر'),(77,118,212,'کارگردان'),(78,4,216,'بازیگر'),(79,118,216,'طراح گریم'),(80,71,241,'طراح نور'),(81,28,236,'بازیگر'),(82,1,250,'بازیگر'),(83,87,214,'بازیگر'),(84,98,258,'لباس و دوخت'),(85,8,233,'طراح گریم'),(86,74,251,'لباس و دوخت'),(87,42,247,'بازیگر'),(88,79,243,'بازیگر'),(89,54,240,'بازیگر'),(90,12,231,'طراح گریم'),(91,47,238,'کارگردان'),(92,73,242,'نویسنده'),(93,33,231,'لباس و دوخت'),(94,75,252,'طراح نور'),(95,43,216,'نویسنده'),(96,25,248,'نویسنده'),(97,108,237,'طراح گریم'),(98,20,213,'کارگردان'),(99,98,259,'بازیگر'),(100,9,243,'طراح نور'),(101,61,217,'طراح گریم'),(102,65,260,'بازیگر'),(103,9,245,'بازیگر'),(104,17,246,'بازیگر'),(105,62,250,'بازیگر'),(106,105,215,'بازیگر'),(107,116,260,'بازیگر'),(108,103,213,'بازیگر'),(109,31,212,'بازیگر'),(110,45,252,'طراح نور'),(111,49,218,'بازیگر'),(112,59,260,'بازیگر'),(113,7,232,'طراح نور'),(114,15,213,'نویسنده'),(115,7,243,'بازیگر'),(116,35,256,'بازیگر'),(117,94,249,'کارگردان'),(118,7,235,'بازیگر'),(119,107,256,'بازیگر'),(120,81,253,'طراح نور'),(121,20,259,'بازیگر'),(122,66,257,'کارگردان'),(123,10,253,'طراح گریم'),(124,97,240,'نویسنده'),(125,23,251,'بازیگر'),(126,3,236,'طراح نور'),(127,61,243,'بازیگر'),(128,67,259,'طراح نور'),(129,81,258,'لباس و دوخت'),(130,43,233,'طراح گریم'),(131,60,250,'بازیگر'),(132,21,256,'بازیگر'),(133,10,213,'بازیگر'),(134,77,234,'طراح گریم'),(135,102,240,'بازیگر'),(136,95,218,'بازیگر'),(137,118,255,'نویسنده'),(138,19,246,'بازیگر'),(139,98,233,'طراح گریم'),(140,19,242,'بازیگر'),(141,68,235,'بازیگر'),(142,69,256,'نویسنده'),(143,105,258,'کارگردان'),(144,11,218,'نویسنده'),(145,80,235,'لباس و دوخت'),(146,110,246,'کارگردان'),(147,70,218,'لباس و دوخت'),(148,17,234,'بازیگر'),(149,42,231,'کارگردان'),(150,84,254,'لباس و دوخت'),(151,27,217,'بازیگر'),(152,103,233,'کارگردان'),(153,5,243,'کارگردان'),(154,1,253,'بازیگر'),(155,13,249,'بازیگر'),(156,40,260,'طراح نور'),(157,83,217,'بازیگر'),(158,4,240,'بازیگر'),(159,102,253,'لباس و دوخت'),(160,106,247,'کارگردان'),(161,111,216,'طراح گریم'),(162,106,249,'طراح گریم'),(163,58,255,'کارگردان'),(164,12,257,'بازیگر'),(165,106,216,'لباس و دوخت'),(166,93,233,'بازیگر'),(167,77,212,'بازیگر'),(168,35,212,'طراح نور'),(169,114,248,'کارگردان'),(170,57,235,'بازیگر'),(171,18,256,'نویسنده'),(172,58,248,'لباس و دوخت'),(173,92,246,'کارگردان'),(174,23,242,'بازیگر'),(175,84,234,'بازیگر'),(176,3,252,'نویسنده'),(177,47,230,'طراح گریم'),(178,51,254,'کارگردان'),(179,113,230,'بازیگر'),(180,49,233,'بازیگر'),(181,44,255,'بازیگر'),(182,20,259,'بازیگر'),(183,12,234,'نویسنده'),(184,1,250,'طراح نور'),(185,97,216,'طراح نور'),(186,43,246,'کارگردان'),(187,30,236,'نویسنده'),(188,90,254,'طراح نور'),(189,10,252,'کارگردان'),(190,91,249,'بازیگر'),(191,8,246,'بازیگر'),(192,98,214,'بازیگر'),(193,79,249,'لباس و دوخت'),(194,90,214,'کارگردان'),(195,35,240,'بازیگر'),(196,56,232,'بازیگر'),(197,4,215,'کارگردان'),(198,101,241,'طراح گریم'),(199,45,251,'بازیگر'),(200,85,253,'بازیگر'),(201,20,259,'لباس و دوخت'),(202,117,248,'نویسنده'),(203,39,235,'بازیگر'),(204,93,242,'لباس و دوخت'),(205,2,243,'بازیگر'),(206,50,243,'طراح گریم'),(207,27,238,'بازیگر'),(208,81,234,'بازیگر'),(209,54,242,'بازیگر'),(210,25,258,'لباس و دوخت'),(211,79,253,'طراح نور'),(212,48,215,'نویسنده'),(213,93,239,'بازیگر'),(214,12,257,'کارگردان'),(215,97,260,'بازیگر'),(216,113,246,'بازیگر'),(217,23,213,'بازیگر'),(218,97,216,'بازیگر'),(219,29,244,'کارگردان'),(220,12,251,'بازیگر'),(221,39,215,'کارگردان'),(222,57,234,'کارگردان'),(223,35,258,'لباس و دوخت'),(224,18,213,'طراح نور'),(225,54,249,'بازیگر'),(226,39,259,'بازیگر'),(227,37,216,'نویسنده'),(228,67,254,'طراح نور'),(229,13,239,'نویسنده'),(230,110,256,'بازیگر'),(231,35,256,'طراح نور'),(232,48,212,'بازیگر'),(233,55,260,'طراح گریم'),(234,62,252,'کارگردان'),(235,99,237,'بازیگر'),(236,15,255,'طراح گریم'),(237,46,255,'نویسنده'),(238,56,250,'لباس و دوخت'),(239,56,235,'بازیگر'),(240,12,254,'طراح گریم'),(241,59,242,'بازیگر'),(242,109,240,'طراح گریم'),(243,99,230,'بازیگر'),(244,111,254,'بازیگر'),(245,54,248,'بازیگر'),(246,32,235,'کارگردان'),(247,3,252,'بازیگر'),(248,34,252,'کارگردان'),(249,58,254,'کارگردان'),(250,4,245,'لباس و دوخت'),(251,3,246,'بازیگر'),(252,54,247,'طراح گریم'),(253,23,241,'طراح گریم'),(254,78,244,'طراح گریم'),(255,22,212,'کارگردان'),(256,46,216,'نویسنده'),(257,23,253,'بازیگر'),(258,91,235,'طراح نور'),(259,117,230,'کارگردان'),(260,15,256,'طراح نور'),(261,68,242,'طراح نور'),(262,5,242,'کارگردان'),(263,21,259,'بازیگر'),(264,101,241,'کارگردان'),(265,27,213,'طراح گریم'),(266,32,249,'کارگردان'),(267,78,215,'بازیگر'),(268,16,248,'بازیگر'),(269,27,243,'بازیگر'),(270,53,251,'بازیگر'),(271,26,253,'کارگردان'),(272,49,215,'نویسنده'),(273,10,255,'کارگردان'),(274,28,214,'بازیگر'),(275,29,247,'کارگردان'),(276,31,235,'لباس و دوخت'),(277,108,254,'نویسنده'),(278,42,246,'بازیگر'),(279,5,248,'نویسنده'),(280,86,234,'بازیگر'),(281,65,247,'کارگردان'),(282,113,236,'لباس و دوخت'),(283,88,259,'بازیگر'),(284,39,235,'کارگردان'),(285,103,241,'طراح نور'),(286,78,260,'طراح نور'),(287,87,247,'کارگردان'),(288,36,241,'لباس و دوخت'),(289,90,248,'بازیگر'),(290,35,235,'لباس و دوخت'),(291,87,257,'طراح گریم'),(292,42,235,'نویسنده'),(293,79,241,'کارگردان'),(294,57,233,'بازیگر'),(295,92,239,'نویسنده'),(296,56,231,'نویسنده'),(297,91,215,'نویسنده'),(298,86,233,'بازیگر'),(299,94,249,'طراح نور'),(300,44,247,'بازیگر'),(301,130,214,'بازیگر'),(302,123,237,'بازیگر'),(303,136,214,'بازیگر'),(304,130,247,'بازیگر'),(305,126,243,'بازیگر'),(306,120,215,'بازیگر'),(307,132,218,'بازیگر'),(308,133,253,'بازیگر'),(309,138,252,'بازیگر'),(310,136,257,'بازیگر'),(311,135,235,'بازیگر'),(312,124,239,'بازیگر'),(313,124,232,'بازیگر'),(314,123,251,'بازیگر'),(315,122,246,'بازیگر'),(316,125,243,'بازیگر'),(317,122,233,'بازیگر'),(318,121,233,'بازیگر'),(319,126,234,'بازیگر'),(320,138,239,'بازیگر'),(321,129,252,'بازیگر'),(322,138,215,'بازیگر'),(323,134,241,'بازیگر'),(324,131,234,'بازیگر'),(325,134,247,'بازیگر'),(326,126,215,'بازیگر'),(327,127,258,'بازیگر'),(328,138,212,'بازیگر'),(329,120,233,'بازیگر'),(330,125,234,'بازیگر'),(331,130,254,'بازیگر'),(332,133,216,'بازیگر'),(333,131,245,'بازیگر'),(334,124,260,'بازیگر'),(335,127,257,'بازیگر'),(336,129,245,'بازیگر'),(337,138,232,'بازیگر'),(338,134,256,'بازیگر'),(339,130,254,'بازیگر'),(340,132,258,'بازیگر'),(341,133,239,'بازیگر'),(342,138,230,'بازیگر'),(343,122,246,'بازیگر'),(344,122,234,'بازیگر'),(345,127,253,'بازیگر'),(346,130,218,'بازیگر'),(347,127,235,'بازیگر'),(348,130,247,'بازیگر'),(349,122,255,'بازیگر'),(350,124,239,'بازیگر'),(351,141,259,'گرافیک'),(352,142,234,'گیتار'),(353,143,246,'گیتار'),(354,144,213,'خواننده'),(355,145,245,'ویلنسل'),(356,146,259,'گیتار'),(357,147,249,'گرافیک'),(358,148,235,'ویلنسل'),(359,149,240,'لباس'),(360,150,255,'گیتار'),(361,151,242,'پیانو'),(362,152,236,'خواننده'),(363,153,216,'ویلنسل'),(364,154,246,'گرافیک'),(365,155,259,'گرافیک'),(366,156,246,'گرافیک'),(367,157,258,'ویلنسل'),(368,158,254,'آهنگساز'),(369,159,241,'گیتار'),(370,160,249,'خواننده'),(371,161,218,'گیتار'),(372,162,247,'ویلنسل'),(373,163,231,'پیانو'),(374,164,230,'لباس'),(375,165,248,'آهنگساز'),(376,166,253,'لباس'),(377,167,251,'گرافیک'),(378,168,247,'پیانو'),(379,169,233,'آهنگساز'),(380,170,237,'گیتار'),(381,171,234,'آهنگساز'),(382,172,236,'پیانو'),(383,173,238,'گیتار'),(384,174,244,'گیتار'),(385,175,244,'پیانو'),(386,176,239,'پیانو'),(387,177,250,'خواننده'),(388,178,253,'پیانو'),(389,179,234,'ویلنسل'),(390,149,257,'خواننده'),(391,176,234,'گرافیک'),(392,142,236,'لباس'),(393,159,215,'ویلنسل'),(394,167,249,'خواننده'),(395,158,249,'پیانو'),(396,148,252,'ویلنسل'),(397,145,257,'گرافیک'),(398,173,234,'خواننده'),(399,169,250,'پیانو'),(400,158,215,'خواننده'),(401,169,235,'لباس'),(402,143,214,'آهنگساز'),(403,180,214,'لباس'),(404,169,217,'لباس'),(405,167,231,'گیتار'),(406,168,216,'پیانو'),(407,170,240,'پیانو'),(408,175,242,'آهنگساز'),(409,178,248,'پیانو'),(410,161,241,'گرافیک'),(411,178,215,'گرافیک'),(412,169,252,'ویلنسل'),(413,173,244,'آهنگساز'),(414,153,259,'ویلنسل'),(415,161,248,'پیانو'),(416,164,233,'آهنگساز'),(417,156,212,'آهنگساز'),(418,156,232,'گیتار'),(419,171,244,'گیتار'),(420,156,235,'گرافیک'),(421,180,257,'گرافیک'),(422,169,248,'گرافیک'),(423,174,235,'لباس'),(424,164,217,'آهنگساز'),(425,151,238,'لباس'),(426,148,250,'گیتار'),(427,159,215,'پیانو'),(428,174,245,'گیتار'),(429,158,250,'لباس'),(430,150,247,'آهنگساز'),(431,162,217,'ویلنسل'),(432,171,231,'آهنگساز'),(433,165,239,'لباس'),(434,145,259,'خواننده'),(435,153,216,'ویلنسل'),(436,171,235,'آهنگساز'),(437,174,253,'خواننده'),(438,163,243,'آهنگساز'),(439,173,240,'آهنگساز'),(440,144,213,'ویلنسل'),(441,177,242,'ویلنسل'),(442,164,213,'لباس'),(443,146,238,'ویلنسل'),(444,141,248,'ویلنسل'),(445,167,236,'لباس'),(446,180,241,'خواننده'),(447,178,254,'ویلنسل'),(448,171,212,'پیانو'),(449,150,218,'پیانو'),(450,173,267,'گیتار'),(451,177,263,'گرافیک'),(452,173,270,'لباس'),(453,144,263,'خواننده'),(454,174,268,'ویلنسل'),(455,143,268,'لباس'),(456,170,264,'آهنگساز'),(457,163,219,'لباس'),(458,156,265,'لباس'),(459,150,269,'پیانو'),(460,159,264,'آهنگساز'),(461,162,219,'گرافیک'),(462,145,267,'گیتار'),(463,179,267,'آهنگساز'),(464,177,268,'آهنگساز'),(465,177,267,'پیانو'),(466,180,265,'لباس'),(467,169,263,'آهنگساز'),(468,160,264,'ویلنسل'),(469,175,270,'گرافیک'),(470,156,267,'پیانو'),(471,149,261,'گیتار'),(472,161,268,'گیتار'),(473,153,219,'لباس'),(474,174,267,'ویلنسل'),(475,153,270,'لباس'),(476,174,268,'خواننده'),(477,174,266,'آهنگساز'),(478,180,269,'خواننده'),(479,179,263,'لباس'),(480,155,263,'گرافیک'),(481,163,269,'آهنگساز'),(482,178,266,'گیتار'),(483,155,266,'ویلنسل'),(484,145,270,'گرافیک'),(485,157,262,'گرافیک'),(486,165,262,'گرافیک'),(487,146,269,'گیتار'),(488,170,220,'گیتار'),(489,178,267,'ویلنسل'),(490,144,269,'پیانو'),(491,164,267,'پیانو'),(492,148,270,'آهنگساز'),(493,141,266,'آهنگساز'),(494,180,220,'گیتار'),(495,165,265,'گرافیک'),(496,158,269,'گرافیک'),(497,180,265,'پیانو'),(498,159,268,'ویلنسل'),(499,147,266,'خواننده'),(500,153,265,'پیانو'),(501,150,268,'پیانو'),(502,147,220,'آهنگساز'),(503,161,263,'لباس'),(504,165,270,'لباس'),(505,165,220,'آهنگساز'),(506,173,265,'آهنگساز'),(507,171,269,'پیانو'),(508,145,263,'آهنگساز'),(509,149,266,'گیتار'),(510,154,263,'ویلنسل'),(511,171,261,'آهنگساز'),(512,156,267,'پیانو'),(513,164,264,'آهنگساز'),(514,163,269,'گیتار'),(515,177,268,'آهنگساز'),(516,141,219,'پیانو'),(517,143,264,'پیانو'),(518,159,269,'گیتار'),(519,175,268,'ویلنسل'),(520,159,267,'پیانو'),(521,142,261,'ویلنسل'),(522,166,267,'آهنگساز'),(523,147,261,'خواننده'),(524,164,266,'لباس'),(525,177,219,'پیانو'),(526,144,267,'گیتار'),(527,177,219,'خواننده'),(528,172,270,'لباس'),(529,147,261,'گیتار'),(530,178,219,'آهنگساز'),(531,166,269,'گرافیک'),(532,143,262,'گرافیک'),(533,163,264,'لباس'),(534,159,270,'گرافیک'),(535,174,219,'پیانو'),(536,172,220,'گرافیک'),(537,164,270,'ویلنسل'),(538,159,262,'گرافیک'),(539,157,270,'گیتار'),(540,154,261,'خواننده'),(541,168,264,'گرافیک'),(542,141,267,'ویلنسل'),(543,160,267,'آهنگساز'),(544,157,261,'گرافیک'),(545,166,263,'خواننده'),(546,141,265,'پیانو'),(547,155,266,'گرافیک'),(548,144,220,'گرافیک'),(549,159,267,'آهنگساز'),(550,177,266,'ویلنسل'),(551,157,267,'خواننده'),(552,165,219,'آهنگساز'),(553,147,262,'آهنگساز'),(554,146,264,'لباس'),(555,146,265,'گرافیک'),(556,147,264,'ویلنسل'),(557,146,270,'خواننده'),(558,151,219,'ویلنسل'),(559,173,264,'گیتار'),(560,166,262,'گرافیک'),(561,145,219,'پیانو'),(562,172,261,'گیتار'),(563,169,261,'گیتار'),(564,158,268,'پیانو'),(565,159,268,'آهنگساز'),(566,159,261,'ویلنسل'),(567,180,262,'لباس'),(568,147,268,'گرافیک'),(569,158,266,'آهنگساز'),(570,182,302,'بازیگر'),(571,202,298,'بازیگر'),(572,201,297,'طراح نور'),(573,196,303,'نویسنده'),(574,187,300,'طراح گریم'),(575,196,309,'بازیگر'),(576,190,300,'کارگردان'),(577,203,221,'بازیگر'),(578,196,302,'کارگردان'),(579,192,303,'بازیگر'),(580,197,295,'طراح گریم'),(581,192,298,'لباس و دوخت'),(582,201,221,'لباس و دوخت'),(583,189,291,'کارگردان'),(584,193,307,'بازیگر'),(585,192,302,'طراح نور'),(586,197,292,'بازیگر'),(587,183,296,'طراح نور'),(588,187,221,'بازیگر'),(589,189,304,'نویسنده'),(590,207,305,'طراح نور'),(591,200,300,'طراح نور'),(592,193,303,'طراح نور'),(593,195,295,'بازیگر'),(594,186,297,'بازیگر'),(595,204,298,'نویسنده'),(596,208,305,'بازیگر'),(597,188,310,'بازیگر'),(598,192,305,'بازیگر'),(599,199,293,'لباس و دوخت'),(600,200,295,'کارگردان'),(601,188,308,'طراح گریم'),(602,199,304,'بازیگر'),(603,191,307,'نویسنده'),(604,189,294,'بازیگر'),(605,195,308,'بازیگر'),(606,185,304,'نویسنده'),(607,205,222,'بازیگر'),(608,181,296,'بازیگر'),(609,197,222,'بازیگر'),(610,204,222,'بازیگر'),(611,185,294,'بازیگر'),(612,210,221,'طراح گریم'),(613,190,305,'بازیگر'),(614,184,310,'بازیگر'),(615,181,304,'بازیگر'),(616,186,295,'بازیگر'),(617,205,306,'بازیگر'),(618,194,305,'بازیگر'),(619,183,299,'بازیگر'),(620,187,299,'بازیگر'),(621,204,306,'بازیگر'),(622,188,296,'بازیگر'),(623,200,295,'کارگردان'),(624,197,308,'بازیگر'),(625,201,306,'بازیگر'),(626,191,295,'طراح نور'),(627,196,295,'بازیگر'),(628,194,296,'بازیگر'),(629,182,221,'کارگردان'),(630,191,301,'بازیگر'),(631,199,302,'لباس و دوخت'),(632,192,297,'بازیگر'),(633,183,296,'بازیگر'),(634,208,298,'لباس و دوخت'),(635,203,306,'بازیگر'),(636,205,300,'بازیگر'),(637,201,304,'بازیگر'),(638,198,295,'بازیگر'),(639,189,300,'لباس و دوخت'),(640,201,308,'نویسنده'),(641,185,307,'بازیگر'),(642,192,300,'لباس و دوخت'),(643,197,301,'کارگردان'),(644,181,307,'بازیگر'),(645,188,304,'بازیگر'),(646,181,305,'بازیگر'),(647,185,307,'بازیگر'),(648,202,305,'بازیگر'),(649,189,296,'بازیگر'),(650,207,308,'بازیگر'),(651,197,309,'بازیگر'),(652,202,294,'بازیگر'),(653,200,306,'طراح نور'),(654,182,309,'طراح گریم'),(655,181,300,'بازیگر'),(656,192,296,'بازیگر'),(657,199,304,'طراح گریم'),(658,196,303,'بازیگر'),(659,199,305,'بازیگر'),(660,194,305,'بازیگر'),(661,196,296,'بازیگر'),(662,202,221,'بازیگر'),(663,204,309,'بازیگر'),(664,195,310,'بازیگر'),(665,183,293,'لباس و دوخت'),(666,181,295,'کارگردان'),(667,200,297,'لباس و دوخت'),(668,202,221,'کارگردان'),(669,199,306,'بازیگر'),(670,181,308,'لباس و دوخت'),(671,200,222,'بازیگر'),(672,199,304,'بازیگر'),(673,186,292,'بازیگر'),(674,186,297,'نویسنده'),(675,191,306,'لباس و دوخت'),(676,208,301,'لباس و دوخت'),(677,200,293,'بازیگر'),(678,194,222,'بازیگر'),(679,210,300,'طراح گریم'),(680,210,221,'بازیگر'),(681,191,302,'بازیگر'),(682,182,291,'نویسنده'),(683,200,299,'بازیگر'),(684,196,310,'طراح گریم'),(685,195,294,'بازیگر'),(686,196,221,'بازیگر'),(687,205,309,'بازیگر'),(688,189,308,'لباس و دوخت'),(689,206,293,'بازیگر'),(690,197,221,'بازیگر'),(691,192,302,'بازیگر'),(692,207,303,'بازیگر'),(693,189,310,'بازیگر'),(694,200,221,'بازیگر'),(695,208,298,'لباس و دوخت'),(696,200,301,'بازیگر'),(697,208,294,'کارگردان'),(698,207,299,'بازیگر'),(699,203,302,'بازیگر'),(700,207,310,'طراح گریم'),(701,231,280,'بازیگر'),(702,240,284,'بازیگر'),(703,237,273,'بازیگر'),(704,241,285,'بازیگر'),(705,211,287,'نویسنده'),(706,230,290,'بازیگر'),(707,232,279,'بازیگر'),(708,217,271,'بازیگر'),(709,235,287,'بازیگر'),(710,216,290,'کارگردان'),(711,219,278,'طراح نور'),(712,233,224,'بازیگر'),(713,222,272,'نویسنده'),(714,232,279,'بازیگر'),(715,216,282,'طراح گریم'),(716,214,224,'بازیگر'),(717,227,272,'بازیگر'),(718,211,276,'بازیگر'),(719,223,273,'کارگردان'),(720,230,278,'بازیگر'),(721,221,274,'بازیگر'),(722,220,224,'طراح نور'),(723,217,288,'لباس و دوخت'),(724,231,279,'کارگردان'),(725,239,283,'بازیگر'),(726,231,290,'لباس و دوخت'),(727,241,274,'بازیگر'),(728,233,273,'بازیگر'),(729,250,223,'لباس و دوخت'),(730,223,279,'بازیگر'),(731,245,290,'نویسنده'),(732,225,224,'بازیگر'),(733,233,275,'بازیگر'),(734,211,272,'بازیگر'),(735,237,275,'طراح نور'),(736,238,280,'بازیگر'),(737,236,277,'بازیگر'),(738,247,289,'بازیگر'),(739,221,273,'طراح گریم'),(740,246,283,'لباس و دوخت'),(741,231,286,'بازیگر'),(742,249,279,'لباس و دوخت'),(743,227,272,'نویسنده'),(744,231,273,'بازیگر'),(745,219,279,'بازیگر'),(746,238,277,'لباس و دوخت'),(747,227,280,'طراح گریم'),(748,229,276,'کارگردان'),(749,230,287,'نویسنده'),(750,220,290,'بازیگر'),(751,231,288,'بازیگر'),(752,226,290,'بازیگر'),(753,245,280,'بازیگر'),(754,215,290,'طراح گریم'),(755,211,285,'نویسنده'),(756,218,223,'بازیگر'),(757,250,290,'لباس و دوخت'),(758,223,276,'بازیگر'),(759,246,286,'بازیگر'),(760,247,277,'بازیگر'),(761,241,224,'بازیگر'),(762,247,223,'بازیگر'),(763,239,282,'بازیگر'),(764,232,279,'بازیگر'),(765,250,289,'لباس و دوخت'),(766,239,286,'کارگردان'),(767,218,271,'بازیگر'),(768,227,223,'بازیگر'),(769,241,274,'بازیگر'),(770,212,271,'بازیگر'),(771,248,277,'بازیگر'),(772,231,276,'بازیگر'),(773,225,280,'نویسنده'),(774,244,271,'لباس و دوخت'),(775,237,275,'لباس و دوخت'),(776,227,285,'بازیگر'),(777,239,289,'لباس و دوخت'),(778,217,284,'بازیگر'),(779,249,272,'بازیگر'),(780,235,285,'طراح گریم'),(781,216,224,'بازیگر'),(782,249,286,'طراح نور'),(783,244,274,'بازیگر'),(784,215,272,'نویسنده'),(785,247,281,'طراح نور'),(786,235,273,'بازیگر'),(787,222,271,'بازیگر'),(788,246,285,'بازیگر'),(789,220,280,'بازیگر'),(790,224,275,'بازیگر'),(791,213,281,'بازیگر'),(792,223,274,'بازیگر'),(793,240,289,'کارگردان'),(794,224,279,'بازیگر'),(795,215,279,'بازیگر'),(796,219,283,'طراح نور'),(797,249,272,'بازیگر'),(798,231,280,'لباس و دوخت'),(799,244,281,'کارگردان'),(800,222,276,'لباس و دوخت'),(801,217,223,'لباس و دوخت'),(802,229,276,'طراح گریم'),(803,223,287,'نویسنده'),(804,222,280,'بازیگر'),(805,235,282,'بازیگر'),(806,226,288,'نویسنده'),(807,242,275,'لباس و دوخت'),(808,223,290,'بازیگر'),(809,235,283,'بازیگر'),(810,218,273,'بازیگر'),(811,213,271,'بازیگر'),(812,247,224,'بازیگر'),(813,233,281,'لباس و دوخت'),(814,233,286,'بازیگر'),(815,214,280,'کارگردان'),(816,218,285,'بازیگر'),(817,224,286,'طراح گریم'),(818,230,288,'بازیگر'),(819,228,282,'لباس و دوخت'),(820,241,280,'بازیگر'),(821,216,289,'بازیگر'),(822,246,279,'بازیگر'),(823,212,287,'لباس و دوخت'),(824,238,287,'بازیگر'),(825,237,271,'طراح گریم'),(826,242,280,'بازیگر'),(827,218,278,'نویسنده'),(828,243,275,'بازیگر'),(829,222,280,'بازیگر'),(830,218,279,'نویسنده'),(831,224,224,'بازیگر'),(832,223,278,'بازیگر'),(833,242,283,'لباس و دوخت'),(834,232,224,'بازیگر'),(835,241,224,'کارگردان'),(836,230,281,'بازیگر'),(837,216,273,'لباس و دوخت'),(838,214,275,'طراح گریم'),(839,228,271,'بازیگر'),(840,242,278,'کارگردان'),(841,243,274,'بازیگر'),(842,214,223,'طراح گریم'),(843,215,275,'بازیگر'),(844,220,271,'طراح نور'),(845,225,284,'بازیگر'),(846,224,282,'بازیگر'),(847,214,224,'طراح نور'),(848,244,279,'نویسنده'),(849,233,288,'بازیگر'),(850,216,289,'بازیگر'),(853,251,225,'استاد'),(854,252,226,'برگزار کننده'),(855,253,311,'برگزار کننده'),(856,254,312,'برگزار کننده'),(857,255,313,'استاد'),(858,256,314,'استاد'),(859,257,315,'برگزار کننده'),(860,258,316,'استاد'),(861,259,317,'برگزار کننده'),(862,260,318,'برگزار کننده'),(863,261,319,'استاد'),(864,262,320,'استاد'),(865,263,229,'برگزار کننده'),(866,264,331,'برگزار کننده'),(867,265,332,'برگزار کننده'),(868,266,333,'برگزار کننده'),(869,267,229,'برگزار کننده'),(870,268,331,'برگزار کننده'),(871,269,332,'برگزار کننده'),(872,270,333,'برگزار کننده'),(873,263,227,'برگزار کننده'),(874,264,228,'هماهنگی'),(875,265,321,'هماهنگی'),(876,266,322,'هماهنگی'),(877,267,323,'هماهنگی'),(878,268,324,'برگزار کننده'),(879,269,325,'هماهنگی'),(880,270,326,'برگزار کننده'),(881,271,327,'برگزار کننده'),(882,272,328,'هماهنگی'),(883,273,329,'هماهنگی'),(884,274,330,'برگزار کننده');
/*!40000 ALTER TABLE `cast_occupation` ENABLE KEYS */;
UNLOCK TABLES;

--
-- Table structure for table `comment`
--

DROP TABLE IF EXISTS `comment`;
/*!40101 SET @saved_cs_client     = @@character_set_client */;
/*!50503 SET character_set_client = utf8mb4 */;
CREATE TABLE `comment` (
  `Comment_no` int NOT NULL AUTO_INCREMENT,
  `Username` varchar(30) DEFAULT NULL,
  `Event_ID` int DEFAULT NULL,
  `Date` date DEFAULT NULL,
  `Type` varchar(20) DEFAULT NULL,
  `Context` text,
  `Point` int DEFAULT NULL,
  PRIMARY KEY (`Comment_no`),
  KEY `Username` (`Username`),
  KEY `Event_ID` (`Event_ID`),
  CONSTRAINT `comment_ibfk_1` FOREIGN KEY (`Username`) REFERENCES `user_account` (`Username`),
  CONSTRAINT `comment_ibfk_2` FOREIGN KEY (`Event_ID`) REFERENCES `event` (`Event_ID`)
) ENGINE=InnoDB AUTO_INCREMENT=2502 DEFAULT CHARSET=utf8mb4 COLLATE=utf8mb4_0900_ai_ci;
/*!40101 SET character_set_client = @saved_cs_client */;

--
-- Dumping data for table `comment`
--

LOCK TABLES `comment` WRITE;
/*!40000 ALTER TABLE `comment` DISABLE KEYS */;
INSERT INTO `comment` VALUES (2002,'xkqlda5009',221,'2020-08-06','Dialog','بزودی خاک اقیانوس دقیق گرفتار سال سطح یادداشت. محصول دریافت اعشاری رشد شارژ شاید تقسیم. از قطعه لاستیک مقیاس خرید می‌خواهم برق.',1),(2003,'yzrsjk3540',221,'2023-12-20','Review','هر داغ لبه. وتر مشابه نگاه شامل خوب توسط. طلسم امن نزدیک مهارت.',1),(2004,'ebxvfr6196',227,'2020-10-21','Review','علامت تقسیم شهرستان روستای زمستان. اصلی گام کوه ضعیف زمان.',2),(2005,'flzkaw9592',222,'2022-03-02','Dialog','پرواز خطر کودک اینچ خاک پیش اب. شرکت مو شستشو دیگر.',2),(2006,'jfhzjj6458',216,'2022-04-21','Review','قطعه مردم بله یخ جوجه سریع دقیقه شن. درخت قدرت ساده رهبری شامل لباس. درست دارد سرگرم اواخر کارخانه نظر مرگ.',3),(2007,'bvqtfx2936',225,'2022-02-04','Review','فصل مثلث حال موفقیت صورت ساحل.',2),(2008,'qkswpt9280',230,'2024-01-28','Dialog','گربه دکتر شمال آسان مشغول رنگ. حیوانات ما روند رایگان سطح جاده چه.',2),(2009,'uecpxm5685',222,'2022-02-14','Review','بخش بیت هردو گوش چگونه داغ یخ. مایع پیش شنیده دریاچه جدول کاملا آسانسور مقایسه. کنید جمعیت نمودار شی.',4),(2010,'pkijwa9027',223,'2023-02-04','Review','سعی‌کنید رشد اتصال ورزش مناسب. پایان کوه قرن او.',3),(2011,'qiiuhx6782',214,'2021-11-30','Dialog','نمره نهایی آزمون معامله. مثال شارژ قادر برده درمیان شود.',3),(2012,'vfjbki1714',217,'2021-09-26','Dialog','خواهر حکومت لغزش برخی رول دیوار جعبه یا.',2),(2013,'jlmwvz5655',222,'2023-04-28','Review','بازی آتش بزرگ تیز شان ضربه. آرام می‌تواند ترک جز. ساخته را مهارت شکل جمعیت.',5),(2014,'klhmth9274',219,'2022-09-30','Review','ببینید لازم کارخانه توصیف پایه. گوشه نامه گوشه لباس البته. هر بهترین سقوط تیز.',4),(2015,'vjnacx6975',216,'2021-10-19','Review','جداگانه بسیار فولاد پا سیستم کشتن گروه. قطار آسانسور گاو. هزینه راه درب بلوک مجموعه قدیمی.',2),(2016,'qveknj3265',228,'2023-09-04','Review','نزدیک پاسخ راه در. خریداری بگو نماد زمین سرباز کارخانه. ساعت بین زمین. هشت افزایش اکسیژن.',4),(2017,'ezmsdn9555',221,'2020-08-07','Review','بود صنعت خود تر ببینید. انجام شیشه‌ای شب سوراخ.',3),(2018,'byclhw8465',227,'2022-01-13','Review','بینی پنجره دوره شن لازم انجام بعدی سرد. کوارت چمن سرمایه شاخه. گروه علامت نزدیک ملودی. عبور آورده اره شکار صورت خوب نمایندگی تمام.',1),(2019,'ujxdfj2269',220,'2023-06-10','Review','ترتیب پسر اطلاع اواخر جعبه. می‌خواهم رشته گرفتن قدرت مقایسه دقیقه می‌تواند.',1),(2020,'puxenl6683',219,'2023-04-20','Dialog','سریع نیم رشد اطلاع شارژ هزینه. نامه برنامه لاستیک درخت مثال اولین. شرایط روز منظور آسان.',1),(2021,'luegel1623',216,'2021-03-17','Dialog','مایل بخش صندلی عمل روز باغ بزرگ ذهن. بار حیاط که زندگی داستان جستجو حوزه ورق. فروشگاه مطبوعات محافظت پا ساعت دولت.',4),(2022,'wbdofz7481',229,'2022-06-07','Review','گام زبان علت همان دره ساعت دست. ما استخوان همان صنعت شاخه. ایده خاص سطح شرایط ماه آفتاب غالبا.',1),(2023,'ymwhvz2155',219,'2021-06-15','Dialog','شش پست نماد. وتر قادر یخ بخش.',3),(2024,'qbuedk1823',216,'2023-12-03','Dialog','قدرت پر ترک ساحل اشتباه. لباس قانون کفش آفتاب احتمالی شی مو.',2),(2025,'jnsxwy5264',230,'2022-07-06','Review','در‌صد سقوط مخلوط پرواز دریافت آزمون. قدیمی بسیار بهتر مبارزه چه. سرباز پوسته کشش در انجام. پیشنهاد بررسی توسعه چوب خواب برنامه.',2),(2026,'nyqhza4940',220,'2022-10-23','Dialog','آشپز همسایه هنر نگاه. تمیز مالیدن راه دور اوایل رقص.',2),(2027,'cthcej2181',224,'2022-09-23','Dialog','نقطه در مرده زیادی. است پرداخت رسیدن مدت حیاط زنده بهار بار. استراحت محصول خواهر جهان را ویژه بسیار. همچنین دولت تخت باد همان بزرگ بینی.',3),(2028,'bfnnqj1417',224,'2022-06-14','Dialog','اصلی شیر کافی محصول موضوع. برنامه راه رشد تعداد شب خط رهبری.',1),(2029,'ihkgdf1418',227,'2022-05-27','Review','شرایط مرگ پسوند آن کنید. ضخامت نمایش توپ انسانی. مشکل درایو کامل روش به انگشت کودک طناب.',2),(2030,'rsomlr7730',218,'2020-05-23','Dialog','هردو مورد علامت دوباره شعر. ادعا تیم دوستان تخت لبه تابستان مناسب. قانون بلند بیست نمره سنگ عمل می‌کند.',3),(2031,'ensfap4818',223,'2020-10-03','Review','عجله‌ای نزدیک نهایی بدن آزمون بزودی شیشه‌ای. کلاه گام جفت مبارزه در تن. فریاد روشن سرگرم ماده طناب.',3),(2032,'sliscu3040',221,'2021-01-13','Dialog','بوده زن مرگ حل برخی نان. صفحه نماد هشت. شش ماده دهان روند رویداد اعشاری.',2),(2033,'azsuwm2636',213,'2020-05-01','Dialog','حکم راهنمایی فروش نرده تجارت همیشه. دلیل داغ لازم زمین اجازه تر دارند. دربرابر افزایش عمل معروف لباس کوه جمعیت رنگ.',2),(2034,'wsvilo4586',212,'2021-01-14','Review','بررسی بله باید کافی. درست پنبه انجیر بوده.',4),(2035,'pwpbjz6101',227,'2021-06-15','Review','فرار رویا نگاه. کم آن برنامه عزیز. غرب پوشاندن من. قراردادن برنامه طبیعت همان شان گفت سبز.',4),(2036,'sxhbrc3478',223,'2020-10-19','Dialog','و صعود موتور خود هفته کودکان.',3),(2037,'byurye8008',222,'2022-03-09','Dialog','شانس ستاره بال حرکت ماشین برابر توقف. تابستان پادشاه خرید گام جوان. صعود در خواهر کم.',3),(2038,'olshum3364',221,'2021-01-19','Dialog','دنبال در انجام بالا غنی درخت. مو مورد کار ریشه راهنمایی.',3),(2039,'pwawft6118',215,'2020-08-22','Review','دانه مناسب هوا مناسب. نمایندگی صنعت بگو بینی احتمالی را همخوان.',3),(2040,'orgyeu9585',221,'2021-03-19','Dialog','فشار پنجره برادر ساخته عضویت. سمت خاکستری سخنرانی واقعی سقوط تغییر کودکان داغ.',1),(2041,'ghpzwg1734',212,'2022-11-04','Dialog','باز یادداشت علت نزدیک توافق.',3),(2042,'wmgntz9028',222,'2023-06-29','Dialog','شنبه درجه مربع منطقه کنند. درخشش عجله‌ای حرارت ابزار مناسب کامل.',4),(2043,'skqhfh9058',226,'2022-05-16','Review','معدن چشم پایان متفاوت بندر بقیه. سیب انجیر سه اره آموزش دریاچه.',1),(2044,'adanxb3217',227,'2021-12-20','Dialog','سیاره خود همه انجام پایان. لبه دکتر خدمت دریافت گرفتار ذرت ویژه. خانه جا شانس بپرسید راه خنده دست.',5),(2045,'ujxdfj2269',227,'2023-01-06','Review','تاریک خوراک بار نوع. خط خیابان آرزو بیشترین جداگانه بیشترین. ملاقات آهنگ شعر اتصال هوا جرم گفت امیدوارم. هر مطمئن و رو بازار بزرگ موتور.',5),(2046,'mrxecz6986',222,'2020-10-26','Review','شخصیت شش ایستادن تماس در برخی حرکت. رایگان ابزار شکست کار ملودی لاستیک. اشتباه بانک برابر پایان سفر نه محصول.',1),(2047,'gznbfo3067',215,'2023-07-21','Dialog','ما پنبه کودک در خریداری مالیدن.',4),(2048,'iwzyom5856',226,'2022-08-06','Dialog','کشور حرکت نور ملاقات دور تپه اشتباه نه. بحث رودخانه اینچ سخنرانی گوش فروش. متولد روش این جهان همان عرضه راه.',1),(2049,'tkuzpx2474',219,'2023-11-21','Review','ثابت شارژ جدول منطقه تفریق جنگ. فروش حلقه کل نفت سطح تجربه.',5),(2050,'wnsrrk8981',220,'2022-06-20','Dialog','انگشت حشرات لاستیک. رودخانه قدرت سیاره اجازه عنصر کتاب تیز. فریاد بعدی را تیز بزرگ خوشحالم.',1),(2051,'hyfsyb5520',213,'2022-08-12','Dialog','پا هر داغ تصویر تکرار. صبح اسلحه کپی کاملا. مو شانه اجازه ضخامت خرید ما رسیدن.',4),(2052,'wvmmjp9892',216,'2023-08-04','Review','عبارت مخلوط نیاز شرق همسر سگ ضربه. علم معین بزرگ بدن باصدا روشن آبی. زیادی انجام نه.',3),(2053,'jwzlca3343',220,'2021-11-23','Review','اردک آبی سهم بند بوده ساده. پایین می‌تواند محصول عادلانه انجام. دوستان چهار پایان هنوز بازی.',3),(2054,'qogptr6097',213,'2021-05-12','Review','قانون روشن آسانسور. بوده از اماده شخصیت اتومبیل. ساده شکل جنگ جمعیت سوم پهن. نمد قرمز دست خانه.',5),(2055,'qwxosd2833',216,'2021-03-25','Review','می‌گویند آموزش پست متوسط روز. که کلاس ظهر خواهر مزرعه.',2),(2056,'vjwzpk3059',222,'2020-03-05','Review','رکورد زبان همیشه. نوشت کوارت ستون وتر مو زرد. درخشش کشش نیم راهنمایی درخشش.',5),(2057,'ojmohm1729',228,'2023-08-29','Review','دو همسایه مقایسه عجله‌ای. خواب بزرگ استراحت لازم اقیانوس ارسال زبان پا.',5),(2058,'lsdgcl6994',226,'2022-07-25','Review','و شاخه بهار دست. درایو اره گسترش آن مستقیم کم.',2),(2059,'orturn1890',214,'2022-06-03','Review','طولانی مادر درمورد. معامله صحبت نمد توصیف فریاد شان کامیون جدید.',2),(2060,'pazkbn4738',226,'2020-02-23','Dialog','هیچ مشاهده ساده ساده. ادامه تجارت دندانها خاصیت مقاله مبارزه نرده. ابر سهم آمد دریاچه نشستن بسیار که.',5),(2061,'mtgvec3182',225,'2022-10-26','Review','ضعیف عمیق از اندازه فصل یخ خانم. آهنگ وجوددارد برنامه لوله.',1),(2062,'xddxnb9317',218,'2021-08-03','Review','ارسال صندلی رسیدن کمک. بررسی ساخت پسر هنوز حشرات سیم طبیعی.',1),(2063,'psqvtw1600',226,'2021-02-02','Review','کراوات نه انجام ترس شاد ترس. بزرگ برابر ضخامت داغ رقص مرده پرداخت آن‌ها. پر خدمت غالبا خوب کتاب شستشو اعشاری.',2),(2064,'ivpmon2979',217,'2023-08-11','Dialog','حلقه بالا متولد ایده پست بندر. درایو داغ خوب کار از خود غالبا.',1),(2065,'mmiktr5477',227,'2022-06-03','Review','درخشش فرم سهم رئیس در زیادی وزن لغزش. علامت صورت گرفتار هجاز. هجاز ممکن واقع نهایی دلار.',3),(2066,'cwcfuc8436',218,'2020-08-28','Dialog','دریا آسانسور حیاط تیم حرکت تعجب. شاد بادبان دفتر کودکان همسایه باد. مثلث بحث علم مغناطیس رشته.',2),(2067,'tkzlxo8365',226,'2020-05-13','Dialog','اکسیژن بالا کارخانه. درمیان قدرت سوار دقیقه اقامت من جریان.',2),(2068,'piwfcm9809',219,'2023-07-24','Review','آهنگ کودکان طبقه عبور بهار. بیشترین بلوک جمعیت هر. راه اجرا پرنده روز منطقه.',4),(2069,'jcifyw1972',216,'2020-05-21','Dialog','نه به ادامه کوه ماهی ابر اجازه ارائه. عزیز مطبوعات ملایم شب شکار عمیق.',5),(2070,'uppuyi9894',230,'2020-08-21','Dialog','قرار متولد قطار پنبه دور روند. ستون بسیار محصول بخش هیچ نوع بزودی. متوسط گاو قطعه بالا.',5),(2071,'zoccrf6109',224,'2022-02-03','Dialog','خط رشته بگو قرمز نامه. مشاهده دختر موضوع داغ. طولانی سفر مستعمره قاره کند دم صدای.',1),(2072,'rzdcad5374',219,'2023-07-23','Review','شنیده ساعت به توافق لبه کتاب چوب مطالعه. صورت پرواز روی کنید مسابقه است لاستیک.',4),(2073,'olnjqb1060',212,'2020-03-27','Dialog','ترس رشته باید عبور حل فقط رویا. سقوط لطفا راهنمایی جنگل بهترین.',1),(2074,'zvuilb9400',214,'2020-08-23','Review','شاید شارژ سیستم عمل نه ملایم من. ما زمین مناسب شش. اتصال که بالا کوچک ده کودک دامنه عادلانه. لغزش با فصل تاریک چربی ضرب دست شن.',2),(2075,'idhqbl6904',217,'2022-01-23','Dialog','آبی هردو است قانون اتومبیل. عبارت برای خط تنها صد این‌ها.',4),(2076,'cwygah9020',215,'2020-09-05','Review','زمین عرضه وجوددارد مناسب توقف. ده خط ارائه موسیقی شهرستان.',5),(2077,'idgull4789',229,'2020-10-21','Review','میوه نیاز که در حرکت مالیدن. کشتن بخش هنر نان مو. اکسیژن رکورد کلید گرفتن نمایندگی.',3),(2078,'hyxogs4939',229,'2020-10-14','Review','ماده آماده نمایندگی تفریق. محصول شی چگونه لوله باور گوشت.',1),(2079,'udgahj4289',217,'2023-06-02','Dialog','مزرعه از توپ می‌خواهم. دوباره دست کارخانه.',1),(2080,'mjputd7732',215,'2023-05-26','Review','چینی ساخته اسم ضربه اصلی معین واحد. ده گذشته معمول او سنگ خط قدرت. جنگل ماده هردو کشیدن. روشن صلیب رشد کنید.',2),(2081,'xfemyx7116',227,'2023-02-01','Dialog','تخت ویژه مشابه باد. خانه رایت را خانواده.',5),(2082,'qfuzlp9037',226,'2023-08-04','Dialog','امیدوارم انجیر روشن فروشگاه چمن انسانی هیچ. مخلوط رنگ کم ملودی. وتر زمین این کراوات خشم.',1),(2083,'ptwqvu3426',212,'2021-08-15','Review','صلیب ببینید راهنمایی هم مشابه لیست رودخانه بسیار. خود شما مشکل که جعبه متوسط.',2),(2084,'qupayl5221',228,'2021-06-05','Dialog','دست کافی قانون. نزدیک صندلی دم فریاد ارسال زمین زمستان ثابت.',2),(2085,'gnpdnp4103',226,'2022-12-14','Dialog','پاسخ آبی رویا مطرح درایو اصلی. چینی بزرگ دور احساس جزیره صلیب آسمان.',2),(2086,'cqnbxh5394',214,'2020-03-19','Dialog','دقیق یخ مادر دوره. راست دروغ پیش سیاره درب بزرگ اسلحه. برابر مغناطیس کوارت موتور زیبایی چه.',5),(2087,'bignah3867',227,'2020-11-23','Dialog','تغییر کار رشد مطبوعات. شکل جمع دولت دکتر رایگان آبی استراحت. جا به آسمان مردم مقاله آمد.',3),(2088,'csckll4460',223,'2023-06-19','Dialog','چوب جریان جمع عمل سگ. راهنمایی قطعه مرد دست یافت آسانسور بخش.',1),(2089,'dsohph5659',215,'2021-02-11','Dialog','سیب می‌دانم موسیقی سرگرم قدیمی. متوسط تمام تحمل بازی. کوه هفت اینجا خوراک.',4),(2090,'umtmuy2626',219,'2023-06-29','Review','مشترک ذرت شامل درخت خانه توسط. اب روشن خطر قرار کم مغناطیس. نه مزرعه سعی‌کنید.',2),(2091,'qqzpfb2795',221,'2021-07-06','Dialog','هوا کلمه جمعیت تقسیم رهبری بزرگ.',5),(2092,'xcdnnz2447',226,'2022-04-13','Review','بود بقیه کشش سنگ. شخصیت زندگی بندر تمیز انسانی لوله زمین. متولد نماد در‌نظر.',2),(2093,'etlwhz1865',212,'2024-02-09','Dialog','بالا بوی توسعه بهار. می‌خواهم کارشناس تمیز کوه لبه. نیاز پنبه روند بوده.',5),(2094,'jbbpko3019',222,'2023-08-15','Dialog','تحریک فرم حل شکار جمع بعدی بزرگ. کلمه قطار ابر لاستیک. خاموش خود قادر ترس در‌صد اینجا کوچک.',4),(2095,'cbdwup2815',230,'2023-12-01','Review','حوزه جستجو برنامه زمین. مرگ پایه استفاده هر خدمت نمد. کارخانه هیچ تپه دنبال. گفت رهبری دربرابر باد.',5),(2096,'quivgt1079',217,'2022-08-18','Dialog','مرکز شامل راه فرار. پنجره روی خواب احساس تماشای. حتی عرضه خون انتظار.',2),(2097,'faimmr3867',230,'2023-08-14','Review','جفت بیست باید علم ببینید فضا. مقاله داستان طبیعی زمستان گل از تخت.',2),(2098,'cnwgnc9288',214,'2021-10-13','Dialog','عادلانه روند غرب او موج تکرار سفید. بزودی ذرت پیش انسانی نمایش انجام لباس. نور امن کارخانه خرید اتومبیل رودخانه گاز. بخش حاضر حیوانات بخش عمیق.',1),(2099,'smwlzj9328',215,'2023-08-14','Dialog','شی جمعیت سیستم مطمئن.',1),(2100,'isvsnb8865',214,'2023-02-27','Dialog','راهنمایی شش شمار لباس. خوشحالم رایگان توقف ابر دیگر جداگانه. انجام گربه وجوددارد اصلی.',4),(2101,'bdepeu2621',214,'2021-11-22','Review','آشپز آرام دهان عزیز طول پا یک. دو وحشی زنگ خوردن مدت کفش. ازجمله اتم جهان بهتر مشکل توافق. پرنده طبقه البته جریان سنگ داغ نتیجه.',1),(2102,'crrims4318',230,'2020-07-15','Review','حرارت تعداد که جعبه. ملودی دندانها آبی دندانها. رادیو رادیو عزیز.',5),(2103,'najlmp5782',216,'2020-06-11','Review','کافی از شاید سطح. ویژه کت بوی کوچک جلو شن.',3),(2104,'gfbxln5302',226,'2022-07-20','Dialog','دور اصلی گرم ادعا. ترس کشور پوند عبارت مهارت.',5),(2105,'cwauff5238',214,'2023-11-08','Review','پوسته زبان مثلث پا مثلث. بزرگ رول منطقه نه بالابردن. اقامت رادیو شهرستان نه طبیعت کلید دره.',2),(2106,'aqetgy7261',218,'2021-12-07','Review','خفاش ستاره می‌گویند روند بودن. کلید طبقه آرزو لطفا مادر دکتر من نتیجه.',5),(2107,'fxegwg9975',223,'2023-02-01','Dialog','ماده بین ساعت موقعیت قدیمی. مانند ما نیم سطح.',1),(2108,'uecpxm5685',216,'2022-06-04','Review','تجربه آموزش سفر زمین که مراقبت. کلاس ارزش میلیون دریافت کاپیتان. بخش نفت اقیانوس فضا ایستگاه.',3),(2109,'gbyebe9897',222,'2023-08-23','Dialog','رودخانه طبقه سیاره سمت آخرین. موج بله مو دست بنابراین ارسال. کراوات بزرگ قادر هرچند نه یا سفر.',4),(2110,'wzyupv7536',212,'2024-01-01','Dialog','خدمت بالا چربی همه. تک فصل اتومبیل کارشناس قدرت خاکستری. راه ماهی استراحت ماده خود.',5),(2111,'azpbql6906',224,'2023-05-29','Dialog','تصویر بزرگ لاستیک بله این. ملاقات باز آن اصلی کتاب دندانها بالا.',3),(2112,'xekjit6307',228,'2023-09-04','Dialog','هر به‌عنوان شکار را. نامه مدرن صندلی نرم کم.',2),(2113,'cdzsgw5436',229,'2021-03-02','Dialog','ملودی سرباز همیشه. پاسخ ستون مورد آورده اساسی قانون قایق. سیاره او انجام برق شارژ در‌نزدیکی.',4),(2114,'lphfel1668',227,'2021-12-16','Review','اما کشیدن خوب. جریان زندگی اشتباه. اختراع بالا خطر برنده. شعر خنده شکل برادر.',3),(2115,'jdwwaf5075',212,'2021-11-12','Dialog','در فروشگاه طبقه روند قدیمی. بالا باد شنیده کل خوراک انتظار رهبری. رئیس مخلوط سنگ ایستادن. با سنگین سوراخ خاموش.',5),(2116,'qjuhtp6231',228,'2023-08-29','Review','بیشترین اسلحه سگ. سنگ اردوگاه یک اصلی کل.',4),(2117,'yavfoq4913',221,'2023-07-03','Dialog','حیوانات خانه مبارزه استفاده کار آشپز نان. مستقیم سفر چینی بخار تغییر. موج داغ صدا این گرفتن.',2),(2118,'ofidiv9947',216,'2021-08-10','Review','شکست طراحی هم این ما جستجو. میلیون اسلحه دو رنگ.',2),(2119,'rypwpw6184',230,'2021-12-08','Dialog','صورت واقعی مجموعه خدمت مستقیم ردیف اتاق. راه خط تازه مسابقه حلقه جنگل رشته. رشد حوزه جمعیت دشمن متولد مدرسه روشن.',5),(2120,'tzlvch4090',229,'2021-02-28','Review','روشن رنگ بازی اندازه بحث نه تپه. دریافت سریع هیچ احساس آن دایره اجازه. تنها اتصال کشور ردیف فصل نماد.',5),(2121,'pzexxl8855',213,'2020-10-31','Dialog','علت بلند پا سقوط. سال هیچ خاموش می‌توانید متوسط صحبت. گوش گوش در کار جوان کشور چرخ.',1),(2122,'mitpwl8377',218,'2022-08-27','Review','ساعت نگاه نماد شش زمین نه. دره تصویر نان فروش.',4),(2123,'ptauvk1125',222,'2022-01-03','Dialog','سوم رنگ توسعه کشور نازک. راه انسانی توقف می‌کند اکسیژن.',1),(2124,'roobsx9995',228,'2021-12-23','Review','افزایش جریان جمعیت قانون موتور علامت شرایط. هزار تماس سرمایه. قرار قانون سیستم بنابراین کوچک.',4),(2125,'hjdhzf8685',217,'2023-10-04','Dialog','شروع جستجو معامله گل کپی کار. یادداشت روستای بهار شخصیت تجربه خوب.',1),(2126,'whkvlf8516',217,'2022-08-06','Review','معدن توسعه می‌گویند ادامه باغ کم دختر. خانه بازدید غالبا چه درایو باد.',2),(2127,'nvvlmx3794',224,'2021-03-06','Dialog','ساخت برنده نفت قرمز دیوار توپ کارت ما. بخش شکست راست اختراع. فولاد پوسته سفر مثلث گفت.',4),(2128,'avrtsy1922',225,'2020-06-29','Review','ممکن می‌توانید کامل کم. فریاد رو همسر بین مرگ. دیگر سرباز این وزن.',2),(2129,'rvlerp9438',218,'2023-01-14','Review','جزیره سوال پدر خوراک. زمستان بزرگ تجربه در من آهنگ پوند. دیوار دارد زیبایی باز پایان مربع آفتاب.',2),(2130,'gxusvs7424',218,'2022-03-28','Dialog','عضو روز برابر آن بازار. ماه احساس استفاده اشتباه.',4),(2131,'wkbacy9198',215,'2020-05-10','Dialog','نقطه جمعیت فریاد ادامه. کتاب چهار عنصر مادر بد فلز حیاط.',5),(2132,'tolmom4531',214,'2023-09-29','Dialog','کار نتیجه وجوددارد طبیعی فلز درخت اجرا جمعیت. هزار که اتم خرید واقعی چند گروه نوشت. سنگ هجاز تر قطعه رول قوی.',5),(2133,'qwypxy8574',215,'2023-08-27','Dialog','تازه تجارت قبل جوجه حوزه رنگ ذخیره درایو. هیچ ماشین زمین مشترک علم می‌توانید حرارت فلز. اسلحه آشپز درمورد هر توسط می‌خواهم تجربه دوره.',4),(2134,'lecqie1892',218,'2021-11-13','Review','اجرا هواپیما خانه اهن ویژه علامت خانم مو. تر دو بخش.',4),(2135,'oqxxbx3205',213,'2020-02-22','Review','ساعت بادبان بزرگ پایان. حکومت رکورد خاصیت. فرم قهوه‌ای آهنگ.',1),(2136,'etlwhz1865',219,'2023-06-28','Review','کنید کوارت زن سنگ. مطرح طبقه محصول آن جلو ترتیب پاسخ.',5),(2137,'fqqjjw8343',228,'2023-02-08','Review','دوره قاره پوند بازی اتم ویژه بحث. دامنه پشتیبانی اصلی سه گاز هر حرکت. عرضه جمعیت کشش حیاط. ماهی ویژه تنها که.',1),(2138,'kwfsur1850',221,'2022-06-28','Review','ضربه پایین زنده کنند اوایل شب ضربه. متوسط هزار میلیون سریع تماس یا خوب کت. اندازه دلار کاملا دوباره سقوط گرم.',2),(2139,'uqmjrn6123',214,'2021-04-01','Review','کار دم زمین مالیدن می‌توانید ذهن آمده باز. اسلحه چند آبی کشتن.',4),(2140,'zyjcvl4512',229,'2021-11-25','Dialog','جرم مجموعه غالبا بالا حمل فشار. برده تاریک بخش ساحل وتر اطلاع. بحث در به‌عنوان ثابت.',4),(2141,'hdkayb3458',215,'2021-06-13','Review','لازم سرگرم اولین دولت. اصلی حرکت شب.',2),(2142,'gzoaqu7203',223,'2021-07-27','Dialog','دارد بگو آسان خریداری خون. ایده بعدی یا. شرایط قدیمی بند جمعیت حزب.',1),(2143,'dzdzmq8070',218,'2020-06-15','Review','فوری پنج نکن پنج. آسمان جستجو قاره. وتر در بسیار.',4),(2144,'xknytv8960',213,'2023-12-12','Dialog','مثال کراوات محصول ماه اضافه اما.',2),(2145,'hilesu3122',220,'2022-08-13','Review','جوجه مغناطیس گل فرد بالا یخ ستون برق. سرباز شنبه جمعیت قدرت جرم بلند سهم.',5),(2146,'cohjqt3505',221,'2020-06-12','Dialog','نهایی بهترین بودن جعبه جمع نقطه. قهوه‌ای پنج شستشو فکر چه سوم.',4),(2147,'idolga1813',227,'2021-12-01','Dialog','مقایسه هزینه ویژه چوب علم را. دوباره طلا مانند ایده روش نوشابه.',3),(2148,'lhfcdv6662',215,'2020-05-17','Dialog','ذهن تکرار بخش کشیدن لطفا نامه کم. اساسی سطح بینی. انتظار پاسخ تابستان بررسی.',5),(2149,'cyqbif2666',217,'2020-11-12','Dialog','ساعت بررسی پوند نوع حل مدرسه او دروغ. پدر صبح پوند بخش.',3),(2150,'iacxfq8593',230,'2022-01-20','Review','درخت شعر تفریق بنابراین طلا تجارت جنگ. حلقه ویژه خاموش انجام.',4),(2151,'yeggoe5140',229,'2023-11-02','Review','باید ایستادن سن نکن. رایت دایره شهر دشوار توسعه شان آن. کامل لغزش گذشته مطرح یا شیشه‌ای.',2),(2152,'umtmuy2626',230,'2022-07-30','Dialog','عمیق جداگانه زور در کلاه باید. دولت بالابردن ساعت داغ هر هنر.',5),(2153,'qpsehd7206',230,'2022-05-06','Review','ماه خانواده فعل وتر شانس مشکل. قهوه‌ای ساده مرد.',3),(2154,'znykqd6662',229,'2022-08-30','Dialog','واکه تصویر دانه.',5),(2155,'oqxxbx3205',228,'2023-03-20','Dialog','شرق لغزش تاریخ نان. من زندگی کارشناس خنده. ثابت یادگیری می‌گویند علم تفریق.',5),(2156,'rchpws3480',222,'2020-06-28','Dialog','را نفت که مقایسه دکتر.',3),(2157,'cdyycu7390',217,'2022-11-30','Dialog','درایو شمال بود. آن شروع تنها ببینید کودکان قرن. نامه پست بخش مرکز.',3),(2158,'fwcbse9105',226,'2022-06-25','Review','آهنگ خریداری نقطه شمار صلیب غرب نوع. زرد بیست بینی زنگ بالا وزن نماد. ایستگاه کاملا حرارت حاضر کودک.',2),(2159,'tkcnuu8202',229,'2021-04-11','Review','تجربه بازار وجوددارد نمودار زیبایی. معامله نهایی اواخر برای اما کارت. بعدی معروف خاص ماه.',1),(2160,'rmahkp7472',221,'2022-08-11','Dialog','ماه کلمه فروشگاه عجله‌ای اتومبیل.',1),(2161,'nxrnps2465',230,'2021-05-28','Review','شکار برای رفته ماهی محصول. کنترل طبیعی کتاب پدر.',4),(2162,'sxveru6894',228,'2022-02-25','Dialog','توقف از هیچ بخش. گوش کوه واحد حرارت این‌ها ترک صندلی. اکسیژن کنید نوشت خواهر کار علت بانک کودکان. به‌عنوان ادعا ده که معدن کلید رفته چه.',4),(2163,'tdqfzx1260',222,'2023-05-28','Dialog','کشش انجام ریشه مخلوط بزرگ همچنین واقعی. ساحل بالا اتم گوش بپرسید مو.',2),(2164,'iccgix3442',224,'2022-11-06','Review','دیگر سخت نهایی نور احتمالی.',5),(2165,'egxvqh4760',227,'2023-01-22','Dialog','واقع خانواده شعر صندلی او. چهار نور زمان استخوان معمول خاک میلیون. جلو بالا گرم ورزش کمی کوارت آموزش. تیم ایستادن تعداد موقعیت سفر بد.',1),(2166,'xrghqi7613',228,'2022-12-07','Dialog','در صعود او مرده خدمت. رهبری کمک نمایش فلز. فرار تک ساعت تخت سرعت داغ خانه.',2),(2167,'aaexul3901',224,'2022-05-01','Dialog','شکل بیابان مرد درجه چربی زور. جدول افزایش متولد بازار کشتی شارژ واکه. سال قاره مو.',4),(2168,'wkbacy9198',213,'2021-05-10','Dialog','محافظت دولت یادگیری ملاقات کاپیتان. صندلی اساسی واحد ماهی کمترین واکه طلسم.',1),(2169,'bsyyzc3013',228,'2023-08-04','Dialog','می‌تواند نه تابستان باید به‌عنوان غالبا. مشابه نزدیک بین اگر. تکرار اثر تعداد نامه خانه فروشگاه مقایسه.',2),(2170,'weddld4393',226,'2022-09-02','Review','جلو صندلی بزرگ بزرگ ایستادن وحشی.',2),(2171,'kwfsls3987',230,'2020-10-14','Review','می‌خواهم رکورد تن را شکل. انگشت شمال شکست خریداری نه افزایش آموزش. اصلی دلار گوشت معمول شمال می‌تواند اتم.',4),(2172,'albmgt7293',225,'2022-08-13','Review','آزمون یافت هر درب معامله دم نیم. لطفا یادداشت امیدوارم درب بازی بازدید آمده باصدا. برف نوشت همان.',5),(2173,'aesvfl9713',230,'2020-11-19','Review','تک لبه کمی خنده نظر. شکار سقوط سنگ چه رنگ واقعی بال.',4),(2174,'eykrsh6231',222,'2022-12-23','Review','نقره‌ای فولاد اصلی وتر قبل. حتی زمان دست بخش کت البته. توقف راه اماده هنر هر موضوع.',4),(2175,'iwivil9903',226,'2021-12-25','Review','قایق صعود اجرا خاصیت صنعت پوشش مغناطیس. نمودار بازی خشک ماده محصول انجام. آموزش معدن زمین بندر آسانسور برای ما کوچک.',5),(2176,'ubrscl5810',214,'2023-10-19','Dialog','بحث برای خوب را. برنامه آموزش شرکت متولد بالا تجربه درخشش. نمک طبقه وتر باید خنده بدن تجارت کشش.',4),(2177,'wafcpj8901',220,'2023-03-17','Review','رودخانه مرگ تعداد. ببینید مقاله رشته کامل قلب جریان. بالا این‌ها پرواز.',5),(2178,'cgvdwn8855',229,'2022-10-03','Dialog','مشابه ادعا توافق تن پدر.',2),(2179,'zoszyt7882',219,'2022-03-04','Review','فروش اره ارزش زور بگو. هنوز کنند در سخت تپه طولانی من نفت.',4),(2180,'huxmxa5871',223,'2022-06-18','Review','خنده سنگ موقعیت واقع صنعت واکه. منظور باید شن هیچ البته اینچ. فرم نوشتن باور.',3),(2181,'mfmmci8303',220,'2020-11-08','Dialog','غنی ورزش او طناب شب دریافت دشوار. باران رویا اندازه مستقیم.',4),(2182,'vwkrwj4210',229,'2020-07-28','Dialog','دور چوب آن‌ها. دنبال شخصیت دوستان.',2),(2183,'woalbi4170',228,'2020-12-17','Dialog','با تعیین شمال خانه آسان انرژی.',3),(2184,'nwbzcm1467',218,'2023-09-12','Dialog','میلیون اردوگاه مسابقه آرزو کشیدن هشت بازدید. بخار بگو ساحل خوب کراوات.',1),(2185,'elfpbz2331',215,'2022-08-31','Dialog','پرتاب بدن دختر معمول کشش. نقطه کلمه اگر جز. احتمالی باران دریافت ایجاد بلوک کم.',2),(2186,'ovlvfs9109',215,'2020-06-27','Dialog','مهارت ضخامت حیوانات ترتیب. درخشش عادلانه ویژه باز برش.',1),(2187,'ujkqgi5248',225,'2020-04-24','Review','مناسب سنگین زندگی مشابه دو نتیجه. عمل در‌صد عمیق. از کامل شرکت سریع خاموش. ویژه ترس احساس عرضه.',1),(2188,'kmtkls5998',224,'2021-12-22','Review','شکل برق کنترل خط. جمعیت استراحت تماس رایگان زمین باز اکسیژن. جاده مرگ اهن مایل گروه چشم.',3),(2189,'wlrefk1801',221,'2023-06-05','Review','را هشت طلا نمودار گسترش.',2),(2190,'zbbzge8898',226,'2023-07-17','Dialog','هر نان شستشو کوتاه نشستن ما ماده. چینی در‌صد طبیعی واکه پیش صدای استفاده.',3),(2191,'dwcger6799',220,'2023-01-17','Dialog','تخت کشش خوب اکسیژن منطقه تابستان اسم دور. موضوع میوه بسیار سرد زن بپرسید کارخانه.',1),(2192,'gvwkre4322',219,'2022-01-04','Dialog','نقطه پرنده ظهر وحشی برده درمورد. کل پهن اشتباه.',5),(2193,'brmbtq4145',215,'2022-04-14','Review','سوم ذخیره روش مورد کراوات. صدا پرتاب دنبال جمعیت گرفتن جنوب درست.',1),(2194,'zpouoq3447',230,'2021-01-31','Review','هیچ چگونه کودک دیگر. طلسم اتاق وحشی فروشگاه. دلار عبور نمک نرده. نمودار رشد شاد خاموش دو.',3),(2195,'tlzjxy8879',225,'2023-04-12','Dialog','جفت ماده احساس دنبال بیت اواخر. ابزار قهوه‌ای باران.',3),(2196,'ezmsdn9555',215,'2021-12-06','Review','اردک شنا برابر دور زیبایی نه موضوع. خفاش بودن تحمل. حکومت پایین بحث موتور افزایش بخش شاخه.',4),(2197,'xjpore7081',219,'2022-06-12','Review','هواپیما درمیان منظور نه. مثلث دور کافی وجوددارد. ادعا دارند تخت نمایش بوده واکه دهان.',2),(2198,'yrusqo9172',227,'2020-10-23','Dialog','سوال شن او صعود عمل. قدرت اثر تا خانه پرداخت مرگ مورد. سوم بندر از پوشاندن پشتیبانی مستقیم دور.',1),(2199,'gttwbn3707',225,'2022-03-24','Review','پایین اما مشترک جمعیت. جلو که حرارت.',5),(2200,'azpbql6906',222,'2021-06-12','Dialog','خود هجاز مورد نقطه دست. گرفتن توافق ساده می‌کند را بوی درمورد.',1),(2201,'vwkrwj4210',225,'2022-11-27','Dialog','این‌ها را یخ معروف معدن. قایق توسط خوب هر برش کشش کلمه.',5),(2202,'uyejhz9252',218,'2021-07-17','Review','تنها موضوع خانواده گاز چینی. خیابان طلسم نوشت آبی ممکن عضو.',3),(2203,'tkzvyc4373',212,'2023-09-16','Review','نگاه ابزار خوبی. مشکل فقط تر. متفاوت مجموعه تشکر ماهی. بند نامه پایین امن طلا کامل شما.',4),(2204,'zdjebe7761',213,'2022-05-29','Dialog','بیت اجرا فرد بند ازجمله خوردن. اعشاری کمک جوان ارائه برف مادر دنبال بزرگ. اواخر اجرا درایو سخنرانی به بلوک ترس نوشابه.',2),(2205,'oceool3320',224,'2020-10-29','Dialog','یادداشت ملاقات اسم کت. نفت توصیف بخش جهان اسلحه این. جا باز پا فروشگاه واکه بانک گسترده.',2),(2206,'qviell3462',228,'2024-01-21','Review','خواب چند آفتاب هرچند جلو نیاز. تماشای قانون لحظه‌ای چربی ذخیره آموزش درایو. نقطه سنگ نوع درمیان کامل صورت.',4),(2207,'ockrnh8789',215,'2022-01-21','Dialog','موقعیت اماده خریداری تماس تعجب گفت. خیابان کوارت قادر محصول جلو اتم. کوه کلاه حیاط بازی پایه اختراع چرخ.',4),(2208,'ltswdb7637',222,'2021-03-01','Dialog','هجاز به حرارت نیم سطح. وتر حیاط سقوط صفحه.',1),(2209,'hrcvuo1636',230,'2022-02-15','Review','اسلحه لذت کم. مستعمره عادلانه عزیز جهان بیشترین کوچک تر.',3),(2210,'ejdanf6213',228,'2023-05-26','Review','طلسم زبان رادیو شارژ پنجره شاد. دیگر بندر جنوب محصول شکل. زمین زنگ آفتاب.',4),(2211,'pnhmjr7434',228,'2020-03-26','Dialog','موقعیت اصلی سریع صلیب. طبیعی حرکت یک قند رنگ. پسر صبح هجاز فروشگاه فروشگاه.',3),(2212,'acacwy3827',215,'2020-07-06','Review','موتور استراحت شعر متفاوت ازجمله خانواده تماس. تقسیم گوش خطر متفاوت. من شنبه حشرات بسیار بهتر.',1),(2213,'qhurrj4562',213,'2024-01-05','Dialog','غنی کامل شکست آهنگ روشن فکر.',2),(2214,'ljttto3263',222,'2023-03-23','Review','تقسیم دارد داستان. اقیانوس شن گفت کتاب نه شامل. سوراخ رشد کار مانند قطعه طبیعت نماد.',2),(2215,'ojpgxv5317',226,'2021-11-01','Review','فریاد سفر نفت کت وحشی شاخه. علامت دو اتم نفت تجارت می‌کند رویا. برف مو سبز سال سطح. قایق صعود حیاط موج ترتیب فرد او جوجه.',1),(2216,'luegel1623',221,'2024-01-24','Dialog','تصویر خنده گوشت. درست سبز نمایش سرعت.',1),(2217,'vtaxjl9998',220,'2020-12-30','Dialog','رایگان شامل کلاس قانون خیابان جعبه بررسی. هرچند دنبال بازی جوان زور در‌صد. هر مو پایان جریان جمعیت خانه ساخته.',1),(2218,'tpmonm1730',225,'2023-12-25','Review','پایان تاریخ شن نظر. خواهد‌شد خود طبیعی بسیار سگ گربه خاصیت پوشش.',1),(2219,'olifwe9777',213,'2020-03-19','Dialog','صبر افزایش انسانی آسمان مایل غالبا. کامیون بار کارخانه شعر دارد نوع همسایه ویژه. نکن منطقه ازجمله طراحی اجرا کوچک باد.',4),(2220,'zjtrpu7113',225,'2023-02-09','Dialog','شروع اسلحه شروع بدن مدرن صبر. کلاس انجام قراردادن مرگ رقص طبیعت خود. وزن جرم مربع بله خاصیت. اواخر اماده توسعه دقیقه.',5),(2221,'ycnzxo7897',216,'2022-06-20','Review','تجربه دور کلاس شروع دلار مستقیم داستان. قلب تصویر بازی ترس عضو بیت بینی. اقیانوس ترس طناب.',5),(2222,'enqhll5775',229,'2020-10-14','Dialog','سنگ اصلی گوشه گوشه کودکان نیم. خاکستری مسابقه بزرگ دختر خواهر قایق.',1),(2223,'ybpdop5192',217,'2021-12-26','Review','که جریان شکار همه توسعه گرم خوب زمستان. پوند تیز نوشت بهتر یادداشت پایان تیم.',3),(2224,'xbcfnl7313',227,'2021-10-31','Review','فرم بهار مرده نمد. جنگ دو که حیوانات حال دهان ادعا معامله. کار خوردن ضربه تحمل.',2),(2225,'kifpzs7393',220,'2022-05-25','Review','راهنمایی فعل جمع برای ارائه پایین رویداد. چگونه متفاوت طبقه رسیدن هر خوبی. چشم کوارت مستقیم مطالعه.',1),(2226,'tfhbkr5050',224,'2023-01-06','Dialog','قلب فکر ممکن پسر نقشه. حلقه سریع مطالعه چگونه حرکت.',2),(2227,'gaobbe2686',225,'2023-06-03','Review','هیچ خوب ثابت آفتاب دهان اردوگاه حمل. احتمالی بیت فصل ابزار. ادعا بسیار ساحل مناسب آن‌ها علامت آرام خدمت.',5),(2228,'kyfxmh1483',218,'2022-04-09','Review','نرده خدمت خود جنگ باید بیست ترس پنجره. کامیون مالیدن پادشاه زمین مشترک بسیار انجام. آرام بسیار مغناطیس خدمت باید درخت استفاده.',1),(2229,'lpazuu1595',216,'2021-02-28','Review','غالبا گفت: خواهر شمار ورق. طبقه بخش شیر همچنین داغ نیم فلز.',4),(2230,'gqfgza1694',212,'2021-12-18','Review','جستجو گام تر سن شانه مدت. زبان سرمایه قبل قدیمی.',4),(2231,'rgmxyj6856',215,'2022-03-12','Dialog','اره کوچک حمل سرد. غالبا تنها بلند هفت اصلی رئیس. تن فعل تمیز مشترک.',3),(2232,'piwfcm9809',224,'2022-04-14','Review','گرفتن در‌نظر دیگر هزار.',1),(2233,'gaobbe2686',221,'2022-08-18','Dialog','نوشت استخوان باید علامت مدت گرفتن.',2),(2234,'jiarsc7261',217,'2023-11-26','Dialog','شاید هیچ برنده متولد مسابقه مدرن. رفت موقعیت جدول شخصیت بله راست مشاهده. کلاه پرداخت انجام دانه.',5),(2235,'oglzur7227',218,'2021-09-02','Review','سوار تجارت صدا اسلحه ذخیره رول. ویژه ما اجرا مرده. نمایندگی خدمت مورد.',4),(2236,'vlibxi8430',218,'2023-03-20','Review','همسر شکست سفر چوب. ساعت پیشنهاد دور هر ارسال. فرار یخ مراقبت انجیر.',3),(2237,'umcmto9997',217,'2022-09-02','Review','فریاد خاموش صندلی لباس. بسیار مرگ سریع طبیعی.',2),(2238,'quivgt1079',219,'2023-08-18','Dialog','مردم می‌گویند ساده ساخت مستعمره بسیار زندگی کتاب. قبل نکن افزایش آرزو رشد آماده پاسخ.',1),(2239,'kjgdch1748',225,'2020-09-10','Dialog','داستان بین پست از ساحل روز بسیار. تیز می‌کند اولین به.',5),(2240,'owupsb7485',230,'2021-10-20','Dialog','کامیون نزدیک علاقه زمین دیگر رفت لیست. می‌گویند رسیدن مستعمره هفت اتومبیل حزب نرده.',4),(2241,'acacwy3827',215,'2022-05-17','Dialog','راه قاره خاصیت سیم. اقیانوس سیاره شکار پنجره مانند معمول شرق. شارژ می‌کند سریع نهایی.',1),(2242,'rvmdup1872',220,'2022-04-16','Review','ستاره تاریخ بد حیوانات اجازه مردم نماد. پادشاه به‌عنوان سفر اسب دشوار تیم بخش.',2),(2243,'mjyuuv6033',214,'2022-05-28','Review','چینی من علت خانواده زمین بلوک. می‌خواهم تفریق دارد خفاش بازی.',5),(2244,'dmikbu6532',226,'2022-10-12','Dialog','مردها اردوگاه جعبه بند فروشگاه کامل. گاو خاکستری استخوان صبح تپه.',3),(2245,'vzpiwd2221',230,'2022-06-07','Review','شهرستان حال کاپیتان رنگ. هزار مثال مبارزه عنوان. درست فریاد داستان شاخه کامل از صورت.',4),(2246,'jcyjjv8755',215,'2024-01-17','Review','نمایندگی عنوان دشمن تپه. بزرگ خیابان افزایش صعود ادامه تقسیم تعیین.',4),(2247,'juczxi9474',216,'2023-03-12','Dialog','ردیف راهنمایی استخوان گوشه خطر. سوراخ باید تر در پول جمعیت قایق. لیست تک باهم بود پیش.',3),(2248,'swyejx2395',228,'2023-12-12','Review','مربع که گفت: مطرح باز. شاد صلیب شب انجام رسیدن می‌تواند می‌گویند. که پادشاه بسیار انجام.',4),(2249,'uuurjl4729',230,'2021-03-06','Review','ساحل باصدا نوشتن کلمه بود برخی دست. پایه توقف پنجره آرام پست.',2),(2250,'eckbmm1364',220,'2023-05-25','Review','صعود اب اجرا منظور اردوگاه آسمان ساحل. امن ورق می‌کند آزمون. بلوک واقعی روستای هم باید میلیون.',1),(2251,'dszqzb6497',228,'2022-03-22','Review','ماهی سوراخ تمیز کتاب دقیقه.',1),(2252,'qehfaf2187',222,'2020-10-15','Dialog','نور دوباره احساس. عمومی دم اتم گام دقیقه رو شارژ. گردن آن بررسی.',2),(2253,'elvhdk7550',215,'2023-02-02','Dialog','کوتاه صدا تاریک اردک زنان نمره مقیاس. مغناطیس تخت می‌خواهم داغ قراردادن. گرم ارسال ساخت.',4),(2254,'hnnjjg7487',225,'2022-03-14','Review','چینی سفر بهترین لازم عنصر کودکان. رادیو خانه محصول بخش شکار. شعر شب هنوز.',1),(2255,'yjmqdi9828',224,'2023-03-30','Dialog','شنبه برابر زمستان هفته آزمون. با گرم تاریخ توقف رایت نامه در.',5),(2256,'ovlvfs9109',217,'2023-09-07','Dialog','پیش شرایط هفته دوم ساعت هنوز کار. متوسط بدن تجربه پادشاه این‌ها.',5),(2257,'iqsqij8882',212,'2021-09-12','Dialog','تا دنبال کنید هنر مشغول ساخته ایجاد ملودی. پنجره صورت جریان می‌دانم. دامنه ما بپرسید گوشت.',2),(2258,'rxyeiu6388',216,'2022-03-23','Dialog','تخت عمل مرکز دو طلا سرگرم تخت. اصلی شمال مرگ سرگرم.',1),(2259,'znykqd6662',220,'2020-08-11','Review','نفت سفر اختراع نیروی بازار همیشه.',5),(2260,'buyamu6471',215,'2020-12-20','Dialog','کودک گفت درخشش اهن توقف از سریع. دندانها کت آمد مجموعه بقیه. نمایندگی بالابردن حیوانات خوشحالم.',4),(2261,'nkyyxi1399',217,'2023-02-02','Dialog','مزرعه زنگ ذهن. شاید محصول فصل جریان ابر جستجو نیاز چه. علامت پدر برنامه که.',2),(2262,'pnhmjr7434',217,'2023-03-26','Review','درخت کشتی نزدیک بالابردن محصول بله صبر. وحشی موضوع دنبال هرچند تغییر محصول افزایش.',2),(2263,'gijglx5416',216,'2020-03-27','Review','باید بخش سیستم برابر مایع صلیب دشمن. غالبا جعبه شهر بیشترین را دریاچه. معدن مطالعه تنها رول.',3),(2264,'vsgane8854',228,'2020-10-25','Review','هر چند برای پر محافظت باور راهنمایی. لغزش گوش رشد.',3),(2265,'yjfqtw6825',221,'2021-03-29','Dialog','چینی بیت زمان واقع. همسایه اشتباه قراردادن لطفا خانه ردیف شنیده.',5),(2266,'hurxau5712',217,'2020-10-25','Dialog','خواهد‌شد بالا بعدی راهنمایی اردک ابزار. نرم شرایط کلاس رشته تجربه کافی. تشکر پیش فرد انگشت جدید ازجمله خنده.',1),(2267,'smfewo8413',212,'2023-02-16','Dialog','گل به شکل سفید صعود انرژی.',3),(2268,'ndurqo3325',217,'2020-07-28','Dialog','آمده نقطه خود پاسخ مرد. آهنگ واکه شنبه من قند. عنصر مرگ می‌تواند دقیق. من کشش بخش ملودی مناسب دانه مبارزه کمی.',1),(2269,'qoahts8573',226,'2020-10-02','Review','شاید مطبوعات انجام جز نازک بخش ماده ابزار. همیشه پدر پدر. تصویر بخش لباس عمل.',1),(2270,'ecljkv5683',223,'2021-03-01','Review','سمت اسب خاصیت شمال لغزش واکه رایگان. رشد عمیق طبیعی هنوز چگونه نمک. شکل سیم از آمد دست مستقیم.',5),(2271,'twgxcr3822',218,'2020-08-02','Review','بین طبیعی استفاده چهار.',3),(2272,'fvkeew2345',229,'2022-06-26','Review','بگو ضرب رایت لوله. بسیار منطقه استخوان سفر باید سطح. واحد بحث استفاده. مرده هردو روند نرده تر سرباز.',3),(2273,'wxpqph3545',213,'2023-04-07','Dialog','مرگ نور خاکستری انسانی شکل محافظت سفر. تخت درب همه فولاد شروع فرم فروشگاه. کمترین می‌گویند ماه سبز مردها مقایسه لوله.',2),(2274,'luizcn2574',214,'2020-11-02','Review','نمد موضوع شکست قهوه‌ای قوی گربه عادلانه پایین.',2),(2275,'lvuqzl1851',230,'2023-03-06','Dialog','وجوددارد صعود گفت: سوراخ زنده گاز اسب ما. در نه طول شستشو مستقیم بیابان ترتیب. سریع بزودی آسمان پایین بازی.',4),(2276,'nnqqqn1813',213,'2021-02-27','Dialog','همچنین زنان انرژی تماشای. حاضر ملودی محصول تر سه.',1),(2277,'ryxylb7929',212,'2021-04-26','Dialog','غالبا واقع هیچ ملایم لبخند. حمل سعی‌کنید نیاز پر.',1),(2278,'pfrfdc5656',221,'2021-09-23','Review','نوشت سرمایه پایین دنبال. اسب زمین پایین پرواز فعل پا روش. هوا نمره دره قدرت ساحل معدن.',2),(2279,'lyxzxy5567',212,'2022-01-12','Review','ذخیره مرکز کشور دور مایل خرید. بود بله داغ که نازک شرکت کوه ساعت.',4),(2280,'mqkqwa4322',216,'2023-10-08','Dialog','حرکت جریان کارت هم اقامت. پوسته بادبان لباس گوشه حل.',4),(2281,'iccgix3442',224,'2023-11-18','Dialog','نزدیک لوله همیشه نشستن کارت. ماه خواهر روی را فریاد.',3),(2282,'csakbj1224',226,'2020-11-25','Review','بیست از حیوانات ذخیره هوا شهر دربرابر خون. مثلث شکار همه اثر.',1),(2283,'rhqdxn5377',219,'2023-12-20','Review','بله شخصیت اره ستاره کشتن صدا احساس. دیوار بعدی آهنگ جنگ مثلث تمیز.',3),(2284,'hilesu3122',213,'2022-05-13','Dialog','مراقبت شرق سوال سوال بسیار همه. کنید خاموش خواهد‌شد پرتاب. نقره‌ای هیچ منظور شنبه در‌نظر. حزب کافی نقطه.',1),(2285,'tibwtk2954',214,'2021-08-13','Review','قانون تعجب مشترک تک برای. خوردن ساحل آهنگ گردن مطرح. روشن آسان را شکل فضا جریان.',4),(2286,'gfjryo1405',221,'2023-07-31','Dialog','سنگ کلمه گوش در علامت شعر احساس. دشوار طبیعت یادداشت دوباره شیر فریاد.',4),(2287,'geivef4237',228,'2021-12-10','Dialog','جریان بازدید کوچک فریاد وحشی روی. ستون رکورد کار شهر پاسخ. سرمایه بال دو در‌نزدیکی بعدی بالا.',5),(2288,'vshxod8929',218,'2022-08-27','Dialog','مردم چوب تشکر سنگین بازی قهوه‌ای دریافت. ریشه دندانها واقعی مشترک.',5),(2289,'hilesu3122',218,'2022-03-17','Review','لباس کوچک دروغ. واحد پسر ارسال بسیار. پرواز در سقوط حرکت زنگ.',5),(2290,'mwsgny5189',216,'2023-06-30','Review','خاصیت توسط اب عبور او خاصیت روز حیاط. زمین مشکل فرم خود. به روش ماشین اولین راست اجازه حرکت می‌توانید.',1),(2291,'qawtwu6066',228,'2023-09-21','Review','دم رشته تحمل جعبه تجربه. زمین دروغ سوراخ سر خواهد‌شد کم.',4),(2292,'hjfeod4098',219,'2021-04-26','Dialog','من خرید دقیق تیم پشتیبانی ساحل. تاریخ پست زندگی.',4),(2293,'utpilq3240',217,'2022-09-03','Review','رویداد خاک آه آسان. ساعت بینی در‌صد حل. ما مناسب سبز سر عبور درجه پرواز.',1),(2294,'lymdzh6516',222,'2023-01-20','Review','شهرستان آفتاب ایده اسلحه صلیب صبر. طبیعت قانون بزرگ اواخر چربی نهایی اجرا. هیچ اهن حرکت نمد پوند.',3),(2295,'vkdudr6861',219,'2023-09-27','Dialog','ضرب اولین ساحل آبی درخشش ضعیف سیب. سنگ ارزش اتومبیل سخت صعود. حمل نیاز پایین ظهر بندر.',2),(2296,'zcrqan1766',221,'2020-10-14','Dialog','کوه جنوب پوشاندن اصلی قدرت کنید. عنصر طبیعی کم مرگ برنده.',3),(2297,'cauhhw7648',217,'2020-03-22','Dialog','گسترش متفاوت بزرگ کشور اواخر نماد ملاقات به. اصلی صندلی صحبت مدرسه فشار. زمین دربرابر حمل غالبا عمومی.',2),(2298,'ddpemf7484',229,'2023-02-23','Review','تمیز کشور ماشین جمعیت شهرستان مهارت رادیو.',5),(2299,'pfrfdc5656',213,'2021-02-03','Review','طبیعت بخش شهر متوسط وحشی رهبری من مالیدن. علاقه آشپز راه خود طبقه که. امیدوارم شانس حیوانات کوچک ایستگاه.',3),(2300,'iwzyom5856',224,'2021-10-14','Review','رایگان قراردادن بازی خانه آورده اصلی صدای بار. معمول کوه جوان دکتر کوچک. برادر رایت تعجب درب دوره دور وزن.',3),(2301,'ftphve9401',220,'2023-04-07','Review','راست معامله قوی دقیقه بپرسید. باور شمار افزایش رنگ مهارت. ادامه بلوک ثابت.',1),(2302,'kyfxmh1483',230,'2022-12-07','Review','فرد مستقیم که. پسر محل بازار.',1),(2303,'smfewo8413',219,'2023-12-29','Dialog','خط مرده راهنمایی سنگ ماشین غنی سیم. خرید آموزش نمایش بینی ما. بگو کودک قهوه‌ای اضافه.',3),(2304,'aofhhv2021',217,'2023-11-12','Review','بالا پادشاه روشن. دقیقه از تابستان.',5),(2305,'zoxedy6469',216,'2022-05-23','Review','رفته مناسب از رهبری مقاله پسر اصلی. سرعت زنان مطمئن بالا.',4),(2306,'hdzpfb3454',226,'2023-09-12','Review','از بال سفر نه کافی عبور زرد. متولد بودن که بالا.',2),(2307,'albttx4262',228,'2020-09-29','Review','پا هر پست توافق شامل. دو مشترک استفاده. هنوز شمار هیچ کپی مردها دوباره مربع.',1),(2308,'lxbfmc8787',220,'2023-02-18','Review','در‌صد خشک دربرابر کوه می‌گویند. بیست مغناطیس حتی فولاد. آن آماده مو اگر مقیاس.',3),(2309,'jiuedt8780',219,'2023-11-25','Dialog','بخش هیچ کوتاه الگوی گوش بخش.',5),(2310,'dzljkn9940',222,'2020-05-25','Dialog','می‌گویند اتومبیل باور نزدیک در‌صد درمیان می‌کند. بند نفت تجارت گرم قطعه دیوار آن بند. در درست خوب مطمئن قادر مطمئن هفته خواهر.',1),(2311,'nhcaqg1097',229,'2021-11-17','Review','مثلث شعر ادامه جلو حرارت را رقص.',1),(2312,'ohoizy3478',216,'2021-07-28','Dialog','نتیجه مطرح قلب دلار خوب.',5),(2313,'zlbbny7785',229,'2020-03-17','Dialog','الگوی جوجه اقیانوس با فولاد. بادبان در بین کنند فقط حیوانات.',2),(2314,'xdsxgy1965',229,'2023-01-15','Dialog','بازار او کشتی بدن.',5),(2315,'cpzdwt8026',225,'2020-05-28','Review','سرباز نامه مبارزه تمیز پرواز مدرن دقیقه. اجازه ترتیب ساعت نوشتن.',5),(2316,'lmvrek6973',230,'2021-03-10','Dialog','خطر خنده خواهر. مرگ قلب هنوز نیاز دلار اتصال مقیاس. سیب تجربه غالبا بخش.',2),(2317,'vxwlrz9327',222,'2021-07-28','Review','بازی بیست اجرا پایین هنوز برادر. بسیار فروشگاه حزب. را شنا پسر.',3),(2318,'lbreps7871',222,'2022-05-15','Review','فوری آموزش جریان اولین خاموش.',2),(2319,'rwioet1721',228,'2022-04-30','Review','طراحی مبارزه ثابت شعر کوه ضخامت. برق میلیون تماس خود موتور هواپیما لبخند. توصیف ساحل شان تاریخ بخش مشکل بزرگ. پول خوب حوزه.',4),(2320,'qyzpwv3263',225,'2023-09-24','Dialog','سقوط حکم خانه می‌دانم طلسم شب ملودی زن.',5),(2321,'rpjysj6284',223,'2020-05-16','Review','کوچک نیاز می‌توانید تن شکست اساسی. سیم هفت طول طبیعت ساعت.',1),(2322,'mogwla1869',213,'2022-10-16','Review','خیابان توپ معروف آهنگ و جفت. به درست نه مستقیم.',2),(2323,'doxhgs9312',222,'2023-08-16','Dialog','ساده نشستن چوب. مردم شروع پسوند ارزش جعبه همچنین بینی مخلوط.',1),(2324,'kzuhbp2586',217,'2023-04-14','Dialog','گفت بعدی افزایش وحشی یا انجام خاکستری جرم. پرواز البته شش علت بررسی شنیده بند. بخش ترس همیشه دریاچه هفت ملایم کشتن.',5),(2325,'vujuvm5992',212,'2020-05-03','Dialog','شعر نقطه نظر کفش. محصول او موج ملودی لباس نرده خط. گرم یافت آهنگ وجوددارد ساعت جوان.',3),(2326,'pmbgya4377',222,'2022-05-15','Dialog','ساده گوشت تر رقص اسلحه انگشت فروشگاه. پوست سقوط شنیده درجه پسوند. تخت ساعت همه واقع در‌صد زنده کند ساعت. جمع مجموعه ثابت شکل سطح سرد صدا شی.',4),(2327,'fwcbse9105',219,'2021-10-16','Review','پنج صندلی ضخامت ذخیره. علامت مردها توسعه.',3),(2328,'nvcxxl7452',230,'2020-11-08','Review','تپه پا روستای توافق باید صدای رشد. قانون باز بیشترین.',4),(2329,'ckhwjy8145',214,'2024-02-12','Dialog','فصل بانک اصلی برخی. پرنده اردک ادامه اینجا.',1),(2330,'qlykhp1357',225,'2021-01-14','Review','سقوط ضربه مستعمره کنترل مقایسه دور جفت. سنگ قوی گفت: دو بیشترین قرمز. رودخانه که اجرا دولت مخلوط رویا رهبری.',1),(2331,'owbbjt4463',230,'2020-12-21','Review','مزرعه همخوان مخلوط رویا ما رول. مستقیم ساعت قرن هیچ بسیار قانون. شاد قند محافظت گسترده کلمه کشیدن طبقه معمول.',4),(2332,'gfspcb8493',212,'2020-12-07','Dialog','آن آرزو اب پرتاب. رهبری زمین کودکان مستعمره شاخه مستقیم خاک. تقسیم ضربه کپی زمین درمورد گاز رکورد.',2),(2333,'nozteh4531',216,'2020-04-18','Dialog','داغ صندلی نگاه همچنین بیست جزیره هیچ در. دست موقعیت ضخامت اتم. دارد جا قرن خاموش رهبری آمده انجیر.',5),(2334,'xjehwo2265',227,'2023-08-23','Dialog','قدرت نه همسایه. سرمایه سرگرم هوا شاید جا. باید نوشابه فضا.',1),(2335,'ejdanf6213',212,'2020-08-19','Dialog','تصویر کشش خریداری نه گوش پایان کافی متوسط. می‌دانم مزرعه اماده کنند مرگ. بسیار بخش تخت شاید ضرب.',1),(2336,'tcqepf4061',229,'2022-12-27','Dialog','سمت حوزه لبه بودن دندانها. سر آهنگ تاریک بوده ساعت مرگ استراحت دوستان. اماده خشک قوی زنان شروع طناب ادامه.',2),(2337,'lsggvf7594',226,'2022-04-26','Dialog','مبارزه سفر رئیس قدرت اردوگاه هفته. چند زمین استراحت یک. رادیو ممکن احساس حشرات درمورد ببینید.',5),(2338,'dtthsy9740',216,'2023-05-07','Dialog','قبل صفحه می‌خواهم بلند. ارزش نرده در‌نزدیکی دنبال بالا خفاش.',2),(2339,'ktwdcb4602',230,'2020-11-18','Dialog','دیگر عضویت ساعت قطار فشار. او حیاط کمترین بخش آسانسور اتاق. پسوند کپی نوع اضافه.',4),(2340,'vnxzob4276',215,'2022-08-08','Review','همسر یافت شنیده عجله‌ای تمیز دولت. آزمون ساخته هنر تنها ماشین خوب جدید. خنده هنر ترس توسط همخوان چگونه سفر پادشاه.',3),(2341,'qhqyqf2771',221,'2023-04-19','Review','جداگانه رفت مورد زمان به‌عنوان گوش هرچند. گسترده روشن تیم هر مرگ راهنمایی. پسر ثابت لبخند باور که هوا. شیشه‌ای ضخامت فروشگاه بین.',5),(2342,'yyvlkp9944',225,'2021-04-02','Review','چینی اره برخی شرایط. روستای موسیقی استفاده پاسخ لبخند برابر.',4),(2343,'gijglx5416',227,'2020-08-28','Review','پرنده اگر قراردادن قهوه‌ای عمیق. در همه لبه سال.',5),(2344,'jesxit8834',229,'2021-12-17','Dialog','کمک مرده بازی پوشاندن موسیقی مردها. غرب نامه می‌توانید کوه دیوار اینچ شیشه‌ای واحد.',2),(2345,'zcrqan1766',223,'2020-04-12','Dialog','فشار لحظه‌ای پا پنج شامل سگ اقیانوس. بخش اجازه هیچ بحث خون کمک. آشپز نمک مقایسه هزار.',1),(2346,'acxotu6328',224,'2023-05-30','Dialog','اوایل نقطه اساسی اره ویژه قانون. دهان جلو هجاز اتم. شمال محصول سیستم بیابان ما ممکن فشار.',1),(2347,'qvibzl2903',220,'2023-02-23','Dialog','سریع ببینید اقیانوس فلز. دریافت تنها تخت سبز رنگ هواپیما.',1),(2348,'yupuom3217',220,'2022-08-28','Review','مایع قلب بهار گوشه عبور اردک بازی. را قادر آرزو پوشاندن. اماده ادامه کوتاه رهبری جفت کمی نان ساعت.',2),(2349,'mhclll6756',216,'2023-05-18','Review','اتصال درب سه بخش ویژه شعر شود. نمک همخوان صلیب ماه.',5),(2350,'gzhras8948',229,'2023-10-10','Dialog','آماده جدول در‌نزدیکی خوب خود شکل ارسال. سبز بیابان باور گوشه نشستن کمتر. نوشابه تغییر انجیر بد سقوط ریشه.',2),(2351,'mwfumt7142',217,'2021-04-16','Review','خفاش در بخش. سن آبی حرکت خواب میوه. غرب غرب شما بسیار تعیین سوم.',3),(2352,'qzfyuk3224',214,'2023-08-22','Review','صندلی موضوع جوان قند گفت بزرگ. شیشه‌ای لطفا تخت کند اولین بزرگ که.',4),(2353,'ecjysh2761',217,'2021-12-09','Dialog','آتش ویژه اکسیژن قلب. بزرگ ساحل معین تک خیابان اجازه. فرار آمده بهترین احتمالی.',5),(2354,'nmcjra4501',218,'2023-08-11','Dialog','بقیه امیدوارم تیم هنوز. هر بسیار لطفا. کراوات بود حل حکومت باغ خود ستاره.',1),(2355,'clhkfn6450',226,'2023-01-27','Dialog','شهرستان قطعه دلار سگ ایستادن را درمیان صلیب. بادبان تجارت چوب اقیانوس. متولد داغ معدن. اصلی زور واکه انسانی شمار.',1),(2356,'txapjg4711',225,'2022-08-02','Dialog','رکورد بهترین رئیس متوسط دور دو در. علامت خواهر تفریق انجام رادیو استخوان بگو سمت.',3),(2357,'zjtrpu7113',224,'2023-09-06','Review','را خوب نقطه باید مقاله استخوان پا رادیو. معدن کنند محافظت. کفش بادبان کند آشپز چند دندانها عمل.',5),(2358,'tppuva8921',225,'2020-12-01','Dialog','کشور فروشگاه گسترش نکن لیست گرم دیوار. عمل ماده یخ ببینید اب مسابقه جوجه.',1),(2359,'jdwwaf5075',222,'2021-01-04','Review','شنا بله کودک زبان عمومی. بدن چمن وحشی زنان. خود جدول ملایم روشن دشمن. شب کلاس بقیه خواب پا مخلوط.',1),(2360,'bchtac7519',225,'2022-11-16','Review','پاسخ خاص کوتاه خریداری چینی.',1),(2361,'zwjkyh3182',216,'2021-12-11','Review','مطبوعات کامل درمیان دربرابر تک.',1),(2362,'elzsen2403',225,'2022-05-27','Dialog','کامل سقوط کمی جفت نقطه پا می‌کند. کل دنبال بخش نقشه واکه روز. دقیقه خواهر فروش دارد همیشه باران.',1),(2363,'qupayl5221',225,'2020-06-17','Dialog','جمعیت توصیف ذخیره رویداد رفت صبر تیم موتور. بخش برابر دلیل دیگر دکتر لبخند.',1),(2364,'emezuw4277',215,'2023-03-05','Dialog','را را گروه علت مشکل منطقه محل بهار. هوا روند ممکن نقشه توصیف.',4),(2365,'mfnghd3524',224,'2023-07-13','Review','بهتر خوشحالم آموزش کوه.',2),(2366,'qpsehd7206',223,'2023-09-25','Review','اتاق سوم چینی پایین خاموش. موقعیت پهن زرد شکل. تمیز پسوند کودک پهن پایین.',4),(2367,'mcjhwz2285',224,'2022-09-11','Review','جمع گفت: پشتیبانی سیب وجوددارد. شب شارژ باران بودن شکست. بود موتور سال طبقه.',3),(2368,'lhfcdv6662',213,'2020-12-08','Review','ساده هنوز اشتباه کوه موضوع صلیب طول. مهارت خوردن طبقه.',2),(2369,'lhxafm4743',219,'2021-07-12','Review','درست بیابان نرم واکه جمعیت پوشش سیم طلسم. در‌صد دارد پر شکل ترس لیست دو. بیت چه خیابان جمع چه شانس را.',4),(2370,'movqwo9119',226,'2023-09-19','Dialog','خشک کلاه وحشی ادعا اجازه باید. تماس محصول می‌تواند قادر برنامه احتمالی هر. خیابان حاضر روند عمومی.',2),(2371,'rdmjsp4167',227,'2020-05-19','Dialog','ورزش واحد بد ماهی. رسیدن دریافت مادر مطمئن کشش منطقه.',1),(2372,'mwfumt7142',230,'2022-04-06','Dialog','عبور زیادی زمین اواخر جوجه. مورد شما رهبری خود واحد خود. منطقه دایره سقوط شخصیت ایده توافق.',4),(2373,'umlfqs4717',223,'2021-07-09','Review','باید یک را همیشه قطعه. یک واقع قایق درایو رئیس پدر یادداشت.',1),(2374,'eegsrg4719',219,'2022-09-11','Dialog','زمین پوسته هزینه دست عضویت دور. پاسخ ویژه بزرگ آتش رشته. سقوط پیشنهاد متفاوت طبیعت برخی آفتاب پرداخت.',5),(2375,'kftxgd7091',218,'2020-04-20','Review','دشمن آن حرارت اثر را موج جمعیت غالبا. ملودی برنامه تعداد پا.',1),(2376,'nyqhza4940',227,'2021-11-16','Dialog','پرنده دو آمده. دربرابر خشک پدر آمد. سیب ساده اواخر خاک هزینه شب هنوز.',4),(2377,'psedno3538',227,'2020-09-23','Dialog','ممکن تجربه عنوان هردو درست صفحه. هردو ستاره بالا خانم نشستن.',5),(2378,'zoqqyy4228',216,'2022-03-23','Dialog','گردن عضو مردم کراوات بوی چوب. آهنگ دریاچه تاریخ صلیب بند چشم.',4),(2379,'fpdfwl5166',226,'2023-02-19','Dialog','لوله ردیف خدمت جریان کمی اولین پا. شاخه سن نمایش. لحظه‌ای مرکز شنیده قرمز.',3),(2380,'pdvirw2985',227,'2021-10-06','Review','معدن دارند انرژی. نمودار گروه خاموش رفت.',5),(2381,'kcuelu7342',216,'2022-08-05','Review','مشابه بالا پایان عمیق. حال ستون نیاز به. پا رایگان عبارت پسر.',4),(2382,'elddkp8157',226,'2022-12-20','Review','بود کت زن نمایندگی رشد تحمل نزدیک. کودک نظر گفت طولانی اماده جمعیت تمام خون.',5),(2383,'qqzpfb2795',220,'2021-11-03','Dialog','فرار ملایم معین الگوی تک. سنگین کار گوش بود اوایل نه اره گسترش.',4),(2384,'awgjud7720',225,'2021-02-15','Dialog','تاریخ یا سرد یک معامله بادبان ماه انسانی. فکر خواب آمده در‌نزدیکی اطلاع اسم.',4),(2385,'dzljkn9940',228,'2023-02-15','Review','در ثابت راه.',1),(2386,'mdryaw7149',222,'2023-12-19','Dialog','دست چربی آماده پایان اب. اوایل صدا ممکن ایستگاه پوشاندن پاسخ مدرسه نفت.',2),(2387,'smfewo8413',226,'2020-08-14','Dialog','غالبا جریان شرایط بسیار خود ترس.',2),(2388,'vrmtdw3659',215,'2020-03-17','Review','کشور خوب را طولانی خوب کلاه. بزرگ کمی دو هر فولاد گاو.',1),(2389,'xxirvf8683',220,'2021-08-25','Dialog','تقسیم معین حال او بنابراین. جمعیت دشمن بوده اصلی بالابردن.',5),(2390,'beiuor1585',227,'2021-04-04','Review','محافظت بالا کراوات جمعیت. بخار اقامت باید مستعمره.',1),(2391,'wbdofz7481',221,'2021-07-25','Dialog','سیستم برابر کشتی کشور ترک عادلانه. پیش مانند پنبه سه.',4),(2392,'rugcjv7238',216,'2020-05-20','Review','افزایش موقعیت ستون الگوی ماه فصل. کشتن خانم جوجه اصلی سگ. پادشاه بیت محافظت آزمون تغییر بالا هجاز مشکل.',5),(2393,'elwqsq3738',213,'2023-01-25','Dialog','واکه ستون مثال امیدوارم عبارت. نور باید رویا ماه بد لبه. فضا کافی کامیون رایت از ماه حوزه.',1),(2394,'ensfap4818',229,'2023-10-10','Review','ضرب کشتن بانک الگوی نمایش. گوش فرم شعر دولت به‌عنوان.',5),(2395,'fhmgxz1574',214,'2023-08-27','Dialog','عبارت مو شود چینی صندلی سگ. همیشه خطر بالابردن شاخه ناگهانی.',1),(2396,'movqwo9119',229,'2020-06-01','Dialog','روشن چه فقط چمن نظر بزرگ ضرب سطح. قبل جاده رسیدن. جعبه او هوا ترس.',2),(2397,'iwivil9903',213,'2021-11-27','Review','سرگرم پسر جستجو عنصر سفر. ظهر مثلث توصیف بحث خرید سیستم. بندر مستقیم صبح نیاز ارزش شن کلید چوب.',4),(2398,'wjaqvt6360',216,'2023-05-16','Dialog','بد بالابردن کشور واقع حل صندلی. جریان راه طبقه خوب شرایط انجام. دلیل آسان خیابان تشکر آفتاب ترس دروغ.',3),(2399,'qltpfi1727',214,'2020-12-04','Review','دست پوشاندن بحث زبان. خاص خون درست قطار بال اجازه امن. زمین با درمورد جرم خانه شمال شکست.',2),(2400,'inrqbp5474',229,'2021-09-24','Dialog','اجازه مسابقه بیست تشکر. موتور توپ مرد هزینه رشد گفت نمره.',3),(2401,'smfbmx5822',230,'2023-09-04','Review','افزایش خوردن سه پدر حیوانات. حزب او درمورد بیت بالابردن اره سر.',2),(2402,'fneqrp4285',226,'2020-06-06','Dialog','عزیز حوزه همسر پسوند. نمایش جریان ردیف طراحی سریع سخت پوشش.',2),(2403,'lpitoj5357',224,'2020-11-15','Review','به‌عنوان دشمن بوی پا.',1),(2404,'tayeqc1757',222,'2022-03-27','Dialog','رایگان کشتی ارسال نزدیک. سوم کوتاه ورزش فعل. مشغول خاصیت دم یخ.',4),(2405,'rhfwdf8794',223,'2023-08-09','Review','متوسط گربه پایان دشوار مرد. همسایه کامیون موتور این‌ها شرایط فریاد.',2),(2406,'xduvvf7305',223,'2022-10-16','Dialog','همسر باز فلز توسط گربه دهان دم حکم. ایستگاه بهتر ترک نفت حوزه دم غالبا. عمل رقص چه الگوی بد خرید.',2),(2407,'zmrqyu6304',223,'2020-05-28','Dialog','زمین عرضه سقوط برنامه موقعیت در‌نزدیکی لذت صدا. ساخت طبیعت هزینه خانواده دقیق دهان. او برق او اساسی نتیجه بهترین حکم استراحت.',1),(2408,'leetyp6847',218,'2023-05-04','Dialog','رادیو هرچند اولین آمد لوله پا زیادی. جمع اوایل پسر سریع در‌نظر دست خنده. بیابان کشتن سرد نیم اسم بادبان تاریخ.',4),(2409,'kryddg9012',224,'2022-02-15','Review','خانواده قادر دوم. شمار و موسیقی ساحل کشیدن صدا بین بیشترین. خوب به تجارت آزمون قلب فروش.',3),(2410,'mmdrtk1986',213,'2023-12-30','Dialog','تقسیم حشرات مناسب نقره‌ای کل. بحث صندلی ضعیف تنها.',4),(2411,'cealej1202',224,'2021-03-10','Dialog','در ایجاد حمل شب مرد راست متوسط. ترس بحث بزرگ جمعیت نمایش. شارژ چند واکه حمل خانم زیبایی.',5),(2412,'nehwam3386',229,'2022-06-26','Review','رایت سرگرم کشتی توسعه جز کم. مشکل پیش اوایل مرکز بوده ایستادن پرداخت محصول.',4),(2413,'plydae9854',214,'2021-12-10','Review','گردن قانون زنگ خاک دوره برخی. جزیره آفتاب معمول پرتاب مربع.',3),(2414,'ggxmxm8120',222,'2023-06-22','Dialog','قاره برنامه سفید همسایه چینی بینی بعدی پایین. آرزو دره واقع از پرتاب.',4),(2415,'vayyrp8882',219,'2023-07-21','Dialog','بهترین حلقه خطر نقطه وزن استخوان. در بار جفت.',2),(2416,'hdhypu6595',229,'2020-03-06','Review','محصول ضربه چه را مدت. فقط یا آسان بسیار استراحت گسترش. ادامه شیشه‌ای ارسال داستان بندر اشتباه سوم.',1),(2417,'lcytyz3575',222,'2020-05-15','Dialog','لحظه‌ای یافت بازی. کشش صدا خشم حتی ضرب در‌صد این‌ها. ایستگاه نوع ریشه برابر بالا. خرید تجارت گروه کمک گسترش.',4),(2418,'hrcvuo1636',224,'2023-11-26','Review','سیم ما لباس ایستادن ترتیب گسترده. همسایه ایستگاه داستان افزایش. مطالعه آرام مرکز باید دوستان خانواده گفت: بازدید.',2),(2419,'hjdhzf8685',213,'2023-03-14','Review','کشور در خریداری زنگ چرخ. مورد موسیقی آرزو عمل کنترل. در‌نظر این‌ها اشتباه عمیق پرتاب. چند صندلی شان در شاد مستعمره.',3),(2420,'qkpetb7192',220,'2023-10-10','Review','دشوار چوب این‌ها یادگیری راه پوسته. دختر محصول نوع روی نماد مناسب زیادی باز.',4),(2421,'dlxsoo5865',227,'2020-04-17','Review','حال مرگ غالبا رادیو محصول شنا درجه. کنترل را را آرام سرد گوش دو. می‌تواند سرگرم آخرین هر راه را.',5),(2422,'vlibxi8430',224,'2023-09-13','Review','آسانسور مطمئن اضافه حلقه مطالعه نمک. دست آرام شرکت جنگ راه محل کودک. ایستادن پاسخ در طولانی.',5),(2423,'lorhir6892',230,'2023-07-27','Review','قرار افزایش پهن شما قانون. خاکستری می‌کند او. اطلاع کشیدن این‌ها فلز هواپیما بگو آه تازه.',1),(2424,'pzexxl8855',215,'2021-04-06','Dialog','اماده خاکستری طبقه آمد کارخانه داغ توصیف. مانند دوباره صد نوشتن دارد کار پشتیبانی. درمورد اجازه جنوب لبه صورت برق.',5),(2425,'lopibx2901',228,'2020-09-05','Dialog','اکسیژن تجربه درمورد متولد کشتی سیب. سرد اختراع دیگر سنگین درمورد. او دریافت معمول بد آورده خاکستری فروش خوب.',2),(2426,'mtyvxy7626',225,'2020-02-20','Dialog','حکومت تیم ارائه دو آبی بندر شب. خوبی قرار قرار خانواده. ایستگاه گرفتار مردها نازک گذشته بود که.',3),(2427,'trvhfy9287',227,'2020-04-26','Review','پنج شان نماد ردیف مزرعه همیشه هجاز.',5),(2428,'zztzxy1393',217,'2020-07-23','Dialog','مشکل عمل مشغول فریاد طناب. اولین شخصیت بپرسید نقشه هزار ارائه.',1),(2429,'irahsz7455',217,'2020-05-31','Dialog','شارژ شش بالا لبخند درمیان تقسیم علاقه. اتم حال دقیق لذت اشتباه افزایش مسابقه.',5),(2430,'nywity3411',228,'2021-08-27','Dialog','گاو بسیار بحث همان را شاخه. بدن نازک آسمان قلب. را شما کلید بگو دریاچه خشم درایو.',2),(2431,'quyfxr8212',221,'2022-06-15','Dialog','سرباز ضرب کاپیتان. سوال میوه گروه حمل باید. حرارت حوزه بخش موسیقی تابستان پرنده چوب.',4),(2432,'smjndh3670',217,'2022-11-16','Dialog','دریا ساخت چوب پدر بلوک.',1),(2433,'egxvqh4760',229,'2021-11-10','Review','درایو ترس جعبه حلقه ترس فلز لطفا جمعیت. این‌ها داغ روشن دو. اسم تیم اعشاری خوب دنبال صندلی.',4),(2434,'ysmbul7011',230,'2022-02-08','Review','طلا تشکر همخوان ساعت. نتیجه خطر مایل بگو خاکستری.',2),(2435,'rsomlr7730',212,'2021-09-06','Review','می‌گویند صدا غنی بد گرفتن. اسلحه سلول هزار گوش درمورد چرخ سفر. چینی همچنین دور.',2),(2436,'cvwelb3151',217,'2022-06-02','Review','بله بین شرایط آرام زیبایی. گردن قطعه می‌تواند در کوه.',2),(2437,'mmdrtk1986',222,'2021-08-10','Review','مردها واحد ریشه زمستان همیشه. خون دهان مطرح حال کار. پایه در جمعیت نقطه.',3),(2438,'tltsyz9540',230,'2022-12-24','Review','پنبه حل خواهد‌شد عبور رودخانه زمین. اطلاع عجله‌ای صدای. باید اقامت زنان استفاده.',5),(2439,'ltswdb7637',223,'2023-12-24','Review','حکم واقعی دیگر چهار هزار پوشاندن. توپ بخش برابر متولد کوه. رویداد نیم محصول هواپیما من.',1),(2440,'pmbgya4377',218,'2020-11-24','Review','کشیدن حشرات درمیان نرده تمیز بگو جدید یخ. بله بخش باز پهن تاریخ حل ظهر باید.',1),(2441,'ryxgbg9054',225,'2022-06-30','Dialog','بنابراین دیگر چوب عضو ویژه. دلیل همان قادر از که. نرم طلا بوی اشتباه راه.',2),(2442,'wifuav2388',219,'2022-11-28','Dialog','بهار آسان پا وجوددارد شستشو. معروف تصویر رنگ کار سوار.',5),(2443,'imzpde6747',225,'2022-11-09','Review','فرم راه مرد مطبوعات پهن پایان پوند. چند ترس قهوه‌ای ارزش.',3),(2444,'pfrfdc5656',217,'2020-05-24','Review','سال ویژه آه کاملا شروع است. پر آسانسور جا چاپ ذخیره قدرت. یک گام دره موقعیت مناسب آموزش.',3),(2445,'pflfpj3364',220,'2023-12-22','Review','سفر کاملا رشته نتیجه. فرم بوی کلید مو.',2),(2446,'jmodnw7693',230,'2020-10-28','Review','لباس علت بازی بررسی درایو ازجمله شانه.',4),(2447,'gwqegp2339',227,'2021-06-16','Review','جدید باصدا بانک توصیف لاستیک شنا. چه طولانی لاستیک بند حتی مستقیم.',2),(2448,'sskeeg5450',215,'2022-08-29','Dialog','هوا چینی که ورق امیدوارم عادلانه خواب اسلحه. راهنمایی انجیر ساعت تن صلیب تن مخلوط مرگ.',4),(2449,'zvuilb9400',212,'2022-06-20','Dialog','مدت صعود عادلانه کلمه بنابراین زمستان. تعیین اما دکتر مغناطیس احتمالی مناسب.',4),(2450,'lmggte5082',216,'2021-08-07','Review','قطعه باغ هواپیما. پول قرمز قند لذت بازدید.',4),(2451,'lorhir6892',213,'2023-02-05','Dialog','خواهر قهوه‌ای بالا. حمل رنگ ادعا موقعیت جریان مو دروغ. خواب دو ده آن هرچند بازی فشار.',3),(2452,'hwgcev2229',225,'2022-09-20','Review','خاموش ظهر علت اماده کنند سمت بگو. نفت توسعه ضخامت بالا قبل نوشابه سیم آمده.',1),(2453,'wrhccc6581',213,'2022-08-10','Dialog','گاز صدای سفر راهنمایی بودن. گوشه موسیقی شان سفر مایل قاره. او گوشت عضویت سلول. روشن یخ خریداری ورق.',3),(2454,'sbouhr2222',224,'2023-12-28','Review','صفحه قطار نظر غالبا گل آسانسور.',3),(2455,'ubkait2716',220,'2020-08-13','Dialog','فکر برنده جریان پیش پر.',3),(2456,'qpguny9638',215,'2023-11-29','Review','واحد چاپ بیت.',5),(2457,'erdbpd1710',213,'2021-09-07','Dialog','برف چمن همچنین لیست شن خط.',3),(2458,'sukwja1941',216,'2022-03-12','Review','آرزو داستان شکست. او ساخته رنگ قرمز.',1),(2459,'fbosyj6135',227,'2021-07-07','Dialog','چه تصویر ناگهانی شیشه‌ای قادر خط هردو. ذخیره خاموش خون است.',5),(2460,'dpmlog3719',225,'2023-05-27','Review','محصول زیبایی اجرا نان برنامه گوش حکومت. خفاش خاص بالا غنی پایین طول.',1),(2461,'qgrchy5383',215,'2023-11-22','Dialog','در‌نزدیکی زبان دریاچه لیست. می‌گویند نرم باور بعدی.',1),(2462,'fneqrp4285',227,'2022-05-24','Dialog','فعل تعجب توسط چشم مقیاس ادامه. متفاوت انجام انتظار کار زیبایی کند راه شانس.',3),(2463,'uglkyy7898',220,'2021-08-07','Review','تیم مانند بخار. که زمستان فشار مایل امن.',3),(2464,'syepfe3947',228,'2023-02-19','Dialog','خوشحالم اتم ذخیره طلا بزرگ. رویا شاید مقیاس ارسال.',2),(2465,'yaongh4499',227,'2020-12-15','Dialog','جنوب ازجمله تشکر می‌خواهم. رشد کارشناس میوه خاصیت آهنگ سفید کوچک. بانک راه ساحل ترس آن کار. ویژه اصلی شمال انسانی خاصیت.',2),(2466,'fmpsqf5450',227,'2023-03-25','Dialog','مثلث آموزش مخلوط طبقه سفید. دولت بخش مجموعه است بندر. هنوز تعجب چوب شیر شنبه زنگ.',5),(2467,'ymwhvz2155',230,'2020-11-06','Dialog','زندگی تشکر پرداخت باصدا قدرت ساحل کار.',1),(2468,'lyuxbv5801',219,'2023-11-06','Review','دلار رویداد سوم دست. جعبه نزدیک قدیمی جدید خدمت کوچک رادیو. داغ سنگ می‌کند واحد بخش.',5),(2469,'xjehwo2265',224,'2020-11-14','Review','عادلانه نقطه اسلحه پایین فوری از همان. طناب جز آسان داغ هنر همیشه. کوچک از ریشه.',5),(2470,'aacmry5856',228,'2023-12-04','Review','مسابقه گاز کمی بین بین برای. ساحل مقیاس اجازه کودک ساعت اسم ضربه روشن.',3),(2471,'mpmlgm6975',226,'2020-06-14','Review','سرد محصول میلیون تعجب ضعیف طراحی. دریافت فکر کوچک طبیعت مرگ خوردن. معروف همیشه کارت شمار پایان.',5),(2472,'lkbyaf6654',216,'2022-09-15','Dialog','پیشنهاد سرگرم جداگانه شاد من ذخیره آفتاب همسایه. سریع در‌صد جز صنعت.',2),(2473,'gwgxts4977',214,'2020-10-22','Review','دیگر شرق بگو قرمز ارزش مدرن دانه. پدر کشور ما کودکان.',3),(2474,'rugcjv7238',221,'2020-06-14','Review','شکل می‌توانید معدن عضویت.',2),(2475,'foiodu9322',212,'2022-02-19','Dialog','بازار خشم باید جریان. اثر ساخته صد. بین بزرگ جنگ فضا از باغ.',5),(2476,'betqec5283',222,'2020-03-03','Review','عضویت فضا برده ماهی فوری مشکل نیاز طول. فکر گام شکل پرداخت.',3),(2477,'omdjld3647',216,'2022-02-14','Review','مو ما حکومت احساس کشور عبور مبارزه. اماده نمک دریافت درخشش پا مانند. محصول گرم رایگان تمیز جزیره هر طلا مرگ.',4),(2478,'uxqlky1526',217,'2020-07-05','Dialog','فقط ویژه هفته سنگ. راه اسب نقطه کتاب. بهتر به داغ کلاس خانه.',1),(2479,'sliscu3040',224,'2020-09-29','Dialog','حشرات اتصال فضا برابر نرم سریع فعل استراحت. یافت حل کنترل بندر خاک ایجاد اشتباه. نوشابه بزرگ مشکل کت برابر محصول.',2),(2480,'ewqhtu5269',222,'2022-07-21','Review','تن نفت عضو متوسط.',4),(2481,'aplbjc1468',224,'2023-04-15','Dialog','جمعیت نیروی بازدید می‌خواهم ما صندلی باید نمایندگی. زمین پدر متوسط کوه است شب ترس آرام. بحث کشور سلول طلا.',2),(2482,'wmgntz9028',212,'2024-01-31','Dialog','عنوان شکل پنجره ضربه شب من.',4),(2483,'kjgdch1748',229,'2023-05-12','Dialog','باید مو روشن لاستیک بعدی رایت دره. خوب ممکن آسانسور دایره مورد.',2),(2484,'wmgntz9028',226,'2020-04-30','Review','شکست نقطه تجربه. شن تقسیم کلید کنید دهان پنجره بعدی خفاش.',4),(2485,'kewxkw4361',219,'2021-04-06','Dialog','دره دقیق بگو مانند. لباس سفید بخش سریع کشش خریداری. برابر خوب پول چاپ.',5),(2486,'fqgvch5564',227,'2023-08-23','Review','نظر مسابقه می‌گویند مشکل موقعیت درمورد میوه اولین. پرداخت ما اسم واکه زندگی اسلحه حلقه. رشد معدن بازدید بحث آن‌ها استفاده.',5),(2487,'mjlmaw7196',213,'2023-10-04','Dialog','ما چرخ سرباز عمومی. کنید پایان سرباز فروشگاه. روز گروه پیشنهاد.',1),(2488,'vpxwuw4195',218,'2021-05-14','Review','علاقه او تحریک رویداد منظور بخش پایه. عبور داستان اختراع بهترین جریان جنگل که. خطر رهبری هواپیما ویژه.',1),(2489,'sskeeg5450',227,'2020-12-12','Dialog','هوا اوایل هشت شنبه مولکول مرکز. کوچک نیروی حکم بین دوباره مورد توصیف.',2),(2490,'gyowhe8123',216,'2023-06-08','Review','سوار نقشه برش روشن. محصول تخت کند ابر جا ترس یافت. نکن همه حوزه بود سرعت.',5),(2491,'pdkvpj8081',218,'2023-11-20','Dialog','برابر کودک ابزار هم. ناگهانی طلسم باز رئیس ارسال جریان جمعیت تنها. کار روشن رکورد زور شرق خوب ده عمل. مطرح موضوع بزرگ مردها ترتیب او.',2),(2492,'mqzckw1211',230,'2024-01-01','Review','بعدی برف کار خوب واقعی ازجمله ما. شکل وتر پرواز پست ماهی یادداشت بالا سرعت. محصول درمیان شود مدرسه.',5),(2493,'omdjld3647',216,'2020-07-31','Dialog','ساعت آماده دریافت نوشابه آهنگ. ستون چاپ کم پنج. باغ زیادی اماده.',1),(2494,'qyzpwv3263',228,'2024-01-30','Review','کارشناس حرارت خوراک دریافت سطح. مجموعه میلیون بپرسید. دنبال ذهن ما یادگیری پسوند.',3),(2495,'hrnhzo8100',215,'2020-06-11','Review','ویژه اردوگاه می‌دانم مولکول رول احتمالی. سنگ معین اسم اولین قاره سگ.',5),(2496,'vnxzob4276',225,'2020-08-28','Dialog','لوله فلز سرعت داستان روش. پدر من آهنگ شنیده مدرسه آرام. صعود شان برده بله. شود دنبال بالابردن رهبری ناگهانی طولانی برنده.',3),(2497,'bbivwx2501',217,'2023-08-12','Review','سهم بسیار شرکت بسیار دوره اتاق همیشه. حمل نیم است شما هیچ. نامه همخوان مراقبت چه.',2),(2498,'oceool3320',221,'2023-03-12','Review','هر ضربه دلار تپه. استفاده بد بگو شانس زبان ترس. فصل جاده تپه همخوان.',1),(2499,'vhagfo8165',225,'2020-09-07','Dialog','فعل دوباره نمد گسترده از سرمایه. شرق سیاره او.',1),(2500,'ckbflr7363',220,'2023-08-08','Review','آمد که بزرگ درست زمستان. آورده انرژی نرده رشد چوب از.',2),(2501,'hkmbzd6662',218,'2021-03-16','Dialog','پدر داغ تر. حتی هرچند علم هنوز ناگهانی ورزش. باید کامیون شهر متوسط صحبت.',4);
/*!40000 ALTER TABLE `comment` ENABLE KEYS */;
UNLOCK TABLES;

--
-- Table structure for table `concert`
--

DROP TABLE IF EXISTS `concert`;
/*!40101 SET @saved_cs_client     = @@character_set_client */;
/*!50503 SET character_set_client = utf8mb4 */;
CREATE TABLE `concert` (
  `Concert_ID` int NOT NULL AUTO_INCREMENT,
  `Event_ID` int DEFAULT NULL,
  `Category` varchar(30) DEFAULT NULL,
  PRIMARY KEY (`Concert_ID`),
  KEY `fk_Concert` (`Event_ID`),
  CONSTRAINT `fk_Concert` FOREIGN KEY (`Event_ID`) REFERENCES `event` (`Event_ID`)
) ENGINE=InnoDB AUTO_INCREMENT=13 DEFAULT CHARSET=utf8mb4 COLLATE=utf8mb4_0900_ai_ci;
/*!40101 SET character_set_client = @saved_cs_client */;

--
-- Dumping data for table `concert`
--

LOCK TABLES `concert` WRITE;
/*!40000 ALTER TABLE `concert` DISABLE KEYS */;
INSERT INTO `concert` VALUES (1,219,'traditional'),(2,220,'traditional'),(3,261,'pop'),(4,262,'traditional'),(5,263,'instrumental'),(6,264,'pop'),(7,265,'traditional'),(8,266,'instrumental'),(9,267,'pop'),(10,268,'traditional'),(11,269,'instrumental'),(12,270,'pop');
/*!40000 ALTER TABLE `concert` ENABLE KEYS */;
UNLOCK TABLES;

--
-- Table structure for table `education`
--

DROP TABLE IF EXISTS `education`;
/*!40101 SET @saved_cs_client     = @@character_set_client */;
/*!50503 SET character_set_client = utf8mb4 */;
CREATE TABLE `education` (
  `Education_ID` int NOT NULL AUTO_INCREMENT,
  `Event_ID` int DEFAULT NULL,
  `Instructor` varchar(50) DEFAULT NULL,
  `Presenter` varchar(50) DEFAULT NULL,
  `Presenter_phone` varchar(20) DEFAULT NULL,
  `Genre` varchar(50) DEFAULT NULL,
  `Category` varchar(30) DEFAULT NULL,
  PRIMARY KEY (`Education_ID`),
  KEY `fk_Education` (`Event_ID`),
  CONSTRAINT `fk_Education` FOREIGN KEY (`Event_ID`) REFERENCES `event` (`Event_ID`)
) ENGINE=InnoDB AUTO_INCREMENT=13 DEFAULT CHARSET=utf8mb4 COLLATE=utf8mb4_0900_ai_ci;
/*!40101 SET character_set_client = @saved_cs_client */;

--
-- Dumping data for table `education`
--

LOCK TABLES `education` WRITE;
/*!40000 ALTER TABLE `education` DISABLE KEYS */;
INSERT INTO `education` VALUES (1,226,NULL,'موزه تصاویر معاصر',' 02188107928','اجتماعی',NULL),(2,225,NULL,'مدرسه هنری ویستا',' 02188992023','هنری',NULL),(3,311,'عرفان عبدالعلی','سامان','0915 001 7760','روانشناسی','عکاسی'),(4,312,'علی ملکیان','سامان','0933 436 6609','روانشناسی','عکاسی'),(5,313,'زهرا نامور','نیلوفر','058 4094 3806','روانشناسی','نوجوان'),(6,314,'سبحان صنایعی','آرمان','+98 23 4956 0717','اجتماعی','علم و فناوری'),(7,315,'نازنین صنایعی','آرمان','0922 226 1286','بومی','علم و فناوری'),(8,316,'محمدپارسا همدانی','الناز','026 6842 6495','روانشناسی','پژوهشی'),(9,317,'آرمین هوشیار','سامان','045 5592 4837','بومی','علم و فناوری'),(10,318,'عسل هنری','نیلوفر','017 1626 2075','فلسفی','پژوهشی'),(11,319,'ستايش عبدالمالکی','سامان','0999 194 1714','اجتماعی','عکاسی'),(12,320,'جناب آقای ياسين صنایعی','آرمان','+98 25 9927 2127','بومی','علم و فناوری');
/*!40000 ALTER TABLE `education` ENABLE KEYS */;
UNLOCK TABLES;

--
-- Table structure for table `entertainment`
--

DROP TABLE IF EXISTS `entertainment`;
/*!40101 SET @saved_cs_client     = @@character_set_client */;
/*!50503 SET character_set_client = utf8mb4 */;
CREATE TABLE `entertainment` (
  `Entertainment_ID` int NOT NULL AUTO_INCREMENT,
  `Event_ID` int DEFAULT NULL,
  `Instructor` varchar(50) DEFAULT NULL,
  `Presenter` varchar(50) DEFAULT NULL,
  `Presenter_phone` varchar(20) DEFAULT NULL,
  PRIMARY KEY (`Entertainment_ID`),
  KEY `fk_Entertainment` (`Event_ID`),
  CONSTRAINT `fk_Entertainment` FOREIGN KEY (`Event_ID`) REFERENCES `event` (`Event_ID`)
) ENGINE=InnoDB AUTO_INCREMENT=15 DEFAULT CHARSET=utf8mb4 COLLATE=utf8mb4_0900_ai_ci;
/*!40101 SET character_set_client = @saved_cs_client */;

--
-- Dumping data for table `entertainment`
--

LOCK TABLES `entertainment` WRITE;
/*!40000 ALTER TABLE `entertainment` DISABLE KEYS */;
INSERT INTO `entertainment` VALUES (3,227,NULL,'خانه هنری دانش',' 09331080452'),(4,228,NULL,'دان Don','02166723401'),(5,321,'آریا سماوات','محمدیاسین علی پور','+98 86 4738 6342'),(6,322,'سرکار خانم یسنا همدانی','آريا معروف','041 4172 3326'),(7,323,'مریم سرخوشیان','حسام عبدالمالکی','045 8387 6350'),(8,324,'بنیامین فرجی','عباس حمیدی','+98 56 6777 8753'),(9,325,'امیرعباس صارمی','آریا علیجانی','024 8869 4086'),(10,326,'حسين میردامادی','ستايش کمالی','051 9551 5681'),(11,327,'حلما ولاشجردی','آیناز موحد','+98 990 673 9512'),(12,328,'جناب آقای دکتر مهدی ملکیان','علی اكبر میردامادی','0921 070 1529'),(13,329,'كیانا معروف','امیر علی همدانی','011 9708 7957'),(14,330,'محمدرضا تنزیلی','نرگس دادفر','+98 45 4730 0289');
/*!40000 ALTER TABLE `entertainment` ENABLE KEYS */;
UNLOCK TABLES;

--
-- Table structure for table `event`
--

DROP TABLE IF EXISTS `event`;
/*!40101 SET @saved_cs_client     = @@character_set_client */;
/*!50503 SET character_set_client = utf8mb4 */;
CREATE TABLE `event` (
  `Event_ID` int NOT NULL AUTO_INCREMENT,
  `Event_type` varchar(200) DEFAULT NULL,
  `Name` varchar(100) DEFAULT NULL,
  `Duration` float(6,2) DEFAULT NULL,
  `Price` int NOT NULL,
  `Discount` int DEFAULT NULL,
  `Salary` int DEFAULT NULL,
  `Explanation` varchar(750) DEFAULT NULL,
  `Summary` varchar(750) DEFAULT NULL,
  `Regulation` varchar(500) DEFAULT NULL,
  PRIMARY KEY (`Event_ID`)
) ENGINE=InnoDB AUTO_INCREMENT=334 DEFAULT CHARSET=utf8mb4 COLLATE=utf8mb4_0900_ai_ci;
/*!40101 SET character_set_client = @saved_cs_client */;

--
-- Dumping data for table `event`
--

LOCK TABLES `event` WRITE;
/*!40000 ALTER TABLE `event` DISABLE KEYS */;
INSERT INTO `event` VALUES (212,'theatre','اوقات سگی',1.00,100000,NULL,9,NULL,'استاد دانشگاهی که به خاطر مسائلی از دانشگاه اخراج و خانه نشین شده است، در روز تولدش زنی ناشناس را در خانه خود میبیند','از همراه داشتن فرزندان زیر ۱۸ سال خودداری نمایید.'),(213,'theatre','کروکودیل',0.80,100000,NULL,9,NULL,'گذشته رو نمی‌شه تغییر داد، ولی هنوز زمان داریم آینده رو اونطوری که می‌خوایم عوضش کنیم.',NULL),(214,'theatre','کشتن گربه بابا فونتن',0.75,100000,20,9,NULL,'کشتن گربه بابا فونتن، برش کوتاهی از زندگی پسر نوجوانی به نام نعیم است که در دوران پس از انقلاب الجزایر در یک آسایشگاه روانی روایت میشود. نعیم در بحبوحه انقلاب، مونیک، دختری فرانسوی که در واقع عاشق او بوده است را تنها به جرم فرانسوی بودنش میکشد و در طول نمایشنامه در مواجهه با پرسشگر دائما در حال کتمان این مسئله است.',' از همراه داشتن فرزندان زیر ۱۵ سال خودداری نمایید.'),(215,'theatre','سینما کارون',1.00,80000,NULL,9,NULL,'من سینما کارونم.','از همراه داشتن فرزندان زیر 10 سال خودداری نمایید.'),(216,'theatre','خبرنگار بی خبر',0.50,60000,NULL,9,NULL,'فرد دست‌فروشی وارد کافه میشود و مسئول کافه برای خارج کردن او با چالشی روبه‌رو میشود.',NULL),(217,'theatre','اسکرین شات',1.20,200000,15,9,NULL,'از یک دوره همی شبانه تا نابودی چند خانواده','از همراه داشتن فرزندان زیر 12 سال خودداری نمایید.'),(218,'theatre','دامبوبو',0.75,60000,50,9,'توجه: شماره تماس از سوی گروه محترم اجرایی درج شده است و تیوال نقشی در عملکرد و پاسخدهی آن ندارد.','داستان درباره پسری ساده و خوش قلب به نام دامبوبو است که در مسیر بازگشت به خانه با اتفاقات و شخصیت های مختلفی روبرو میشود و...','از همراه داشتن فرزندان زیر 2 سال خودداری نمایید.'),(219,'concert','ساز و سرود',1.50,320000,NULL,9,NULL,NULL,NULL),(220,'concert','تکنوازی سه‌تار محمد صمدی',1.00,150000,NULL,9,'ترتیب گوشه‌ها و نغمات:\nبخش اول:\nگوشه اول: درآمد\nقطعه: بیات اصفهان استاد لطفی\nگوشه دوم: جامه‌دران\nقطعه: هی داد هی بیداد\nبخش دوم:\nاول: بداهه‌نوازی در بیات اصفهان\nدوم: قطعه‌ی ئامان هی ئامان','تکنوازی سه‌تار در آواز بیات اصفهان',' از همراه داشتن فرزندان زیر ۱۵ سال خودداری نمایید'),(221,'theatre_film','زنان بالکان',0.75,35000,NULL,9,'مناسب برای مخاطبان بالای ۱۰ سال','داستان نمایش در بحبوبه جنگ بین صربستان و بوسنی و در زندانی که صرب ها زنان اسیر شده بوسنیایی را در آنجا نگهداری می کنند اتفاق می افتد.',NULL),(222,'theatre_film','هر کسی یا روز می‌میرد یا شب من شبانه روز',0.50,14000,NULL,9,NULL,'هرکسی یا روز می میرد یا شب، من شبانه روز قصه این روزهای تمام ماست، تمام آن ها که در این خانه مانده اند و تمام آن ها که از این خانه رفته اند و تمام آن ها که به این خانه باز می گردند و ما تمام تلاشمان را می کنیم تا آن ها که دوستشان می داریم یک ثانیه هم که شده بیشتر روی پاهایشان بایستند، شبیه آواز غمگینی که از تو دعوت می کند تا پای جان با زندگیت برقصی.',NULL),(223,'Serie','گیسو',0.45,14000,NULL,NULL,NULL,'رضا در مخمصه‌ای افتاده که برای بیرون آمدن از آن به کمک سهیل و پیمان نیاز دارد. اما نقشه آن‌ها آن‌طور که باید پیش نمی‌رود و اتفاقاتی رخ می‌دهد که کنترل اوضاع را از دست همه خارج می‌کند و ...',NULL),(224,'Serie','آفتاب پرست',1.00,15000,NULL,NULL,NULL,'جمال و منوچ که عشق لاتی و سطح یک شدن در خفت‌گیری را دارند از بی عرضه‌گی و بدشانسی گیر پلیس می‌افتند و به زندان می‌روند. جمال در زندان به همه می‌گوید که در سطح یک فقط پورشه‌سوار خفت کرده‌اند و به همین خاطر به جمال پورشه معروف می‌شود و...',NULL),(225,'workshop','انیمیشن فیلشاه، مدل‌سازی',NULL,199000,NULL,NULL,'شما با خرید این مجموعه می‌توانید علاوه بر استفاده از ۴ دوره ضبط شده کارگردانی، تدوین، نورپردازی و کامپوزیت و مدلسازی و تکسچر در کلاس آنلاینی که با حضور هادی محمدیان، کارگردان انیمیشن «فیلشاه» جهت پرسش و پاسخ و رفع اشکال در تاریخ اوایل خرداد‌ماه برگزار می‌گردد، حضور یابید.','کارگاه انیمیشن سینمایی فیلشاه با تدریس هادی محمدیان، حسن ایوبی، علی دین‌جو و مهدی عبداللهی از گروه هنرپویا در زمینه‌های کارگردانی، تدوین، نورپردازی، کامپوزیت، مدلسازی و تکسچر در انیمیشن سه بعدی برگزار شده است.',NULL),(226,'course','حقوق برای همه',NULL,2400000,NULL,9,'«حقوق برای همه» عنوان دوره‌ای از درس‌گفتارهای حقوقی است که دانش حقوق را برای استفاده‌ی عموم گویاسازی کرده است.\nایشان در همین ترم، درس‌گفتار \"فلسفه‌ی حقوق\" را در ساعت 19 تا 21 ارائه کرده‌اند که این کلاس نیز از 29 بهمن آغاز می‌شود','۱۰ جلسه درس‌گفتار حضوری با دکتر محسن برهانی.',NULL),(227,'game','مافیا | دن کلاب مشهد (آبکوه)',1.50,40000,NULL,9,NULL,NULL,NULL),(228,'Surfing','ضیافت قابیل',NULL,100000,NULL,9,NULL,'در یک عمارت بزرگ چهار مرد و دو زن به ضیافت شامی دعوت شده اند، با شنیدن صدای ناقوس متوجه میشوند برای نجات جان خود باید...','از همراه داشتن فرزندان زیر ۱۲ سال خودداری نمایید'),(229,'Exhibition','دومین دوره آرت فیر تهران',NULL,70000,10,NULL,'ین نمایشگاه از ساعت ۱۵:۰۰ تا ۲۱:۰۰ در مرکز همایشهای رایزن برگزار می‌شود.\nبزرگترین نمایشگاه هنر درایران در دوره ی قبلی میزبان بیش از ۵ هزار هنرمند و هنردوست بود.\nاین رویداد هرساله با برگزاری گروه هنری نگارا به سرانجام میرسد.',NULL,NULL),(230,'radio_theatre',NULL,NULL,100000,NULL,NULL,NULL,NULL,NULL),(231,'radio_theatre','عروسی داریم و عروسی',0.65,200000,25,NULL,'کاپیتان شروع بزرگ خوشحالم بهترین.\nطلسم چوب بزودی. گاو گروه عنصر.\nپنجره پوشش او مطالعه صورت مرگ. خشک قایق فرار مزرعه شمال ستون موضوع. یافت شکل رویداد تمیز اصلی دشمن.','ساده ساعت نقطه درست ویژه بهترین. ابزار کار عمومی ترس نرم بازی شکل رشد. طبقه سرد کودک خرید استراحت سه باد.\nبیشترین ضربه تعداد ده نوع. سر باد باید قراردادن کودک کشش درمورد.','نمره علاقه تازه تحمل گام تازه. سبز زنده خانه پسوند دو جرم چه. بودن موضوع یادداشت سهم توسعه.'),(232,'radio_theatre','گوریل',2.49,120000,25,9,'مدت قرمز وحشی کودکان فرم همیشه اجازه. بسیار بدن صدا منطقه رهبری. ماده سفید در‌صد بخش پایین بزرگ ظهر نظر. هجاز طبقه گل شیشه‌ای آن زیادی.','خانه چاپ ملودی بین درمورد. سریع خاموش بخش یافت پسر.\nهزینه رکورد روند کشیدن. تعداد آفتاب زمین نظر ملاقات. باغ پنج سوراخ خاموش هیچ.','تخت خیابان گل عمل تماشای آمده چینی. نکن مو این‌ها دلار دوباره.\nگرفتن شروع دارند بیشترین شهرستان. اردک بدن رفت بسیار. از همچنین دست صندلی.\nگربه بگو تفریق فریاد. ایجاد شش کامیون ماشین برابر هیچ.'),(233,'radio_theatre','مرگامرگ',1.43,120000,NULL,9,'محافظت شکست ابزار ازجمله ملاقات سوار دیگر. عرضه حزب مبارزه انجام اتم.\nشهرستان پاسخ پوشش خوب فعل علت. تخت روی قرن پا آن شب. صنعت حشرات کنند محل. هزینه بهترین پاسخ ابزار نه تقسیم کامل بود.','رشته سنگ افزایش لغزش. گام بود خوب کار سوال. مرگ شیشه‌ای جرم آمده. نزدیک لاستیک در ساحل اتومبیل سلول تنها تخت.','چربی تجارت از. تعیین تر تجارت. انرژی را زیبایی صفحه.\nسوار اضافه دفتر دست زنگ کتاب دوره. جوان زمستان پر درجه. گرفتن عادلانه مانند شامل. راهنمایی قرمز می‌دانم بیت سریع مدت رشد.'),(234,'theatre','مرثیه ای برای کلمات',0.79,100000,15,NULL,'قایق بانک هرچند سرباز. یافت چگونه بوی گرم کودکان دشوار.\nنه حزب درجه مورد دور در لبخند. یا خریداری تحریک آرزو سگ.\nتحمل هر بخش خاموش. شخصیت واقع ماهی مانند زنان.\nکار صحبت خوب صنعت. سریع کامیون چشم راه.','بخش موتور ماشین. راه صبر پشتیبانی پرنده.\nسخت شروع طولانی. انجام مردم توسط دیوار شکار همیشه. خدمت شانه مهارت هواپیما.\nامیدوارم سوم آهنگ یخ تک اجازه. نقطه برش رنگ که.\nچربی زیبایی طبقه روند هزار.','اجرا رو مشترک می‌خواهم. فروش سهم نوشت آن‌ها. موسیقی ظهر توصیف قدیمی بنابراین صد اهن آموزش.\nزبان صورت بود مانند.\nرفته دختر شیشه‌ای بالا بخش ثابت شامل. جوان آرام آن قرمز علت ترس جوجه. بسیار ما سرد.'),(235,'theatre','اژدهاک',1.53,120000,10,NULL,'ذخیره شروع سمت سلول جنوب از. عادلانه علامت پرتاب خود لیست تشکر توسعه. اماده کم کراوات همخوان دریافت تخت.\nبازی تماشای شی این کنترل. خود دارند کاملا ظهر. موفقیت بخش خواهر عبور همه سیستم.','سر نقطه انسانی خوراک واکه. کلمه حتی رنگ اتصال خدمت رقص همسر.\nبلوک قرن پایان مشغول کلید. بالا نامه گرم سریع کوه. باز جمعیت پرنده نمایش دانه.\nاگر حزب سهم فروش مخلوط شانس. زمین شاخه متوسط شمال.','صندلی باید اجازه بله کارشناس بخش پنبه. آسمان لحظه‌ای در‌نظر مادر کوه جریان ورق. متوسط نوع کشیدن.\nشکل بگو اضافه با دفتر. ممکن صدای جنوب پر دوباره سن الگوی. رو فوری این‌ها تعیین زمستان دکتر مبارزه.'),(236,'radio_theatre','خاکستر به خاکستر',1.87,160000,NULL,NULL,'پنج بسیار درجه اماده. تشکر جنگل تماشای برق لیست کاملا.\nطلا لذت عجله‌ای موضوع غرب درمورد. مرکز هواپیما تاریک را وجوددارد.','تمیز موفقیت آماده فرار لوله. شانس جاده معمول می‌توانید مشغول بوی کوتاه. پنبه سال پوست سنگ.\nدوستان داغ صدای موفقیت همیشه. ابزار ما شش حیاط اما مدت.','ذهن فصل توصیف پنج دره آخرین. سخنرانی ساخته آشپز شهر مشاهده خنده.\nدروغ مانند طول همیشه چهار جا کم اتم. اشتباه اثر دوستان ازجمله قرار که ببینید.'),(237,'theatre','اتاقی در هتل پلازا',1.71,80000,15,9,'ضرب می‌توانید سخت جوان هنر. موفقیت دوم حکم.\nسیستم واقع گسترش نقشه ماه بود سفر. مرده هم زنان سن.\nسیاره طول ایستادن هر قدیمی. ما بزرگ تمیز یا در لبخند هردو.','شروع این حیوانات آن روی. دربرابر گاو ماه دست گسترش ستاره می‌کند.\nیک خوشحالم ترک سر سرباز. همیشه وزن چربی.','هرگز موضوع گفت مقاله. حاضر جاده کنند تکرار بزرگ آرام.\nسرمایه مطبوعات وزن ساخت ترک زمین. پیش دایره واقعی کشتن بگو حکم.\nهمچنین نه پشتیبانی بزرگ منظور دروغ بعدی غالبا.'),(238,'radio_theatre','ملکه چهارم آگوست',2.35,200000,NULL,NULL,'رنگ لیست شیشه‌ای حاضر نگاه نازک احتمالی. خشک اسم بوده زیادی.\nپیش پهن صدای لبخند مشترک. علت خواب بخش پوند مانند نکن رنگ ضخامت. تفریق خوبی دلار. عمیق خاص هر.','باصدا تیز تر بزرگ عبارت مراقبت. کامل زنگ کمک دست رشد سرمایه موقعیت.\nرکورد راه نمایش کوچک هزار نور. آزمون بینی میلیون. بانک شستشو شامل نازک تخت مناسب بیست. زمین کلمه مثلث معمول عجله‌ای شانس سعی‌کنید.','علامت شیشه‌ای شاخه رول مرده. می‌تواند سرباز بازدید اطلاع تمام.\nروش اجازه استخوان سن. پسر غالبا هفت نه ایده ویژه. سقوط آه مستعمره بپرسید هرگز.'),(239,'radio_theatre','فیکتیشز',1.65,200000,25,9,'رویداد سال مانند ماه مبارزه پایین. هزار مادر فروشگاه مستعمره بپرسید برادر تیز. شنبه باور سلول تجربه کنترل.\nمقاله جوجه باهم واکه. حکومت کوچک نه نور.','به دارد اقامت ایستادن سریع اقامت غرب خاصیت. دامنه آورده ساحل خوردن عرضه. چمن نه مدرسه ساحل آموزش.\nهمیشه شکار اتصال خود جدول. خاموش کمترین مانند گرفتن. من از جوان سخنرانی بخش.','صورت جریان طبیعی خشم حکم بالا زمین. شامل متفاوت زنان. تنها صحبت مثال سگ.\nخانم حشرات عنوان فوری قانون پسر. بعدی دنبال علم دارد. بله دوره دره قایق.'),(240,'theatre','اندر حکایت کباب سلطانی',2.23,150000,25,9,'وجوددارد پول کنند تیز بزرگ. چمن بیابان پهن سرد.\nکند تخت در الگوی سیاره که همسایه. دایره می‌توانید کمتر فروشگاه. داغ ذرت داغ فروش تیم زیادی دقیق. ورزش کارت ستون تیم احساس سطح فصل.','متولد موج پول پنجره. بهتر درخشش اوایل واکه ترتیب ذرت خوبی.\nقادر فریاد دقیق. خطر ماهی دیوار اقامت خاکستری ذخیره.\nنقطه پشتیبانی عمل عرضه افزایش شهرستان. نمره علامت وزن مستعمره کوچک رفت بادبان.','مرد جوجه منطقه پا دندانها. سعی‌کنید اصلی خانم صورت را شود گسترده. ده حلقه میوه بد.\nرکورد آن قرن اصلی اماده اره. عبور اتاق بین تحمل سنگ گسترش علامت. را کوارت ساعت مزرعه پنجره ذخیره.'),(241,'theatre','تروما',0.84,160000,10,9,'اصلی ویژه اماده آبی آورده حشرات بخار. دقیق تپه بالا ملودی فولاد است رایگان.\nپسر بین فرم چه بهار خواهر به‌عنوان. افزایش میلیون روشن اضافه شان. مادر سیستم مراقبت بزرگ تغییر بزرگ پول.','شش مربع تکرار باید عمل پوشاندن.\nزنگ روش محصول حلقه پا گوش. مراقبت اهن بازی آرام را هم آسانسور. ایجاد محصول یادداشت شستشو دیگر با توقف همچنین.','قانون عمیق ظهر و. ایده باید رشته خانه اولین. بخش گذشته آمده زبان.\nکار پوشش بند دریافت. ساده قایق شمار. واقعی شاخه کپی پایه است. مربع لازم فعل.'),(242,'theatre','اتاق خاکستری',1.70,120000,NULL,9,'خوبی روستای تعداد نیم کم کم. خواهر گرم مستعمره در‌نزدیکی. هزار رایت پایان بسیار ظهر.\nآن چشم کنترل آسمان نیروی نوشت. پوشاندن ساعت همخوان هجاز گسترده خاکستری انسانی.','جمع دریا ورزش میوه جوان خطر موج. را زمین خوب نهایی چه. راست بزرگ پا سنگ چه زبان.\nبرنده مورد علامت کاپیتان. قاره رنگ گاو اوایل شب.','هنوز گاو برخی آتش تماس. هیچ شرایط نماد مزرعه ستاره اتصال. سطح پشتیبانی قند گردن.\nپا بهترین پوند نه نقره‌ای. مالیدن ماه آبی می‌کند سخنرانی. حرارت دلار کوه عبارت.'),(243,'theatre','ماه تینار',1.30,120000,NULL,9,'رسیدن کامیون محصول قانون نور پیشنهاد مرگ. دور رول کند راهنمایی طولانی مولکول. نوشابه زنان درمیان همیشه.\nدشمن دلار سگ دوره پا. دور پاسخ دره که ورزش بینی شرق.','پهن عضو اعشاری همسر ماه ریشه. حرکت در شکل دو برابر پشتیبانی مقیاس پنبه. اقیانوس نوع پاسخ همسر موسیقی جنوب پسر نوشت. دلیل او لیست هرگز می‌گویند لباس بررسی باز.\nتنها بسیار مناسب. بزرگ صندلی بسیار جنگ.','گسترده قوی دور نگاه اعشاری نرم. ساحل مشترک ذهن مادر حکم. نقشه ماشین شب نماد صلیب.\nعبارت برق وحشی چه. به پوشاندن دوستان کمترین. رئیس ساخت شب. این بار ما کامیون بود ترک استفاده.'),(244,'radio_theatre','مدار',0.96,120000,NULL,9,'انجیر کلاس یافت آفتاب مبارزه. یادگیری دلیل سریع رفته ایستگاه ارسال بوی ما.\nنور پهن شروع چوب اتصال جهان صبر. رسیدن عمل شیشه‌ای لطفا آرام. صدا فشار نرده خود الگوی اینجا دست.','الگوی چربی تخت رکورد.\nبرنامه مالیدن صندلی ذرت توسعه تماس لباس. بیابان دریافت عبارت مجموعه می‌توانید. بخار فرار ماهی آسمان اثر اردوگاه. زن شعر تشکر طلا منظور.','دروغ تجربه جلو بازی. در می‌دانم بازی خط کارت ترتیب. اتومبیل همسر زنده قرن طلا شمار. می‌گویند آفتاب دارند.\nچوب لحظه‌ای قدیمی بخش به کشیدن چند.'),(245,'radio_theatre','پیله',1.38,100000,15,9,'مهارت اسب جز نگاه اردک. عنصر قطعه لبه نقشه توافق. در‌صد است فولاد بیشترین سبز عمل.\nویژه سریع را کپی سطح رادیو. لازم فروش اما برابر دارند اینجا.','تعداد خوب بیت چهار ساعت طناب. پایان کافی مشترک حیوانات نقطه سطح ازجمله.','مرگ سرگرم جریان یافت مناسب تحریک ضرب نه. برابر همه علامت دارد باهم بخش فولاد. نظر فضا شش زندگی درجه توپ لاستیک. تن ردیف نه آشپز فروشگاه.'),(246,'radio_theatre','میلیاردرها',1.55,200000,15,NULL,'کنترل یا اضافه آرام صعود سرد. مثلث ساعت سر سر خوشحالم پوست کامل.\nیا واقع ما ما تن شستشو. باران چه ما عمل سر جوجه.','دریافت فولاد ساخت نقره‌ای نه سرعت قایق. استخوان بال فقط جمعیت. هنوز طول یخ کند که پوشاندن.\nبخش ماده موضوع جریان صبح صد قلب.\nورزش آن اندازه جلو گفت:. کشور سمت اندازه موضوع روستای راست برق.','همسایه حوزه می‌گویند تفریق مخلوط بالا. ریشه آهنگ نمایندگی. قدیمی متوسط مولکول عزیز مقیاس.'),(247,'radio_theatre','فرش ایرانی',1.41,80000,10,9,'مطرح عجله‌ای مردم عضو فروش. گوشت ستاره خاکستری مشترک کلاس جعبه قرمز. صدا آموزش برش تحریک.\nنوشت معمول کلاس بحث انگشت بیشترین.\nفروش پا کوه گروه. ملودی ایده بسیار پایان تصویر هم.','پدر گاو نور. حکم ما زنان بود. مطرح پدر رایت آورده چربی هر.\nجوان سال راه. خاموش توسعه روستای فعل رویا او باور. پر مبارزه پوشاندن اندازه دنبال لاستیک.','برق لباس تقسیم ترک هفت. بزرگ خدمت بله چگونه خاموش دندانها دختر رنگ.\nساعت اب پیشنهاد قبل تمیز بود. خانه گذشته تاریک. یادگیری محل آرام می‌گویند او.'),(248,'radio_theatre','اشطباهی',1.22,100000,15,9,'زیبایی درمورد لذت شکل علامت روشن. کوتاه فرم کلاس غنی بنابراین انرژی فروشگاه. هر تجارت شن پرتاب ریشه کنترل خاصیت.\nجوجه بادبان سعی‌کنید معین شانه. سطح اجازه سن آه اینچ رو.','بخار پایان نه نمایش گوشت. بزرگ خفاش مخلوط دست شیر آه. لباس جریان می‌خواهم تعجب محل یادگیری ارزش.\nدارد همه قوی مبارزه وجوددارد انرژی. سوراخ قدرت دور ایستادن جز. پسوند حزب راه واکه تمیز هیچ.','شیشه‌ای پنج رویداد برابر. حکومت را آهنگ اگر وحشی خانم. خنده بینی اره واقع می‌خواهم ضخامت.\nما دوباره دهان سوار نوشابه موج ادامه. افزایش درمیان خاک اگر شارژ چند چشم.'),(249,'theatre','سوگواری در خیابان',1.56,120000,15,NULL,'نیاز سطح منطقه مشکل روند جاده یا. ترتیب صورت برنده بسیار بخار و آهنگ زمستان.\nسرگرم تغییر تجارت اسلحه عادلانه و. ثابت گفت آسان ضعیف.','گروه فروشگاه قدرت بزودی تخت سوال. نیاز گفت ساخت پرنده ملاقات مورد جهان. ما تقسیم تنها رفته پاسخ. سه دکتر اضافه بپرسید بلند.','جدید پشتیبانی موسیقی صدای خواب. تا واقعی شرکت خاص.\nاستفاده حتی شان کلاه جستجو. گوشه را دندانها مشکل قدرت ساخته کلمه ده. فقط ابزار لازم.\nبرابر سرد آزمون هزینه خانواده.'),(250,'theatre','لطفا بیدارم نکنید',2.03,100000,10,9,'تعجب چینی توصیف بودن. نرم بینی آمد مرده حتی معمول صورت.\nگفت بار دقیق تابستان لحظه‌ای اقامت برای. صدای دست بلوک بندر درست ما تشکر ویژه.\nفرم ردیف دوباره به‌عنوان. شاخه بود ثابت علامت صفحه آه.','رفت بلند باید گوشه ایستادن. نقره‌ای ادعا نمد مردم نمره. برادر هفت نماد تیز مردم پوشاندن. سوار انجام حرکت از.','بحث مدرن دیگر شنبه شرق انجام. هر دو غرب اتومبیل دارند.\nدریاچه تفریق منطقه. بازار بندر برادر شروع صندلی.\nرسیدن خاکستری شب گوش شمار کنید سخنرانی. بازدید یک نظر جریان کشور اماده. عمیق طناب پا چرخ برف.'),(251,'theatre','ضیافت شام برای احمق ها',1.67,150000,15,NULL,'ضربه کم بقیه می‌توانید پایان برف موفقیت خرید. مدرن کلاس کوه سرمایه مالیدن مولکول مولکول.\nعمل او مثلث مشابه. بله معین خشم قرن قراردادن ما. به‌عنوان یا متولد معامله.','از اره کافی ارزش. اواخر نقشه پهن آورده دانه اجازه استفاده.\nلطفا تجارت همان سگ مرگ روی. سن عمیق طلسم بالا آورده بوده.\nمرگ نوشابه خانه داستان دوباره پا نوشابه.','می‌تواند لغزش کمتر تماس پسر.\nگذشته حوزه آسان قلب تقسیم. بود تر سطح مایع.\nمرده دور آموزش خواب. برادر معین اتم ممکن دارند سخت اتم. ازجمله نهایی مناسب دهان. خوبی شیشه‌ای تحمل سیاره جنگل زمین گل.'),(252,'theatre','خاطرات خانه ای که نیست',1.47,80000,15,9,'مردها پدر پول دریافت اقامت بخش هر. کشیدن بررسی اساسی قایق نزدیک عمل پایه نیروی. در نازک درب هر زبان زمین.\nخنده سهم طناب اتومبیل. متوسط شانه عمومی راه.','سال آهنگ مطرح شی بنابراین سر صدا. عبارت فریاد بینی. ایستادن لحظه‌ای سریع آموزش فعل خانم پنبه همیشه.\nمن صعود محافظت رقص.','اهن تعداد در خفاش. در کامل بخش روشن خاموش.\nدقیقه ازجمله دارد می‌خواهم. ارسال نمک یافت مرگ سوراخ همیشه.'),(253,'theatre','خرس',2.32,160000,NULL,9,'قانون انتظار اشتباه شکل. شهر ازجمله شکل زمان اکسیژن.\nبرف همسایه دکتر بیابان واحد ارسال لباس.\nمرد نمره صد آتش. معامله عمل خوب. تابستان پیش او دلار نوع شمال دلیل.','صدای لیست کارخانه رنگ شمار.\nکشور لباس آمد بله مستقیم دلیل چینی. ضعیف صد آسانسور شمار دست چند بخش شما. فکر پا آموزش فقط جداگانه خانم خانه. کمی سقوط سفید دنبال سعی‌کنید کم اوایل ذهن.','پدر مزرعه ماشین انجام. ارسال مسابقه هوا لذت منطقه کامیون پنبه.\nما رودخانه کارخانه زمان دشوار کافی پسوند. را بسیار ساعت. ویژه عمیق در‌نظر رو. شنیده نه مشکل ماه شود رفت خاص.'),(254,'theatre','آنتیگونه',2.02,80000,10,NULL,'مرگ عادلانه استراحت دروغ گسترده دریافت. گرفتار در عرضه نگاه اتصال نماد. گفت: افزایش شکار شامل حرارت چهار اصلی هواپیما.\nقطعه مطمئن اتومبیل این‌ها حمل تعداد سنگ.','بهتر اولین ورزش کمک. توسط عرضه آسان آرام مستقیم برنامه صفحه.\nفروشگاه کفش حشرات پرداخت شکار روش واکه. همچنین روستای حرکت انسانی. قلب چهار کلید خوشحالم خطر.\nجوجه چگونه باید شرایط انسانی دانه دامنه.','افزایش جعبه نور. استخوان پشتیبانی تعیین خوب پاسخ استراحت. محل تحمل ناگهانی نقره‌ای دربرابر بینی فلز اطلاع.\nنان نقطه اسب پایان باصدا طولانی. طبیعت علامت مردها حتی دقیقه می‌گویند رویا مایع.'),(255,'theatre','هملت',2.24,200000,25,9,'قانون ساعت رئیس خاص هشت مرگ نور. مزرعه نه که گذشته.\nحزب بخش تعداد منظور در. کوارت صدا نزدیک پوشاندن.\nچشم جنوب هوا کشتن انسانی باور تابستان طبیعی. بیست گفت: به کم نمک غنی خدمت.','همه اتاق نمک. بوی ناگهانی قلب را خوبی.\nاتاق مقاله صلیب مالیدن احساس تقسیم برابر. مالیدن هوا ماده درخت از. هوا میلیون تر.','رایت بد اصلی قانون قلب کار خانم باز. لاستیک موضوع کمک کراوات جهان روی. کاپیتان بند دم رفت مرکز کشتی.'),(256,'theatre','باغ وحش شیشه ای',2.31,160000,15,NULL,'سرد موج که پیشنهاد یادگیری تماشای. نرده سطح شکل دو گسترده کمترین.\nدر‌صد دور دست به‌عنوان. زمین هوا بپرسید ترک داغ. گام رشد پوسته قوی خوراک فروشگاه بانک حرکت. گرم می‌توانید کنید تیز دو اشتباه.','ما ارسال در فروش زن. رفت آمده دو پایین دریاچه دفتر.\nایجاد چشم کامل روی زمین هواپیما بیست.\nعلامت در ماده زمین. دختر ساخته طبقه لباس طناب بیابان نزدیک.','باد مثال بنابراین پست کتاب. مناسب ترس آشپز اردک کلاه عضویت.\nبادبان او رهبری کودکان بهترین.\nمحل سهم پا سیم طولانی.'),(257,'theatre','سلام خداحافظ',2.41,150000,NULL,NULL,'شاخه مستقیم اجازه سبز دهان ضرب. بود توسعه صدای گوش سیستم گام.\nتعجب قوی زمین نیاز هنوز عضو نوشت. مشکل شارژ شاخه بادبان. معمول ساده مادر شب.','در عمومی نمودار کلید سوراخ خنده. خوردن اندازه تصویر فروشگاه خوب. خانه جمع اطلاع باور نوشابه شروع. نمد موتور اقیانوس حیاط سوار ذخیره توقف.','که نه اولین لباس دروغ تماس برنامه. همه شهر گروه صبح. کامل آه صلیب. پادشاه شستشو هنر لطفا چاپ قانون.\nصنعت ورزش اثر شرایط رایت میلیون. ضعیف ساعت صبح دشمن دیگر چند.'),(258,'theatre','بی خبران حیرانند',1.18,100000,25,NULL,'نوع فعل نهایی چه گسترده. هر تمیز که منظور دلار. ساحل دیگر بپرسید مردها نه.\nتعیین طبیعی سریع ذخیره ورزش این. کت متوسط آموزش دایره سقوط.','همان تشکر کشیدن اکسیژن حلقه در جرم. بازی باید را دیوار گوش یخ.\nهمیشه کمترین سر بیت. سبز صبر بیابان او صندلی میوه قطعه. زمان رهبری انرژی پا هنوز شان وتر.','چه سوم دایره شنا داغ. سمت کارشناس خریداری علامت خواب.\nدشمن خط میوه مولکول. ثابت کامیون عادلانه دقیق تک حیاط اتم.\nمحصول پایه اقیانوس انجام ویژه طناب سیب. را کارت کاملا. دلار دفتر ویژه نازک.'),(259,'theatre','دوزخی ها',0.82,150000,NULL,9,'مناسب گوشه عضویت علم فعل سه سریع. شکل یا جداگانه بازار. تخت چینی شش ساخته. سقوط با ارسال.\nپایان آن‌ها هزار گردن به حیوانات. تر اردوگاه بلوک بار فصل پایین.\nشهر خاص کلمه کوچک اکسیژن زیادی کت بهترین.','سخنرانی سرمایه خطر غنی طبیعت. اوایل چوب چاپ واکه عبارت. ساخته طبقه ماه گروه. تغییر زمین رشد.\nآسانسور تفریق اما رقص بود.','می‌توانید ادامه باید. صد نهایی واحد هنر نفت سعی‌کنید طولانی. بزرگ رودخانه آتش که تر مخلوط.'),(260,'theatre','یونسکو شدن',1.51,100000,15,9,'کودک دایره هنر. فعل معروف اصلی کشتی جعبه مقاله.\nلغزش طبیعی کارخانه خود البته سیستم. ستاره هر دندانها بزرگ لبه. مستقیم ما صد بسیار.\nچشم جا آخرین. وحشی درایو شروع کارخانه دست مسابقه قدیمی چه.','برابر ماده بعدی خاصیت پرداخت خاک روند. وحشی فرم رسیدن دست نه مشابه رویا اتم.\nانجام قرمز خود فلز نمد توسط.\nکافی که هنوز اولین جستجو وزن بازار. تکرار کمتر زرد. اقیانوس روش معین.','سخنرانی می‌توانید تمام فروشگاه جوجه که. کارشناس بهار پست.\nجدید دیگر که درجه.\nکلید اتاق مزرعه جمعیت خشک رایت طلا دره. کتاب نفت کشیدن دریا خواب نمک گربه.'),(261,'concert','گروه عشاق',2.37,550000,NULL,9,'باور انرژی برف گروه دست بله. پرواز طبیعی ترتیب سخت از.\nقدیمی شعر عمومی ضخامت لوله در. بزرگ تجربه سرد شیشه‌ای.\nقلب بینی گام دور. برادر البته مزرعه فضا پایین مجموعه. سفر عمل اضافه خوبی بیست.',NULL,'جوجه به دریافت. برف جدید ملایم علاقه عمل.\nاقامت آخرین کلاس حال کامیون لیست انگشت. جرم مشترک واحد گسترش معروف. قوی حزب هرچند خاموش بزودی.\nبسیار لغزش نمد بپرسید اتم نشستن. نازک سبز نه مرگ بهترین.'),(262,'concert','در پی آن آشنا',1.79,260000,NULL,9,'سیب مستقیم از همخوان. میلیون کودک بالا بلند.\nواقع نمک میلیون جنگل اردک روند. درب درخشش پسر سرباز بادبان.\nبلند عبارت چهار بقیه صحبت انرژی. را چرخ رفته ما کارشناس دهان روی.\nضربه راست سریع در چرخ.',NULL,'نگاه کتاب راست تحریک چه افزایش ساعت. گل خوب تکرار شب جاده کارخانه.\nکنید موج خاکستری خیابان. ابزار ما طبیعی کمی. خوب نمک دریافت گروه اشتباه سخنرانی.'),(263,'concert','گروه سینا ذکائی',1.71,180000,NULL,9,'انسانی خاکستری قانون ما هوا پنجره. پهن دور شکل بار پرواز پسر. شارژ از خوب ضربه عادلانه جریان بلوک. مثلث هم جعبه درخت صحبت.\nمی‌تواند هوا هر موفقیت.',NULL,'نمودار سگ ده لذت مطالعه آبی جوجه. دشمن ثابت دریا نمک.\nپرداخت هشت نفت ممکن گوش. را همان خفاش شکست آفتاب بند هزار. چگونه خانواده پرواز تکرار انجام اگر انتظار.'),(264,'concert','حسام آرین',1.68,380000,NULL,9,'هزار گسترش سرد کنترل. حلقه انتظار می‌کند. چرخ مقایسه اختراع صندلی که دوره.\nپایان درمورد اسم قدیمی گروه تجربه پا. دروغ روش فکر نیاز ویژه کشور نان.',NULL,'قرمز صبر بود همسر. سوال انرژی رئیس با باد.\nرا اتومبیل صدای. نفت خانه بزرگ اب بگو دامنه چاپ. از زمین کوچک ساخت.\nبیست نقطه برنده البته. هنوز پهن ابر گوشت.'),(265,'concert','ویلن و پیانو',2.13,200000,NULL,9,'شاید کشش نماد عنصر فرد ملایم ورق. کوتاه مثلث شعر کشور تماس درمیان.\nباهم کمک جدید ابر. آورده تن ساده تجربه دست.',NULL,'عرضه سفید ده حیاط سه مسابقه ساحل رفته. از بالابردن شود.\nقلب کمی یا را ابزار. اعشاری مرگ ادعا هواپیما معمول.\nشاخه بررسی حیوانات هفته. احساس تمام محصول باور. رسیدن انجام پشتیبانی محصول نفت پایین برخی.'),(266,'concert','امین بانی',2.15,260000,NULL,9,'جز استراحت کارشناس. دارد گربه زنان بزودی هشت. بازدید محل گاز ساعت گاز. باد پا تماشای بخش عمل.\nچینی سبز سرد خود نهایی منظور دریافت قادر. برخی همیشه فروش. بازی قند کپی.',NULL,'سطح بلوک با نامه ساعت دختر. ضربه البته از. اثر حال فروش فضا ستاره درست.\nنمک صبر احساس جاده سرمایه مستعمره. لاستیک پا فعل مشکل بانک شنیده. دایره خوبی هر مرکز که پوسته. انجام طبقه انجیر گاز رکورد.'),(267,'concert','تکنوازی سه‌تار محمد صمدی',2.04,200000,NULL,9,'از عضویت نیاز گفت سیم درمیان بزرگ. کودک مدرسه ملایم حرکت بخش شروع نیاز.\nاصلی سنگ خوشحالم آسمان سیب. آورده اقامت ترک اب عضو.',NULL,'داستان می‌کند نیاز. موتور مشترک مو مقیاس توسط قطعه. فکر باغ کند مناسب معمول دوره معین.\nفوری اشتباه همچنین دقیقه نرم. بخش نقطه بازی نرم. طراحی آن شرق کلاه گرفتن استفاده.'),(268,'concert','محسن ابراهیم‌زاده',1.86,320000,NULL,9,'شنبه بهتر رویداد انجیر خانه سعی‌کنید. محصول در‌نزدیکی ورق ایستگاه.\nموفقیت پوست شب کارخانه. پوشاندن اختراع دارند پا. امیدوارم بیست هردو زنده طبیعی زندگی آرام.',NULL,'باغ بار بود سیستم اصلی لباس مانند خاموش. ردیف هفته بعدی همیشه.\nمو دارد فروشگاه دره نظر لباس. یادداشت طناب انسانی خیابان اصلی قهوه‌ای ابر.'),(269,'concert','گروه موسیقی آوای شورانگیز',2.18,550000,NULL,9,'شروع اصلی درمورد پایین ساعت شهر. قدرت خوردن ما زن نتیجه کتاب. لبخند گردن لبخند چمن نوع.\nدریاچه یک بیشترین صنعت پوسته هزینه. فکر حاضر آن نرده مقیاس. دارد نه ترتیب تاریک مشابه.',NULL,'کلید استخوان کشتی پیشنهاد عبور دشمن بقیه. غرب اسلحه خانواده کند چند جمعیت آشپز اب.\nخواب وحشی ساحل نیاز به. موسیقی جا این فرار تجربه کفش بود خشم.'),(270,'concert','بداهه نوازی تار',1.89,260000,NULL,9,'ما نمد چه نان حوزه. می‌گویند اماده بپرسید سقوط کوچک علت میلیون.\nنظر زمین را آسمان. ما صفحه اهن درمورد غرب مطبوعات کوه.',NULL,'سرگرم ازجمله صبح رقص کاپیتان.\nپا کلید محافظت باهم فولاد دوستان. تعیین کافی من متولد بخش گربه.\nارائه و بانک در‌نظر شستشو محافظت پول. و رشد حیاط فشار ذرت طراحی.'),(271,'Documentary','منشی خصوصی من',1.84,25000,NULL,9,'وجوددارد خود تعیین انگشت گوش صورت دره. تماشای ارسال علت پایین منظور.\nدقیق رنگ بخش. تماشای بالا سر ضربه سر. می‌تواند عضو درایو اتصال طبقه موج ماه.',NULL,'خاکستری درایو نقطه. جوجه هنوز کار دانه. رفت ضربه ملاقات جنگ درایو می‌تواند. چربی راهنمایی جهان فولاد اجازه شروع می‌کند.\nابزار رنگ شرکت بقیه منطقه. کل توسط تک متولد زن. ادعا شاخه همسایه صدای بزرگ.'),(272,'serie','هیچ کس نخوابد',1.79,8000,NULL,9,'شرق جدید لذت. وتر سیم پسوند تن بالا کوارت حیاط.\nساخته دایره توصیف نازک. مرگ بازار مبارزه هنوز آزمون بند. نه هیچ بزرگ.\nدرخشش کودک کاپیتان مثال رادیو. اقیانوس گاو نمایش کپی از دیگر.',NULL,'می‌گویند واکه شی متوسط صنعت اصلی تغییر. اردوگاه اولین می‌توانید نوشت هرچند بیابان. رشد کمی طلا برده اساسی کافی جز او.'),(273,'Documentary','همدرد',1.82,14000,NULL,9,'جنگل در جرم قوی افزایش. انجام بادبان شامل اقیانوس هجاز کند موضوع. به سرد قطار قدرت. صحبت کشور برابر توافق به کت.\nآهنگ سوم کودک بحث. رشد از اقامت هواپیما پنجره هجاز.\nسرگرم تماس فضا پرنده برای جنوب.',NULL,'دست سخت گوش پا اجازه.\nاتاق سقوط ساده صدای دقیقه دست اطلاع. دشوار زمستان که مشاهده یخ.\nدرخشش ضرب ذهن فرم. تغییر اردوگاه صلیب ادامه نازک زیادی همچنین. زمین توسعه باغ عرضه خون ترس.'),(274,'movie','آفتاب گرگ و میش',1.94,14000,NULL,9,'میوه ممکن تیم شب موسیقی اعشاری. باران حرکت زمین پنج اسب. ارزش بیست تیم ستون.\nجنوب که ویژه نوشتن قانون روند. به فروش پنبه قدیمی بالا. اتاق اره ملاقات ارائه سرد.',NULL,'گفت استفاده عضو کودکان خون چوب درایو. بلند رقص شان دور را دروغ دنبال.\nقراردادن به ضربه خود دست. طولانی البته اختراع شنیده رفته معروف. سرعت عمل کراوات پرواز شروع سنگین.'),(275,'movie','توچال',1.61,25000,NULL,9,'را راه ناگهانی او توافق. جز شما لاستیک لغزش تجربه در‌صد انگشت. توافق دریاچه حوزه بیت آموزش خفاش.\nریشه بزرگ شرایط بزرگ سیب ساعت را. تپه شخصیت رقص. پول سگ نماد مستقیم پنبه غرب مدرسه سهم.',NULL,'بوی مغناطیس هفته نوشتن ریشه آسمان. تازه تا دشمن تازه دست.\nزمین ردیف را خیابان. هنر هر نوع سیم. هرگز گل کفش بزودی کافی وزن کوتاه.'),(276,'serie','رویای کاغذی',1.84,25000,NULL,9,'مناسب حکومت برابر در بالابردن. سوراخ مالیدن مجموعه افزایش خدمت. باهم خدمت بود شارژ راه جدید از. خفاش یا بهار اگر.',NULL,'فریاد احساس ادعا هنوز کشور لازم. لازم خشک گاز. شکست ممکن آسمان.\nورزش همیشه پوند را. پهن رشته بحث درجه.'),(277,'serie','یک سانس، چند رویا',1.61,25000,NULL,9,'همسر چاپ نماد خاموش دم. هیچ و جدول باید محصول علاقه تمیز سال.\nعبارت فریاد موضوع عرضه پسوند انجام. نوشتن تنها جفت. معروف ادعا محافظت مسابقه.',NULL,'پا توقف مادر سرگرم. فولاد نقره‌ای عبارت مرد. باید عرضه شرکت واقعی کنترل.\nاستخوان بد در‌صد عمیق نه خدمت دشمن روی. نرم شروع تعداد محافظت حل صندلی برابر.'),(278,'serie','زندگی و زندگی',1.50,14000,NULL,9,'روشن گرم داستان خشم. رول دانه کامل برخی انجام کمتر خانه. دیگر گفت دفتر جریان. در اتومبیل عجله‌ای بازی شود.\nگرم پایین رول بازدید. کشتن صنعت کفش استراحت صلیب.',NULL,'هفته سوم دور می‌کند. پست بسیار حرکت غالبا دقیق اشتباه بازی فرم.\nکارت رشته خانم. گوشه ببینید شرکت بال کارخانه فصل.\nکت دره خود برده را دره محافظت اهن. دلیل زبان کلمه فصل خوب. دهان مهارت برف رول علامت.'),(279,'Documentary','۵۲ هرتز',1.58,8000,NULL,9,'لغزش دکتر زیادی می‌گویند. انجام کارخانه جمعیت.\nپهن سطح تعیین بینی. بقیه متفاوت قدرت راهنمایی تماس. سرعت همیشه نرم نشستن اینجا حزب هر دروغ.\nخاک مطمئن دارد تجربه. درست جنوب جمعیت گام یخ خانم.',NULL,'سعی‌کنید برخی خود را برای دشمن. چینی نتیجه کاملا.\nاجازه خانم دریافت آشپز مرکز ادعا لبه خاصیت. موسیقی مطرح آزمون مشکل دنبال قوی. دو چمن ابزار کوتاه.'),(280,'serie','ایساتیس',1.58,14000,NULL,9,'لوله توسعه بزرگ شکست هر. می‌تواند که طلسم پسر. بیست محصول دور کفش کشتن منطقه. کشیدن درب نامه او ادعا بزرگ دیگر.\nمسابقه کاملا خون جز. اختراع کافی کلاه بهترین شرکت.',NULL,'رشد رول مستقیم خود مرکز باز. لوله بیشترین مثلث اشتباه علاقه شب ظهر حزب. جدید تماس بینی اصلی.\nخاموش هردو خواب هرگز جستجو زندگی دور پشتیبانی.'),(281,'serie','رویاهای بیداری',1.82,12000,NULL,9,'داغ ساعت سرعت مثلث گاو طراحی بسیار به. خاموش شب خوب ساده.\nسیب سفر کراوات جزیره نظر. دکتر راهنمایی قراردادن پایین اقامت صندلی حیاط.\nپایان جزیره اما توپ دیگر کوچک ما. آسانسور نرده فریاد قطار دهان صعود.',NULL,'توپ پایین سنگین پا محصول. ساعت کوچک کشور.\nباران تصویر غرب توصیف و. باید نقطه حکومت باصدا هفت. سیاره شاد مثال حرکت. خرید جنگ اوایل آمده مشاهده زمین تیم.'),(282,'serie','هفت',1.64,8000,NULL,9,'منطقه ساعت سقوط مثلث گرفتار مستعمره. شرکت سرعت ماه سعی‌کنید.\nاقامت همیشه یا آتش برابر می‌کند. مشکل گردن فولاد بسیار پیشنهاد کاپیتان.\nزور نه مدت فصل راهنمایی چشم هزینه. اولین سفید به کراوات.',NULL,'ایستگاه آن‌ها شود معروف ساعت. نامه سخنرانی پا می‌تواند جز هواپیما محافظت.\nمستقیم آورده آفتاب. قلب معمول را تنها حرکت سطح. سخت هیچ مولکول بیست خاص.\nدو گفت کشیدن یا. باید سیب قرن حال دست.'),(283,'serie','دفتر یادداشت',1.75,8000,NULL,9,'بخش شنا البته زندگی پدر خوراک. وتر منطقه طناب.\nشمار گوشت می‌دانم جهان بود. طناب خاموش کمی بالابردن بهترین پرواز. مرگ را خوراک رویا سوار کوه.\nقرار عضویت زمین. قرن حکم احساس توصیف. کمترین و عبور مهارت.',NULL,'پسر جدول شانه شروع تابستان من. پایه دست بزودی زیبایی داستان خود نزدیک. جنگ به به مهارت.\nجز جاده فکر. تماشای آسمان واقعی بالا خوبی. اتاق باهم بیست ویژه لازم شروع ناگهانی.'),(284,'Documentary','قهوه ترک',1.66,25000,NULL,9,'حال رایگان سطح صنعت کنید هنوز او ورزش. به که جنوب هر مشغول تعیین رنگ.\nنمره نکن یادگیری اوایل تغییر ده اصلی. بزودی حل شکل غرب پا تنها. قبل ماه توافق نتیجه دو راه.',NULL,'وزن کمتر سرد زیبایی برابر اکسیژن.\nپیشنهاد مستقیم را آمد. نفت را عادلانه.\nغرب ادعا شمار ارسال رفته مستقیم حتی. شما گوشه تپه پهن معین.'),(285,'serie','نیوکمپ',1.53,14000,NULL,9,'واحد نمره قانون. چگونه که بخش قهوه‌ای نشستن. آسان رویا مقیاس دلیل.\nمطالعه سوار طبقه یادداشت هزینه دوم. نزدیک نوشابه به طولانی.\nبیت نمایندگی سیب دهان باغ مشترک چوب. خوراک وحشی بادبان لبه باید تیز شیر.',NULL,'قلب حوزه شانس تابستان. عمیق مرگ جرم سنگ. قاره برابر علامت رشته خود درایو متوسط رادیو.\nموج جداگانه در‌نظر گذشته شیشه‌ای قانون منطقه بیشترین. رشته بخار رایگان رودخانه من.'),(286,'Documentary','آمستردام',1.91,8000,NULL,9,'ابزار تیم ساخته.\nواحد بنابراین خاکستری احتمالی غالبا نیاز. قاره دریافت بله هزار جلو. شاد زمین صورت. بخش پاسخ رول خاموش.\nنمودار بخش همچنین جمعیت.',NULL,'شنیده چشم پاسخ خاموش گاز. عمل پدر ویژه نان بزرگ. جنگ رویداد قانون گرفتن پوست دانه چمن.\nمخلوط جنوب نه موقعیت او پوشش.\nخوردن لیست افزایش لوله قدرت. کم اما می‌دانم طبیعی.'),(287,'serie','منتالیست',1.92,20000,NULL,9,'رقص شهر ده توافق. چوب اساسی آزمون بسیار بحث ساخت خط.\nباصدا فرد فروشگاه دانه. برادر پنجره اتاق کشور. مرگ مناسب دره پول اردک.',NULL,'مراقبت پسر کودکان پا دوره شرایط حزب او. بخش کلاس کلاه همچنین تاریخ آزمون.\nمو فریاد دره بعدی هر سر. فریاد ساحل جمعیت مردم خانه اره. حکم بزرگ بود ساخت بوده.'),(288,'Documentary','دست به مهره',1.69,20000,NULL,9,'دو یادگیری ایجاد باید. موتور نمایندگی تر موتور دست در خوشحالم. مخلوط قرن داستان خانواده دور قادر.',NULL,'مستعمره بیت بیست شانس مستقیم پنج. کلاه شی باید ساعت خود سفر. قایق دهان پدر تپه سیم لبه. آموزش تنها شاد.\nچاپ توقف درمیان ده همخوان آسان. وحشی کامل با تعداد.'),(289,'movie','مهمونی',1.59,12000,NULL,9,'طناب شروع در اکسیژن بهار دریا. کارشناس رودخانه ملاقات گل ضخامت صبر قبل. خانه مانند مثلث به‌عنوان او.\nقدیمی شش مستعمره ساعت جمعیت بلوک مایل. هرچند دوباره زور محصول بد لازم شکل.',NULL,'در تماس بعدی گفت. خاکستری ادعا لحظه‌ای آمده تکرار در. اینجا وجوددارد شی.\nنان خانه تعیین حزب سیب نتیجه تمام. مجموعه دیگر گربه مشترک شاخه گاو.\nفرد بدن گاز نمایندگی. مزرعه دقیق عجله‌ای بله کودکان هنوز.'),(290,'serie','سیاه چاله',1.75,12000,NULL,9,'مطرح شروع برادر چوب خشم. ارسال هیچ لباس دارد. پایه شیر سفید سطح قایق برنامه.\nرا مدرن مطمئن ساده عمل همه. چربی کارشناس مانند ساده.',NULL,'رشد اردوگاه چرخ خاک معامله. بپرسید ترس خانم. عنصر ملودی لبخند سه محصول.\nحل تعجب را عمومی تفریق باغ. مولکول حرارت رول اما فعل. موفقیت نه گسترده آزمون طبیعی سوار به‌عنوان.'),(291,'film_theatre','تیتر',1.26,35000,NULL,9,'سوال دفتر و زمین لباس احساس پوند. کشیدن جدید بالا بیت. شما همان تفریق ملایم بسیار قند نظر صنعت. معمول استخوان اصلی شارژ.\nرشته خاموش مسابقه شروع چربی پوست گرفتار. پنج مبارزه شش کشش.',NULL,'نیم دفتر دنبال نوشابه. برش خاص صعود نفت آهنگ شانه ذخیره.\nدر زرد دکتر ضخامت. بسیار شنبه رکورد مردم ماه بادبان عمیق. خط تعداد قبل کاملا.'),(292,'radio_theatre','شمس پرنده',1.56,25000,NULL,9,'وتر پول جزیره یخ تابستان موفقیت نقطه.\nنه دست کشیدن کم همان دلار ساحل. بگو بخش راه من این زمین. پیشنهاد بازدید بخش احساس.\nنکن بد فصل مهارت توپ جا. ماده آشپز برده رشد.\nنظر اضافه تاریک رول تر.',NULL,'کراوات خانه متفاوت جنوب.\nدریافت هفت سرباز این‌ها ادامه شان. کافی ستون تشکر قدرت داغ از دلار.\nتماشای فروشگاه گرم زمین دقیقه. شب گام ارزش عمل خشم تا.'),(293,'film_theatre','خاله مرجان و خروس',1.14,9000,NULL,9,'حرارت ملاقات گوشت پوسته رویداد. حلقه سخت نزدیک. بدن لذت رئیس حلقه در.\nپوست خود را جا مانند. الگوی جنگ کشتن ارسال سخنرانی حلقه کت. چه باصدا که نکن.',NULL,'سرد حرارت روش مستعمره مخلوط پا نه. مطمئن اشتباه در نظر خانه.\nقند لازم سعی‌کنید نوشتن رئیس پوند گسترده. متوسط نمره تپه اتصال موضوع.\nدرمورد بخش گاز. سقوط دم ملودی برنامه.'),(294,'radio_theatre','مایکلفسکی',0.90,25000,15,9,'پوند کودک قدیمی کمی مشکل. خواهر حکومت خوراک جنگل.\nتنها یادگیری محصول بخار. اختراع بعدی بسیار برای پوسته. یادگیری صنعت سال بیت به آورده اصلی فروش.',NULL,'تمیز ردیف جمعیت قانون قبل ویژه حرکت. پنبه دولت ازجمله عمل توسط باد سخنرانی.\nمولکول قایق احساس گام حرکت. برده مولکول سیب سبز حرکت. البته منطقه برنامه کلاس کار نوع جمعیت.'),(295,'film_theatre','لیلی و مجنون',1.83,25000,10,9,'رایگان جرم گردن لبه. وتر اردوگاه پا کفش صد چاپ. تابستان شعر پوشاندن آرام دور در‌صد اثر. میلیون زمین همان مورد ایستگاه.\nبوده ساخت تکرار قادر چشم متولد قانون. وتر نظر می‌کند داستان اضافه ماشین صبح.',NULL,'علاقه درب بالا سلول ده پدر جزیره دندانها.\nحیوانات سلول ببینید ماده. دقیقه تا مخلوط سنگ مطمئن وحشی حلقه کنترل.\nهزینه سوم دشوار اماده اثر روستای پایین. بالا احساس پایین صدای کمترین لیست سه تازه.'),(296,'radio_theatre','تقسیمات خانوادگی',1.66,9000,15,9,'مسابقه قبل همیشه. کار ضرب بپرسید مرگ کنید داغ اسب مطرح.\nاردک ساده خود از کت. فروشگاه سفر معین متوسط از.',NULL,'ثابت موقعیت رودخانه نرم سرباز خشک ملودی. داغ شستشو مستعمره سرعت نوشابه. هفت صندلی ناگهانی دو بادبان مو عضو زور.\nجدید جریان دارند آموزش. پاسخ به ترس درخت.'),(297,'film_theatre','قاجارنامه',1.14,35000,NULL,9,'مو شهر درمورد مخلوط واحد مستقیم. باد اما نیاز رفته نرده. ادامه درخشش را پادشاه بحث این‌ها.\nتجربه نوشابه زرد حشرات بوی نمایندگی. هفت شش چاپ مشاهده. پست جوان خطر دیوار پوشاندن سنگین.',NULL,'استراحت کلمه شما صدا که باز بزرگ. جدید ابزار سهم او مادر تیم. خوب رادیو کارخانه بازی تجربه.\nشامل زنگ سخت آسان باید. کراوات قوی برخی ستاره کلاس. برنامه واکه گام انگشت.'),(298,'film_theatre','دختر کدو تنبل',1.90,35000,NULL,9,'ممکن تمیز بود بازار بزرگ درخشش را. بد شانه کافی کاپیتان. اصلی آمد مرگ عمیق بین درب.\nشش شاید اب منظور قراردادن حرکت آبی. سرباز آهنگ درمورد مولکول انجام.',NULL,'در مدت مو تر. نقشه نوشتن صحبت تعیین گسترش متوسط برای. مرکز رشد پرتاب وزن بازدید نامه.\nباید رو دایره زنگ شارژ. حیوانات صحبت ارائه اصلی انجام اواخر شنبه پرنده. دریافت انرژی ایستگاه امن.'),(299,'radio_theatre','پاییز هفت عصر',1.09,25000,10,9,'اندازه اجازه عمل بندر. تغییر مثلث گاو دایره اردوگاه مطبوعات حکم. ضخامت شکست تقسیم توصیف انجام ریشه کوارت عضویت.\nماده عرضه خاکستری کودک. فرد بازار را بلند. پنبه روز مستعمره صندلی در‌نزدیکی.',NULL,'غنی تازه رنگ خرید دولت بادبان کار.\nفرم چینی عبارت سعی‌کنید خوردن کوه. سیستم تحمل زور کاپیتان قرن گفت: سفید.'),(300,'film_theatre','هفت خوان کودکان',1.71,25000,10,9,'سریع نظر دامنه از همان. پنج بهار روند سرگرم دو. داغ دریاچه بازی همیشه سگ.\nسرد آمد بیشترین ظهر خریداری حرکت بالا. مستعمره ثابت او شنبه صبر اجرا آبی.\nاحساس ویژه جهان اشتباه. مرد نوشتن کوچک اب لغزش.',NULL,'باران زیادی پاسخ دنبال. چاپ بخش در زندگی.\nدر‌صد هنوز برق باصدا خود تازه ادامه. او معمول بالا متفاوت شمال.\nکشتن عبور قادر سخت موقعیت زمان پایان. سه پسر کامیون شمال بهترین تعداد همسر.\nذرت علم انگشت از.'),(301,'film_theatre','افسانه پرکو',0.75,35000,NULL,9,'اتم تمیز زمستان. بهار آشپز را خشک لذت مثلث.\nمالیدن عضویت نقطه منظور باهم موتور. یخ حرارت یک فقط.',NULL,'خوبی بزرگ همسایه سرمایه. ستاره ده بیت بزرگ علامت بسیار. برای طلا جوان.\nمسابقه حزب در‌صد قبل هر ما الگوی. قلب نمایش آزمون خوراک ما زور. عضو زیادی اسلحه تنها دو ناگهانی شنیده.'),(302,'radio_theatre','دلدار',0.99,18000,NULL,9,'سر داغ باصدا جداگانه نتیجه را ریشه. قطعه مرگ طراحی مسابقه عرضه مشکل. اضافه جمعیت کنند سخت چربی حزب طناب.\nمناسب همیشه مطمئن ارزش. مناسب بپرسید لذت ما رفت ضخامت متوسط.',NULL,'طراحی نه ابر پر درایو برخی نوشابه. محافظت پنبه ساحل. رنگ ملودی باصدا تن سیب آمده.\nویژه آهنگ او باران بالا توصیف اینجا. باید می‌توانید رول رشد توپ.'),(303,'radio_theatre','پسر نیل',1.08,25000,15,9,'سیب شاخه دریافت متولد پدر حال. عادلانه پر تعداد هنر چند پنج معدن. وزن به قانون کند جا.\nسرگرم در حیاط پوشاندن. پدر توپ و ابزار. ساخته ایجاد پادشاه توقف پهن دیگر.',NULL,'ابزار ورق می‌توانید عنوان. روی هزار پنبه حوزه دکتر.\nپوشش جریان پادشاه عضویت. آمده انجام روشن گرفتار چگونه ملایم.\nکشتی خود رول مایل موقعیت کار. دنبال تقسیم پوست شاید باور تفریق.'),(304,'film_theatre','مغازه خودکشی',1.13,18000,NULL,9,'توسط پا شود اب. تغییر برف شیشه‌ای سنگین. رودخانه آهنگ توافق پایین کمترین.\nراست سه شود آتش برابر توسعه هردو. کامل کودکان قند مطالعه سوراخ. می‌کند کافی سنگین شعر.',NULL,'زمین ارسال مانند هر. اولین بار اهن آهنگ بلند کشتن سوار ساده. رادیو طراحی یادگیری باهم.\nصبر موضوع زنان از. امیدوارم مشکل قوی دریافت عمومی.\nشان خواهر مقیاس آبی سیم مستقیم غرب. باور راست پایین.'),(305,'film_theatre','ماه بر ترک اسب پیر',0.70,35000,NULL,9,'وجوددارد آبی احتمالی همخوان. ورزش پرداخت نوشابه دو افزایش کشتی گل. پرواز بررسی گفت پسر.\nبسیار زمین گذشته گروه بعدی.\nنقطه ساعت کارشناس هنوز. اینچ لذت جنگل کشتی آهنگ علاقه جفت.',NULL,'علاقه عضو در‌نظر مشکل شخصیت سوال زمین. تنها ایستگاه بهار نقطه غرب.\nمیوه ارائه گربه هیچ ایجاد. نمد علاقه کوچک نظر قرمز باید. پایان اماده دریافت هنوز انجام.'),(306,'radio_theatre','عقل صورتی',0.56,25000,10,9,'نکن تعیین پوند ترس چند بحث.\nسوال جمع ابزار ملاقات. مخلوط زمین ایجاد جمعیت. مستعمره تن برنامه جوجه قرار بازی چشم زمستان. دست ذرت ساحل متفاوت نوع.',NULL,'عمل تنها دریافت شانس سریع اجازه کتاب. نیاز همه نمایندگی غالبا مطالعه.\nدست کشور سه به. اشتباه دلیل پایان خفاش مستقیم. تیم جرم واقع.\nرا باید تابستان. خانه گوشت مشترک نوشت خطر.'),(307,'film_theatre','فالومی',0.94,18000,NULL,9,'طولانی بوده ویژه شب عضو انجیر داغ. کل چینی نقشه ضخامت.\nفوری در یا کوارت. علامت جهان کنترل صورت نازک اتاق روستای.\nلوله روند پوست وتر شانس لذت. زندگی موضوع جدول قانون.',NULL,'حتی نه کل علت در‌نظر لبخند. عنصر کراوات برف مشاهده نه. ماشین انتظار غنی کارخانه بعدی رنگ سه کودک.\nکوه سه هرگز بالا را. آزمون رادیو بسیار.'),(308,'radio_theatre','میهمان غار',1.30,18000,10,9,'خنده زمین مطالعه طبیعی قایق سقوط.\nقبل علم بیت آفتاب انجام. مخلوط تعیین پایین بسیار ضربه او.\nپا دایره نرده پاسخ. روستای مرکز باد دهان نقشه سقوط مراقبت زبان. تنها تجربه بود ورق.',NULL,'محصول دقیقه متولد استخوان مطبوعات. نشستن خط شارژ نیاز اندازه نماد به.\nلباس نفت نمره جا رکورد. ساعت زمستان پوست یا کند تجارت دور.'),(309,'radio_theatre','دُخترانِ مردم',1.53,35000,NULL,9,'نگاه ضربه پوسته مایع قدیمی. داغ قانون پادشاه قبل بازار بیست نازک بخش.\nخوب برنده دریافت بود می‌خواهم رسیدن. صلیب ایجاد سوراخ بود علت زمین صفحه. آورده اردک بار در.',NULL,'فرد علت درب جمعیت. خود قرار موقعیت شود محصول قانون نیاز علاقه.\nخواب بالا ایده پنبه.\nاتم این‌ها باید الگوی مثلث پوند. آفتاب جمعیت اسب تن بزرگ. دریافت هجاز اصلی دست سال.\nسگ چه برابر خنده.'),(310,'radio_theatre','آرش کمانگیر',0.52,25000,15,9,'اینجا بوی طبقه مایع پشتیبانی قهوه‌ای کم. ماه گوش نیاز تابستان پنجره مناسب چرخ. کلاس خوبی ماهی.\nباور حتی آتش بیست. تکرار بهار کم پسوند هزار همسایه. سیب گسترده لبخند نوشتن ورق را فروشگاه چربی.',NULL,'احتمالی مجموعه مشکل درب. ما که مشاهده ضعیف. حلقه رو اصلی تاریک مادر توقف.\nپوست جرم نوشت جفت بینی صورت هیچ. جنگل جا فرم اینچ دیگر. شهرستان پایان اصلی طول اوایل. مایل شن دارند را شی.'),(311,'workshop','مهندسی کاغذ',1.93,550000,10,NULL,'سریع عبارت درایو پرنده کامیون اضافه رشد. گوش عضو درمورد یا پدر چند.\nبرنده مشکل قوی قهوه‌ای قایق ویژه مطالعه. رفته ممکن دیگر وتر بین.\nمشاهده مطمئن سریع. عضویت سرد پرنده معمول فضا دولت.',NULL,'در افزایش واقع مسابقه برابر.\nباران ما خفاش جفت زمین. رودخانه او سفر اتصال. روشن موقعیت بندر شود.\nذهن بد مردم لطفا. درمورد نرده پشتیبانی باد پوسته ساحل شود.'),(312,'Seminar','مهارت‌های تاریخ شفاهی',0.81,2400000,10,9,'تر مزرعه بیست گربه عمل رشد اقامت. خواهر حرکت دست درخشش گل علامت دنبال. موضوع حاضر افزایش مدت خریداری منطقه.\nاهن هجاز پسوند محافظت.\nبازی داغ درمیان ذخیره شروع. هزار واکه اره ترتیب.',NULL,'مشترک آن مستعمره البته دلار. حشرات هجاز وجوددارد اجرا جزیره اجرا شرکت طناب. بسیار تجارت هر بال درست.'),(313,'Seminar','بازیگری کودک',0.92,390000,NULL,NULL,'بزرگ صدای ادعا مربع هزینه یادداشت.\nاسب بینی ممکن صورت لوله. عبارت مجموعه بخش داغ خنده لاستیک. رنگ درمورد سوراخ اهن محل گردن شش شمال.',NULL,'کت صفحه جز پا کوچک شخصیت ساخت آبی. تر گام سوراخ ثابت.\nادعا توپ مبارزه شیشه‌ای. عادلانه اواخر قطعه ساعت.'),(314,'Seminar','فلسفه‌ی حقوق',1.27,450000,NULL,9,'خانه دامنه همیشه شانه ارزش طلا. کوچک خوردن دنبال دقیقه ناگهانی قطار ساخت.\nرایگان لغزش ماشین حتی انگشت. حشرات پا گرفتن حیوانات حرکت.',NULL,'بالا رویا انتظار آرام. باد اعشاری خریداری مرد رفت.\nرسیدن خاموش جلو سفر پوشاندن رکورد. شکار هر روشن را نوع پر ماه.\nدر که واقع را خانم. کامیون بندر نمودار مناسب حرکت تعیین.'),(315,'course','بازیگری و هدایت بازیگ',0.76,900000,NULL,NULL,'محصول دره تر تپه. اقامت تفریق گفت طبقه. ما خرید باز قوی بحث.\nو بخش اوایل خطر مثلث جفت سن. شب ذرت ساده ساحل چینی رایگان نقره‌ای.',NULL,'خدمت اهن خواهر کامل علاقه کامیون. بگو اندازه فکر حمل درجه. اختراع دروغ برده زیادی پا.\nبد جریان واحد قرن شمار شیر کلید. هر جنوب بهار مدت محصول نوشابه کم نرده.\nواقعی قرن تعداد یک.'),(316,'workshop','جامعه شناسی سیاسی',2.00,299000,NULL,9,'دو نوشتن هردو ادعا برنده. طلسم حوزه اضافه شرایط. محافظت رشته چمن ملاقات زمستان بهترین اجازه.\nدفتر هزینه باهم گردن پرداخت حزب. دو نیم جزیره او مطمئن هفته دقیقه حل. کلاه حوزه سر بازی هنوز مرده.',NULL,'بسیار ورزش رنگ. کپی نوشابه طناب آرزو. پایان در‌نظر اجرا.\nمورد که بله میوه.\nمهارت هوا نه. ویژه درمورد مطبوعات روند حمل هفت گسترده. فعل آسان چگونه هفت جمعیت.'),(317,'Seminar','کارگردانی و فیلمسازی',1.35,450000,NULL,9,'راست از هزینه. خانه همسر ستون ریشه زبان. خاموش سر بخش پایین مخلوط نیاز ساحل.\nبله قطار هر بسیار شرق طول موفقیت. عمل سال صعود عمل هزار عبارت صبح نیروی. عمل فرد ذهن استخوان میوه می‌توانید.',NULL,'دولت به‌عنوان همسر کوچک تفریق دربرابر افزایش. معدن راه سرد پایین. رفت سعی‌کنید زمین من جنگل برف جاده.\nتمیز نرده درخشش قایق کشور کند. اگر تر باید ذرت رشد می‌توانید گرفتار.'),(318,'course','بازی شخصیت',1.78,2400000,NULL,9,'کاپیتان ساعت زمین نیروی. ثابت تجربه طبیعت مشترک.\nصبر هشت پدر می‌توانید. رودخانه ثابت سن مایع عزیز اولین سفر فقط. آموزش تجارت ابزار موضوع.',NULL,'کلاه مناسب روشن ساخته. قایق اتصال اسم زمین چهار دشمن زور. حال زور قاره بپرسید.\nلباس استفاده شما بگو دست عضو حزب. دامنه مجموعه سنگین گوش طول یخ هفته هم. اگر بینی مورد.'),(319,'course','گویندگی',0.60,700000,NULL,9,'نمایش هجاز گروه روشن دره احساس شی. فوری دریافت اتومبیل لاستیک در. طبیعت او سال. نفت ایستگاه بند لغزش کوه.\nمشکل فشار پا ساده. اواخر مغناطیس ابزار برادر.',NULL,'نه هردو گروه اساسی پایین زمین خوشحالم. آه ماهی تاریخ تمام شهرستان. رول قلب سال علاقه کارخانه.\nدکتر در سقوط به. ذخیره زرد کلاه زمین باد متوسط. مشابه حتی نکن.'),(320,'course','نمایشنامه نویسی',1.28,700000,NULL,9,'باد شمار به واحد یادگیری ترک. اره معروف مشابه ماهی هرگز شانه جداگانه.\nسعی‌کنید خاموش زیادی خنده. جا اسلحه خاموش رنگ. صدای مشکل آشپز غالبا هردو فضا چربی.',NULL,'آرزو شان پرداخت روستای شکست اما بخش. زنان مانند برق فروش پیشنهاد. سطح فرد محصول جریان یادگیری انسانی تمام.\nروی دریا باور کتاب ماه. تکرار توسعه کلمه کنید جاده.'),(321,'Surfing','بلک شات',5.40,70000,NULL,NULL,'تماشای بهتر رودخانه علت. حرکت روش نوع. نه همخوان راه شش عرضه شب.\nعلت توافق بالا پهن شود. عبارت محل من ملایم یا معمول اجازه خوردن.\nشکل که البته اشتباه انگشت ماه لباس. دریاچه چربی رفت تعداد پسر یخ.',NULL,'مایل خانم فرم تنها آسمان هنر. خریداری رشد متوسط احتمالی سهم.\nپوشش هفت تغییر نهایی وحشی پوسته. اماده چند خود مایع نشستن شمال. تعیین مولکول خانواده هنوز. دوباره غرب باران ایده مناسب.'),(322,'Surfing','مافیا وان',3.10,60000,NULL,NULL,'جنوب ضرب عضو آموزش بار. واکه مهارت البته امن.\nتوقف مجموعه او مایع عمومی. پسوند ساعت پایین دنبال. شانه دشوار دشمن تپه دایره سبز.',NULL,'هنوز معمول از پرداخت واحد تر. به متوسط چربی خوب فوری خاص.\nشنیده بیت خود چهار خاموش دو جنگل افزایش. هرگز کشتن حیاط سخنرانی.'),(323,'game','مافیا ویست',5.10,60000,NULL,NULL,'نمد بحث بسیار درمیان بازی نهایی.\nجنوب ارسال تیم فشار. خیابان مشترک متفاوت توقف ملودی یافت فقط. مو سفر اولین کتاب.\nپایین زیادی بیابان پا سفید لباس موسیقی. کمک برش سوراخ یادگیری الگوی ایستادن پادشاه.',NULL,'اهن قطعه او عرضه نفت. فصل آسان برابر مرد فولاد.\nدرخت گفت: طراحی شکل درایو پایان اتومبیل. قرار چوب بگو بازی تن تجربه درمورد گوشه. ساخت ستون بالا مو قانون خنده فروش شاید.'),(324,'game','سون کلاب',4.10,20000,NULL,NULL,'برنامه جاده پایه خاص را ساده. طبقه فوری رنگ زمان خاموش. اسب داغ خشم مشترک سفر. حمل انسانی محصول رشته.\nمقاله نمک توسط. کمی قانون هردو نقطه نقشه برق می‌توانید.\nممکن لبخند مراقبت کمتر توسط.',NULL,'معروف توسط ارائه تر ازجمله. موضوع ورق بخش چینی ماه تماس اصلی. لبه صدا بیت.\nاستراحت و همان او مناسب معین. تجربه دوستان ساعت. مرگ اردک کوچک فقط ضربه.\nپوست غنی صندلی. دلار سوم سرد.'),(325,'Surfing','تور',2.30,20000,NULL,NULL,'شب پدر عجله‌ای آماده خوب کت روشن. خانه فرار رایگان شنا اره کوچک دور. برنامه تجارت خوردن داغ طبیعی.\nطبقه حرکت دیگر نقره‌ای دروغ. گذشته دوم کت فروشگاه.\nترس مرگ بپرسید. اکسیژن جز بالا رنگ در می‌خواهم.',NULL,'هجاز قایق همیشه مو. نه قایق محافظت درخشش.\nخانه رسیدن و صفحه. شارژ فروش برابر نه زور دریاچه سیم.\nزن پایه چند معدن بالا مربع سوال. کوه پایان خدمت نمره آرام مادر گاو.'),(326,'Surfing','مسابقه فوتسال',5.70,20000,NULL,NULL,'زن ده شما کشش بسیار ساخته. اماده ملایم ابزار تنها هنر رادیو.\nکودکان معروف جمعیت. قاره نظر گوش افزایش وجوددارد دفتر دست.\nدریا بود روی می‌گویند بقیه. دارند لباس حزب حل دختر سوم بینی. پر ظهر از باغ.',NULL,'ساحل معین درایو نیاز حزب ادعا. بالا نرم زن. بالا مالیدن کوچک وتر به.\nبهترین محل در عبور هرگز یخ پرتاب. چربی مشغول پیشنهاد ضعیف صبح دایره آخرین. ساعت شاخه تنها زیادی.'),(327,'game','نمایش موزه زمان',2.40,20000,NULL,NULL,'اواخر میلیون کراوات نیاز. شاخه اسم شکل بزودی تجارت پوند ایده خوب. واقع چشم حاضر تجارت.\nکارت پایه علم پرواز. نظر اقامت سریع همه شارژ خود نوشت. کم است بخش ویژه رنگ.',NULL,'مسابقه لباس کار پدر شود نشستن. حال شود کتاب ساعت. اسم که دیوار اساسی مناسب بسیار مستقیم.\nبخش برابر کراوات لطفا. شاید موفقیت هنر شرایط دوستان. بالا تخت روش نیم در برادر باهم.'),(328,'game','ارگ سلطنتی و کاخ گلستان',2.00,70000,NULL,NULL,'گوشه آرزو یافت آسانسور ثابت مو آهنگ. کند است ساخت هیچ قدرت متوسط بوده.\nجزیره دریافت جوان. آشپز من در‌نظر.\nماده کشتی سنگ ترس.\nتوسط پایین مناسب حرکت. کنید درب سوم ستون لباس شمال جز.',NULL,'درست فلز نازک قراردادن. که لطفا سمت. راهنمایی پرداخت علامت کوه مردها.\nهمسر دور مو برده پرداخت آفتاب آن پایان. خواهر یا هرچند مرکز افزایش کوارت خوب.'),(329,'Surfing','قرار ملاقات',3.50,60000,NULL,NULL,'آمد البته پایین اواخر پول نیم رودخانه. بخار درست دوم می‌تواند تر. سفر برای باهم بیشترین اصلی. ذرت بزودی استفاده نمد بازی جریان هیچ قدرت.\nپایه سیب لغزش آورده عمومی تر. اینچ هواپیما بیت چشم.',NULL,'ماهی سنگ پیشنهاد موضوع خواب. پست گرفتن جاده. نیم واقع دوره نظر مقایسه.\nعلاقه مایل باید جاده. اولین بین آفتاب واحد مایع بالا زمین مطبوعات. صحبت هزینه مخلوط ما.'),(330,'game','جواهری در شمال هن',2.60,60000,NULL,NULL,'ایده طلا تنها خاموش خشم. جز ایده به آهنگ بلوک آموزش سطح.\nقادر اشتباه احتمالی خاص ساعت دوره. آتش حرکت خنده.',NULL,'آمد باید رفت غنی قطار. کتاب ببینید مقاله چینی بد درجه. گفت: شکست صدای خطر.\nمنظور آن توافق سیب آه ساعت حکومت. فکر صبح سرباز ساحل هیچ عزیز. لغزش سیم خطر شن.'),(331,'Exhibition','نقاشی نگاه',4.00,50000,NULL,NULL,'تیز ضربه برده صبح کامیون. دو من آن.\nعلامت اهن استخوان یا کار.\nپشتیبانی سر ساعت مخلوط. در کند اره دوباره نمره فروشگاه.\nخود ضربه تر اگر آشپز هیچ جدید شستشو. ماهی خانواده لطفا خود بحث شرایط قبل.',NULL,'کتاب اردک بهار کاپیتان. ادامه لغزش برابر ضربه ما شکار. تفریق صعود شهرستان پهن به لذت.\nلازم ملاقات متوسط دور قهوه‌ای. ضخامت دندانها عبارت صبر.'),(332,'Exhibition','هنرهای تجسمی داریا',5.90,50000,NULL,NULL,'علم روند چهار. تابستان خاصیت سن راست از در رودخانه مطبوعات. گسترده ضعیف ببینید.\nآسان مقیاس دو خط موقعیت. نه شاید طراحی ماده شنا درایو تن قرمز. در‌نزدیکی ملاقات گفت: پا اصلی به امیدوارم آن.',NULL,'باغ مرده را عنوان بخش تپه. بزرگ سهم درجه استفاده فعل.\nهمچنین آهنگ هنوز. بلند حمل مسابقه رشد رفت فریاد زندگی.\nدوستان سطح عنصر صلیب دشوار اردک اسلحه. راهنمایی عنصر برابر رسیدن ضخامت.'),(333,'Exhibition','انفرادی شقایق شاهسون',2.70,50000,NULL,NULL,'زمین ضربه نیاز بسیار دلیل عادلانه دیوار بسیار. خوبی اختراع ایستادن سریع نقره‌ای. دوباره کاملا مغناطیس بخار سرد شهرستان می‌دانم.\nراست بسیار پسر گروه. بخش مانند بادبان صدای طول مناسب.',NULL,'ترس تمام سقوط رو جهان فروشگاه. اختراع اجازه به نکن خود ماه بسیار. رشد خانم زن محافظت حل پا شن.\nکودکان گرفتار فقط به ادعا. مهارت ببینید بار اینچ آماده هنر از معمول.');
/*!40000 ALTER TABLE `event` ENABLE KEYS */;
UNLOCK TABLES;

--
-- Table structure for table `exhibit`
--

DROP TABLE IF EXISTS `exhibit`;
/*!40101 SET @saved_cs_client     = @@character_set_client */;
/*!50503 SET character_set_client = utf8mb4 */;
CREATE TABLE `exhibit` (
  `Exhibit_ID` int NOT NULL AUTO_INCREMENT,
  `Event_ID` int DEFAULT NULL,
  `Instructor` varchar(50) DEFAULT NULL,
  `Presenter` varchar(50) DEFAULT NULL,
  `Presenter_phone` varchar(20) DEFAULT NULL,
  PRIMARY KEY (`Exhibit_ID`),
  KEY `fk_Exhibit` (`Event_ID`),
  CONSTRAINT `fk_Exhibit` FOREIGN KEY (`Event_ID`) REFERENCES `event` (`Event_ID`)
) ENGINE=InnoDB AUTO_INCREMENT=5 DEFAULT CHARSET=utf8mb4 COLLATE=utf8mb4_0900_ai_ci;
/*!40101 SET character_set_client = @saved_cs_client */;

--
-- Dumping data for table `exhibit`
--

LOCK TABLES `exhibit` WRITE;
/*!40000 ALTER TABLE `exhibit` DISABLE KEYS */;
INSERT INTO `exhibit` VALUES (1,229,NULL,'خانه ویرا','09128928911'),(2,331,'بنیامین اکبر پور','الینا خسروجردی','+98 646 9679 4346'),(3,332,'جناب آقای مبین محجوب','سرکار خانم ريحانه صنایعی','035 5057 8937'),(4,333,'سرکار خانم دکتر سارا تنزیلی','محمدعلي حریریان','0991 328 5987');
/*!40000 ALTER TABLE `exhibit` ENABLE KEYS */;
UNLOCK TABLES;

--
-- Table structure for table `hall`
--

DROP TABLE IF EXISTS `hall`;
/*!40101 SET @saved_cs_client     = @@character_set_client */;
/*!50503 SET character_set_client = utf8mb4 */;
CREATE TABLE `hall` (
  `Hall_no` int NOT NULL AUTO_INCREMENT,
  `Site_no` int DEFAULT NULL,
  `Hall_number` int DEFAULT NULL,
  PRIMARY KEY (`Hall_no`),
  KEY `Site_no` (`Site_no`),
  CONSTRAINT `hall_ibfk_1` FOREIGN KEY (`Site_no`) REFERENCES `site` (`Site_no`)
) ENGINE=InnoDB AUTO_INCREMENT=21 DEFAULT CHARSET=utf8mb4 COLLATE=utf8mb4_0900_ai_ci;
/*!40101 SET character_set_client = @saved_cs_client */;

--
-- Dumping data for table `hall`
--

LOCK TABLES `hall` WRITE;
/*!40000 ALTER TABLE `hall` DISABLE KEYS */;
INSERT INTO `hall` VALUES (1,1,1),(2,1,2),(3,2,1),(4,2,2),(5,3,1),(6,3,2),(7,4,1),(8,4,2),(9,5,1),(10,5,2),(11,6,1),(12,6,2),(13,7,1),(14,7,2),(15,8,1),(16,8,2),(17,9,1),(18,9,2),(19,10,1),(20,10,2);
/*!40000 ALTER TABLE `hall` ENABLE KEYS */;
UNLOCK TABLES;

--
-- Table structure for table `photo`
--

DROP TABLE IF EXISTS `photo`;
/*!40101 SET @saved_cs_client     = @@character_set_client */;
/*!50503 SET character_set_client = utf8mb4 */;
CREATE TABLE `photo` (
  `Photo_ID` int NOT NULL AUTO_INCREMENT,
  `Event_ID` int DEFAULT NULL,
  `Link` varchar(150) DEFAULT NULL,
  PRIMARY KEY (`Photo_ID`),
  KEY `Event_ID` (`Event_ID`),
  CONSTRAINT `photo_ibfk_1` FOREIGN KEY (`Event_ID`) REFERENCES `event` (`Event_ID`)
) ENGINE=InnoDB AUTO_INCREMENT=101 DEFAULT CHARSET=utf8mb4 COLLATE=utf8mb4_0900_ai_ci;
/*!40101 SET character_set_client = @saved_cs_client */;

--
-- Dumping data for table `photo`
--

LOCK TABLES `photo` WRITE;
/*!40000 ALTER TABLE `photo` DISABLE KEYS */;
INSERT INTO `photo` VALUES (1,215,'https://instagram.com/0387fb9e'),(2,222,'https://instagram.com/24797997'),(3,214,'https://flickr.com/e31e3e44'),(4,228,'https://500px.com/79e7bedf'),(5,217,'https://flickr.com/07a492e9'),(6,224,'https://500px.com/5ee28cfb'),(7,216,'https://500px.com/a9c2bd80'),(8,226,'https://instagram.com/df2b8159'),(9,222,'https://flickr.com/fece4f1f'),(10,216,'https://500px.com/c1bf1ce7'),(11,219,'https://flickr.com/ec2e7457'),(12,219,'https://instagram.com/88abe189'),(13,225,'https://500px.com/0b61a415'),(14,216,'https://instagram.com/df324536'),(15,217,'https://flickr.com/9cbe43a0'),(16,213,'https://500px.com/c6ffdedd'),(17,229,'https://instagram.com/491161c8'),(18,220,'https://flickr.com/9fd3baa2'),(19,222,'https://flickr.com/34f33110'),(20,226,'https://500px.com/84b38191'),(21,214,'https://500px.com/97ef470b'),(22,215,'https://instagram.com/c64e39b0'),(23,217,'https://instagram.com/5898ce3d'),(24,224,'https://flickr.com/bbb0dc6f'),(25,220,'https://500px.com/019235c9'),(26,220,'https://instagram.com/c68f4689'),(27,213,'https://flickr.com/457206aa'),(28,222,'https://flickr.com/8d95ede4'),(29,228,'https://instagram.com/2740bd0a'),(30,220,'https://instagram.com/f441c6a0'),(31,213,'https://instagram.com/56939258'),(32,219,'https://500px.com/9466645a'),(33,225,'https://instagram.com/d9f0ff48'),(34,222,'https://instagram.com/516a5780'),(35,221,'https://flickr.com/7f59d0bd'),(36,212,'https://instagram.com/f109ebe5'),(37,221,'https://flickr.com/8a629fda'),(38,220,'https://instagram.com/7ae09ea0'),(39,229,'https://500px.com/8fd84179'),(40,222,'https://instagram.com/023c4e60'),(41,220,'https://flickr.com/cff56d55'),(42,217,'https://flickr.com/75e1900b'),(43,225,'https://500px.com/1a4bd7b8'),(44,230,'https://500px.com/98f91afb'),(45,224,'https://500px.com/798b940b'),(46,224,'https://500px.com/bc819ee8'),(47,227,'https://instagram.com/5d974ad7'),(48,218,'https://flickr.com/343b66c2'),(49,226,'https://500px.com/4b714186'),(50,214,'https://instagram.com/49eb2ac5'),(51,218,'https://instagram.com/feb124fa'),(52,219,'https://flickr.com/a4a8f5b4'),(53,228,'https://500px.com/81f3e6fb'),(54,224,'https://instagram.com/b9bc141d'),(55,217,'https://flickr.com/431e9cbc'),(56,218,'https://flickr.com/4f6308b6'),(57,226,'https://flickr.com/7d74ceee'),(58,228,'https://flickr.com/f8ad18e7'),(59,214,'https://instagram.com/630e0dea'),(60,224,'https://500px.com/66b5d8a1'),(61,229,'https://instagram.com/601f9b59'),(62,215,'https://instagram.com/63dc2d1a'),(63,212,'https://instagram.com/1b05836e'),(64,222,'https://instagram.com/79e0164f'),(65,227,'https://500px.com/48a5a66d'),(66,219,'https://flickr.com/486553c7'),(67,225,'https://flickr.com/ee8ec798'),(68,215,'https://flickr.com/098e05ed'),(69,225,'https://instagram.com/928ad83d'),(70,212,'https://flickr.com/627cd404'),(71,219,'https://500px.com/a91e3e6f'),(72,216,'https://flickr.com/0f0b5c41'),(73,218,'https://flickr.com/a26484cd'),(74,223,'https://500px.com/23060bcd'),(75,229,'https://instagram.com/528e2f68'),(76,220,'https://instagram.com/00d5d8d1'),(77,227,'https://flickr.com/d97c05fb'),(78,214,'https://500px.com/8f715997'),(79,222,'https://flickr.com/92bf0be4'),(80,212,'https://instagram.com/84f30904'),(81,218,'https://500px.com/b5f6368b'),(82,212,'https://500px.com/1ef0ca63'),(83,214,'https://flickr.com/f43740c3'),(84,219,'https://instagram.com/7281745d'),(85,224,'https://500px.com/7fa57cbb'),(86,218,'https://500px.com/90bcfa80'),(87,212,'https://flickr.com/bc3701b1'),(88,224,'https://flickr.com/f89dd837'),(89,218,'https://500px.com/4be7b99d'),(90,227,'https://flickr.com/ab5121a6'),(91,221,'https://500px.com/763c48c1'),(92,230,'https://instagram.com/7dc46a56'),(93,219,'https://500px.com/beff3aaa'),(94,213,'https://instagram.com/4d5b0e27'),(95,222,'https://flickr.com/6ab8a15d'),(96,230,'https://instagram.com/a0b672e8'),(97,227,'https://flickr.com/dc104587'),(98,226,'https://500px.com/bc3753af'),(99,222,'https://flickr.com/0df13be0'),(100,216,'https://500px.com/e8049d63');
/*!40000 ALTER TABLE `photo` ENABLE KEYS */;
UNLOCK TABLES;

--
-- Table structure for table `purchase`
--

DROP TABLE IF EXISTS `purchase`;
/*!40101 SET @saved_cs_client     = @@character_set_client */;
/*!50503 SET character_set_client = utf8mb4 */;
CREATE TABLE `purchase` (
  `Track_no` int NOT NULL AUTO_INCREMENT,
  `Username` varchar(30) DEFAULT NULL,
  `Event_ID` int DEFAULT NULL,
  `Date` date DEFAULT NULL,
  `Ticket_count` int DEFAULT NULL,
  `Expense` int DEFAULT NULL,
  PRIMARY KEY (`Track_no`),
  KEY `Username` (`Username`),
  KEY `Event_ID` (`Event_ID`),
  CONSTRAINT `purchase_ibfk_1` FOREIGN KEY (`Username`) REFERENCES `user_account` (`Username`),
  CONSTRAINT `purchase_ibfk_2` FOREIGN KEY (`Event_ID`) REFERENCES `event` (`Event_ID`)
) ENGINE=InnoDB DEFAULT CHARSET=utf8mb4 COLLATE=utf8mb4_0900_ai_ci;
/*!40101 SET character_set_client = @saved_cs_client */;

--
-- Dumping data for table `purchase`
--

LOCK TABLES `purchase` WRITE;
/*!40000 ALTER TABLE `purchase` DISABLE KEYS */;
/*!40000 ALTER TABLE `purchase` ENABLE KEYS */;
UNLOCK TABLES;

--
-- Table structure for table `seat`
--

DROP TABLE IF EXISTS `seat`;
/*!40101 SET @saved_cs_client     = @@character_set_client */;
/*!50503 SET character_set_client = utf8mb4 */;
CREATE TABLE `seat` (
  `Seat_no` int NOT NULL AUTO_INCREMENT,
  `Hall_no` int DEFAULT NULL,
  `Floor` int DEFAULT NULL,
  `Row_no` int DEFAULT NULL,
  `Seat_number` int DEFAULT NULL,
  PRIMARY KEY (`Seat_no`),
  KEY `Hall_no` (`Hall_no`),
  CONSTRAINT `seat_ibfk_1` FOREIGN KEY (`Hall_no`) REFERENCES `hall` (`Hall_no`)
) ENGINE=InnoDB AUTO_INCREMENT=3842 DEFAULT CHARSET=utf8mb4 COLLATE=utf8mb4_0900_ai_ci;
/*!40101 SET character_set_client = @saved_cs_client */;

--
-- Dumping data for table `seat`
--

LOCK TABLES `seat` WRITE;
/*!40000 ALTER TABLE `seat` DISABLE KEYS */;
INSERT INTO `seat` VALUES (3542,1,0,1,1),(3543,1,0,1,2),(3544,1,0,1,3),(3545,1,0,1,4),(3546,1,0,1,5),(3547,1,0,2,1),(3548,1,0,2,2),(3549,1,0,2,3),(3550,1,0,2,4),(3551,1,0,2,5),(3552,1,0,3,1),(3553,1,0,3,2),(3554,1,0,3,3),(3555,1,0,3,4),(3556,1,0,3,5),(3557,2,0,1,1),(3558,2,0,1,2),(3559,2,0,1,3),(3560,2,0,1,4),(3561,2,0,1,5),(3562,2,0,2,1),(3563,2,0,2,2),(3564,2,0,2,3),(3565,2,0,2,4),(3566,2,0,2,5),(3567,2,0,3,1),(3568,2,0,3,2),(3569,2,0,3,3),(3570,2,0,3,4),(3571,2,0,3,5),(3572,3,0,1,1),(3573,3,0,1,2),(3574,3,0,1,3),(3575,3,0,1,4),(3576,3,0,1,5),(3577,3,0,2,1),(3578,3,0,2,2),(3579,3,0,2,3),(3580,3,0,2,4),(3581,3,0,2,5),(3582,3,0,3,1),(3583,3,0,3,2),(3584,3,0,3,3),(3585,3,0,3,4),(3586,3,0,3,5),(3587,4,0,1,1),(3588,4,0,1,2),(3589,4,0,1,3),(3590,4,0,1,4),(3591,4,0,1,5),(3592,4,0,2,1),(3593,4,0,2,2),(3594,4,0,2,3),(3595,4,0,2,4),(3596,4,0,2,5),(3597,4,0,3,1),(3598,4,0,3,2),(3599,4,0,3,3),(3600,4,0,3,4),(3601,4,0,3,5),(3602,5,0,1,1),(3603,5,0,1,2),(3604,5,0,1,3),(3605,5,0,1,4),(3606,5,0,1,5),(3607,5,0,2,1),(3608,5,0,2,2),(3609,5,0,2,3),(3610,5,0,2,4),(3611,5,0,2,5),(3612,5,0,3,1),(3613,5,0,3,2),(3614,5,0,3,3),(3615,5,0,3,4),(3616,5,0,3,5),(3617,6,0,1,1),(3618,6,0,1,2),(3619,6,0,1,3),(3620,6,0,1,4),(3621,6,0,1,5),(3622,6,0,2,1),(3623,6,0,2,2),(3624,6,0,2,3),(3625,6,0,2,4),(3626,6,0,2,5),(3627,6,0,3,1),(3628,6,0,3,2),(3629,6,0,3,3),(3630,6,0,3,4),(3631,6,0,3,5),(3632,7,0,1,1),(3633,7,0,1,2),(3634,7,0,1,3),(3635,7,0,1,4),(3636,7,0,1,5),(3637,7,0,2,1),(3638,7,0,2,2),(3639,7,0,2,3),(3640,7,0,2,4),(3641,7,0,2,5),(3642,7,0,3,1),(3643,7,0,3,2),(3644,7,0,3,3),(3645,7,0,3,4),(3646,7,0,3,5),(3647,8,0,1,1),(3648,8,0,1,2),(3649,8,0,1,3),(3650,8,0,1,4),(3651,8,0,1,5),(3652,8,0,2,1),(3653,8,0,2,2),(3654,8,0,2,3),(3655,8,0,2,4),(3656,8,0,2,5),(3657,8,0,3,1),(3658,8,0,3,2),(3659,8,0,3,3),(3660,8,0,3,4),(3661,8,0,3,5),(3662,9,0,1,1),(3663,9,0,1,2),(3664,9,0,1,3),(3665,9,0,1,4),(3666,9,0,1,5),(3667,9,0,2,1),(3668,9,0,2,2),(3669,9,0,2,3),(3670,9,0,2,4),(3671,9,0,2,5),(3672,9,0,3,1),(3673,9,0,3,2),(3674,9,0,3,3),(3675,9,0,3,4),(3676,9,0,3,5),(3677,10,0,1,1),(3678,10,0,1,2),(3679,10,0,1,3),(3680,10,0,1,4),(3681,10,0,1,5),(3682,10,0,2,1),(3683,10,0,2,2),(3684,10,0,2,3),(3685,10,0,2,4),(3686,10,0,2,5),(3687,10,0,3,1),(3688,10,0,3,2),(3689,10,0,3,3),(3690,10,0,3,4),(3691,10,0,3,5),(3692,11,0,1,1),(3693,11,0,1,2),(3694,11,0,1,3),(3695,11,0,1,4),(3696,11,0,1,5),(3697,11,0,2,1),(3698,11,0,2,2),(3699,11,0,2,3),(3700,11,0,2,4),(3701,11,0,2,5),(3702,11,0,3,1),(3703,11,0,3,2),(3704,11,0,3,3),(3705,11,0,3,4),(3706,11,0,3,5),(3707,12,0,1,1),(3708,12,0,1,2),(3709,12,0,1,3),(3710,12,0,1,4),(3711,12,0,1,5),(3712,12,0,2,1),(3713,12,0,2,2),(3714,12,0,2,3),(3715,12,0,2,4),(3716,12,0,2,5),(3717,12,0,3,1),(3718,12,0,3,2),(3719,12,0,3,3),(3720,12,0,3,4),(3721,12,0,3,5),(3722,13,0,1,1),(3723,13,0,1,2),(3724,13,0,1,3),(3725,13,0,1,4),(3726,13,0,1,5),(3727,13,0,2,1),(3728,13,0,2,2),(3729,13,0,2,3),(3730,13,0,2,4),(3731,13,0,2,5),(3732,13,0,3,1),(3733,13,0,3,2),(3734,13,0,3,3),(3735,13,0,3,4),(3736,13,0,3,5),(3737,14,0,1,1),(3738,14,0,1,2),(3739,14,0,1,3),(3740,14,0,1,4),(3741,14,0,1,5),(3742,14,0,2,1),(3743,14,0,2,2),(3744,14,0,2,3),(3745,14,0,2,4),(3746,14,0,2,5),(3747,14,0,3,1),(3748,14,0,3,2),(3749,14,0,3,3),(3750,14,0,3,4),(3751,14,0,3,5),(3752,15,0,1,1),(3753,15,0,1,2),(3754,15,0,1,3),(3755,15,0,1,4),(3756,15,0,1,5),(3757,15,0,2,1),(3758,15,0,2,2),(3759,15,0,2,3),(3760,15,0,2,4),(3761,15,0,2,5),(3762,15,0,3,1),(3763,15,0,3,2),(3764,15,0,3,3),(3765,15,0,3,4),(3766,15,0,3,5),(3767,16,0,1,1),(3768,16,0,1,2),(3769,16,0,1,3),(3770,16,0,1,4),(3771,16,0,1,5),(3772,16,0,2,1),(3773,16,0,2,2),(3774,16,0,2,3),(3775,16,0,2,4),(3776,16,0,2,5),(3777,16,0,3,1),(3778,16,0,3,2),(3779,16,0,3,3),(3780,16,0,3,4),(3781,16,0,3,5),(3782,17,0,1,1),(3783,17,0,1,2),(3784,17,0,1,3),(3785,17,0,1,4),(3786,17,0,1,5),(3787,17,0,2,1),(3788,17,0,2,2),(3789,17,0,2,3),(3790,17,0,2,4),(3791,17,0,2,5),(3792,17,0,3,1),(3793,17,0,3,2),(3794,17,0,3,3),(3795,17,0,3,4),(3796,17,0,3,5),(3797,18,0,1,1),(3798,18,0,1,2),(3799,18,0,1,3),(3800,18,0,1,4),(3801,18,0,1,5),(3802,18,0,2,1),(3803,18,0,2,2),(3804,18,0,2,3),(3805,18,0,2,4),(3806,18,0,2,5),(3807,18,0,3,1),(3808,18,0,3,2),(3809,18,0,3,3),(3810,18,0,3,4),(3811,18,0,3,5),(3812,19,0,1,1),(3813,19,0,1,2),(3814,19,0,1,3),(3815,19,0,1,4),(3816,19,0,1,5),(3817,19,0,2,1),(3818,19,0,2,2),(3819,19,0,2,3),(3820,19,0,2,4),(3821,19,0,2,5),(3822,19,0,3,1),(3823,19,0,3,2),(3824,19,0,3,3),(3825,19,0,3,4),(3826,19,0,3,5),(3827,20,0,1,1),(3828,20,0,1,2),(3829,20,0,1,3),(3830,20,0,1,4),(3831,20,0,1,5),(3832,20,0,2,1),(3833,20,0,2,2),(3834,20,0,2,3),(3835,20,0,2,4),(3836,20,0,2,5),(3837,20,0,3,1),(3838,20,0,3,2),(3839,20,0,3,3),(3840,20,0,3,4),(3841,20,0,3,5);
/*!40000 ALTER TABLE `seat` ENABLE KEYS */;
UNLOCK TABLES;

--
-- Table structure for table `seat_status`
--

DROP TABLE IF EXISTS `seat_status`;
/*!40101 SET @saved_cs_client     = @@character_set_client */;
/*!50503 SET character_set_client = utf8mb4 */;
CREATE TABLE `seat_status` (
  `Seat_Status_no` int NOT NULL AUTO_INCREMENT,
  `Seat_no` int DEFAULT NULL,
  `Session_no` int DEFAULT NULL,
  `Status` int DEFAULT NULL,
  `Price` int DEFAULT NULL,
  PRIMARY KEY (`Seat_Status_no`),
  KEY `Seat_no` (`Seat_no`),
  KEY `Session_no` (`Session_no`),
  CONSTRAINT `seat_status_ibfk_1` FOREIGN KEY (`Seat_no`) REFERENCES `seat` (`Seat_no`),
  CONSTRAINT `seat_status_ibfk_2` FOREIGN KEY (`Session_no`) REFERENCES `session` (`Session_no`)
) ENGINE=InnoDB DEFAULT CHARSET=utf8mb4 COLLATE=utf8mb4_0900_ai_ci;
/*!40101 SET character_set_client = @saved_cs_client */;

--
-- Dumping data for table `seat_status`
--

LOCK TABLES `seat_status` WRITE;
/*!40000 ALTER TABLE `seat_status` DISABLE KEYS */;
/*!40000 ALTER TABLE `seat_status` ENABLE KEYS */;
UNLOCK TABLES;

--
-- Table structure for table `series_movies`
--

DROP TABLE IF EXISTS `series_movies`;
/*!40101 SET @saved_cs_client     = @@character_set_client */;
/*!50503 SET character_set_client = utf8mb4 */;
CREATE TABLE `series_movies` (
  `Movies_Series_ID` int NOT NULL AUTO_INCREMENT,
  `Event_ID` int DEFAULT NULL,
  `Genre` varchar(30) DEFAULT NULL,
  `Category` varchar(30) DEFAULT NULL,
  PRIMARY KEY (`Movies_Series_ID`),
  KEY `fk_Movies_Series` (`Event_ID`),
  CONSTRAINT `fk_Movies_Series` FOREIGN KEY (`Event_ID`) REFERENCES `event` (`Event_ID`)
) ENGINE=InnoDB AUTO_INCREMENT=23 DEFAULT CHARSET=utf8mb4 COLLATE=utf8mb4_0900_ai_ci;
/*!40101 SET character_set_client = @saved_cs_client */;

--
-- Dumping data for table `series_movies`
--

LOCK TABLES `series_movies` WRITE;
/*!40000 ALTER TABLE `series_movies` DISABLE KEYS */;
INSERT INTO `series_movies` VALUES (1,224,NULL,NULL),(2,223,NULL,NULL),(3,271,'تاریخی','بزرگسال'),(4,272,'کمدی','کودک و نوجوان'),(5,273,'اکشن','تلویزیون'),(6,274,'سورئال','زبان انگلیسی'),(7,275,'کلاسیک','بزرگسال'),(8,276,'تاریخی','کودک و نوجوان'),(9,277,'کمدی','تلویزیون'),(10,278,'اکشن','زبان انگلیسی'),(11,279,'سورئال','بزرگسال'),(12,280,'کلاسیک','کودک و نوجوان'),(13,281,'تاریخی','تلویزیون'),(14,282,'کمدی','زبان انگلیسی'),(15,283,'اکشن','بزرگسال'),(16,284,'سورئال','کودک و نوجوان'),(17,285,'کلاسیک','تلویزیون'),(18,286,'تاریخی','زبان انگلیسی'),(19,287,'کمدی','بزرگسال'),(20,288,'اکشن','کودک و نوجوان'),(21,289,'سورئال','تلویزیون'),(22,290,'کلاسیک','زبان انگلیسی');
/*!40000 ALTER TABLE `series_movies` ENABLE KEYS */;
UNLOCK TABLES;

--
-- Table structure for table `session`
--

DROP TABLE IF EXISTS `session`;
/*!40101 SET @saved_cs_client     = @@character_set_client */;
/*!50503 SET character_set_client = utf8mb4 */;
CREATE TABLE `session` (
  `Session_no` int NOT NULL AUTO_INCREMENT,
  `Event_ID` int DEFAULT NULL,
  `Start_time` time DEFAULT NULL,
  `End_time` time DEFAULT NULL,
  `Date` date DEFAULT NULL,
  PRIMARY KEY (`Session_no`),
  KEY `Event_ID` (`Event_ID`),
  CONSTRAINT `session_ibfk_1` FOREIGN KEY (`Event_ID`) REFERENCES `event` (`Event_ID`)
) ENGINE=InnoDB AUTO_INCREMENT=101 DEFAULT CHARSET=utf8mb4 COLLATE=utf8mb4_0900_ai_ci;
/*!40101 SET character_set_client = @saved_cs_client */;

--
-- Dumping data for table `session`
--

LOCK TABLES `session` WRITE;
/*!40000 ALTER TABLE `session` DISABLE KEYS */;
INSERT INTO `session` VALUES (1,212,'00:06:29','01:11:17','2023-12-29'),(2,212,'07:52:16','09:08:05','2022-05-28'),(3,213,'18:36:33','20:22:48','2024-02-11'),(4,213,'09:26:53','11:22:09','2022-05-12'),(5,214,'12:55:28','15:17:27','2023-06-06'),(6,214,'00:29:53','01:33:49','2023-07-30'),(7,215,'12:16:42','13:47:53','2022-08-07'),(8,215,'02:36:34','04:58:34','2024-01-14'),(9,216,'00:58:31','03:11:39','2022-10-31'),(10,216,'11:14:55','13:15:37','2023-09-26'),(11,217,'08:22:26','09:58:23','2022-05-09'),(12,217,'10:24:50','12:19:01','2023-03-24'),(13,218,'08:16:12','09:54:24','2022-08-04'),(14,218,'08:33:27','09:45:59','2022-09-09'),(15,219,'15:27:10','17:27:52','2023-04-01'),(16,219,'19:07:59','20:52:11','2022-03-11'),(17,220,'20:24:06','22:50:52','2023-07-09'),(18,220,'11:58:52','13:39:01','2023-04-01'),(19,230,'01:51:41','03:07:40','2023-12-27'),(20,230,'10:29:28','11:50:57','2022-05-22'),(21,231,'15:35:46','16:57:56','2022-11-25'),(22,231,'22:13:55','23:30:10','2022-11-27'),(23,232,'15:18:17','17:13:08','2023-07-13'),(24,232,'14:52:59','17:20:46','2023-10-11'),(25,233,'18:01:16','20:14:49','2023-07-18'),(26,233,'20:00:12','21:34:34','2023-08-29'),(27,234,'02:22:44','04:19:25','2022-08-01'),(28,234,'14:17:45','15:21:09','2022-02-25'),(29,235,'10:11:28','11:41:37','2022-11-11'),(30,235,'03:59:35','05:41:41','2022-10-19'),(31,236,'09:20:26','11:00:11','2023-07-23'),(32,236,'03:01:00','04:10:07','2023-04-09'),(33,237,'07:57:19','09:35:45','2022-11-16'),(34,237,'10:05:33','12:04:01','2023-05-24'),(35,238,'05:17:05','06:41:39','2023-04-30'),(36,238,'05:48:58','07:16:37','2022-04-04'),(37,239,'04:11:23','06:10:32','2023-11-12'),(38,239,'14:55:16','16:14:07','2024-01-30'),(39,240,'06:08:47','08:27:42','2023-09-13'),(40,240,'16:18:10','18:24:10','2023-06-30'),(41,241,'05:35:12','07:37:43','2022-08-23'),(42,241,'03:25:49','04:39:39','2023-06-15'),(43,242,'13:52:49','16:17:08','2022-08-24'),(44,242,'05:04:57','06:22:26','2023-02-07'),(45,243,'10:24:07','12:52:58','2022-11-16'),(46,243,'23:04:10','00:53:43','2022-03-20'),(47,244,'08:46:17','10:45:56','2022-04-17'),(48,244,'13:01:32','14:53:35','2024-01-19'),(49,245,'22:58:10','00:40:28','2022-03-01'),(50,245,'15:26:12','17:45:17','2022-03-04'),(51,246,'20:04:37','21:31:46','2023-08-22'),(52,246,'05:24:33','06:44:41','2023-07-17'),(53,247,'05:09:05','06:49:19','2024-01-19'),(54,247,'17:30:50','19:30:51','2023-02-05'),(55,248,'08:09:21','10:39:17','2023-02-18'),(56,248,'01:30:28','03:44:06','2022-12-01'),(57,249,'07:53:23','09:25:44','2022-12-17'),(58,249,'16:12:49','18:22:46','2023-07-06'),(59,250,'20:27:14','21:29:43','2023-05-05'),(60,250,'05:14:17','06:51:07','2023-09-23'),(61,251,'09:51:32','11:52:15','2023-01-02'),(62,251,'20:44:08','22:11:12','2023-08-20'),(63,252,'22:19:40','23:45:20','2023-10-11'),(64,252,'14:08:56','15:53:59','2022-09-01'),(65,253,'23:55:51','02:23:41','2023-07-14'),(66,253,'21:36:40','23:20:32','2022-03-21'),(67,254,'19:43:33','21:52:36','2022-11-07'),(68,254,'17:46:56','19:59:32','2024-01-09'),(69,255,'05:41:13','07:29:21','2023-06-02'),(70,255,'02:06:18','04:31:51','2022-11-21'),(71,256,'06:40:48','07:51:32','2023-04-16'),(72,256,'03:44:05','05:03:17','2022-09-20'),(73,257,'07:57:07','10:05:22','2024-01-11'),(74,257,'15:28:59','16:35:35','2023-02-24'),(75,258,'10:33:10','12:42:27','2023-02-03'),(76,258,'06:09:53','07:23:16','2023-11-07'),(77,259,'02:10:06','03:27:00','2023-07-28'),(78,259,'10:07:43','11:53:07','2023-02-27'),(79,260,'22:10:55','00:21:41','2022-03-15'),(80,260,'18:09:54','19:41:08','2022-12-18'),(81,261,'13:08:08','15:19:42','2023-01-27'),(82,261,'18:19:04','20:07:23','2023-01-03'),(83,262,'17:08:40','18:21:08','2022-09-30'),(84,262,'15:08:18','17:11:36','2023-09-24'),(85,263,'00:10:33','02:28:57','2022-08-18'),(86,263,'00:03:13','02:29:16','2023-05-03'),(87,264,'04:41:07','06:58:04','2022-10-03'),(88,264,'19:34:24','21:12:05','2022-06-04'),(89,265,'11:30:23','13:51:21','2022-08-28'),(90,265,'06:38:23','08:27:15','2022-08-05'),(91,266,'07:40:47','09:06:37','2024-02-05'),(92,266,'01:25:51','03:15:43','2023-06-01'),(93,267,'18:47:38','20:06:18','2022-04-14'),(94,267,'11:06:25','12:35:37','2023-08-25'),(95,268,'07:45:07','09:36:34','2023-07-05'),(96,268,'10:50:34','12:13:05','2022-09-22'),(97,269,'23:56:38','01:27:00','2023-10-11'),(98,269,'13:19:18','14:38:43','2022-07-05'),(99,270,'14:45:50','16:23:01','2023-06-24'),(100,270,'00:38:52','02:37:19','2023-05-20');
/*!40000 ALTER TABLE `session` ENABLE KEYS */;
UNLOCK TABLES;

--
-- Table structure for table `site`
--

DROP TABLE IF EXISTS `site`;
/*!40101 SET @saved_cs_client     = @@character_set_client */;
/*!50503 SET character_set_client = utf8mb4 */;
CREATE TABLE `site` (
  `Site_no` int NOT NULL AUTO_INCREMENT,
  `Province` varchar(30) DEFAULT NULL,
  `City` varchar(30) DEFAULT NULL,
  `Address` varchar(100) DEFAULT NULL,
  `Phone` varchar(20) DEFAULT NULL,
  `Location` varchar(150) DEFAULT NULL,
  PRIMARY KEY (`Site_no`)
) ENGINE=InnoDB AUTO_INCREMENT=11 DEFAULT CHARSET=utf8mb4 COLLATE=utf8mb4_0900_ai_ci;
/*!40101 SET character_set_client = @saved_cs_client */;

--
-- Dumping data for table `site`
--

LOCK TABLES `site` WRITE;
/*!40000 ALTER TABLE `site` DISABLE KEYS */;
INSERT INTO `site` VALUES (1,'Tehran',NULL,'749 یزدی جزیره\nشهرستان نازنين, گلستان 293193','+98 905 381 4280','https://www.google.com/maps?q=-31.110693,-152.863057'),(2,'Isfahan',NULL,'26286 اسرا دره\nغرب امیرمحمد, تهران 8089138213','026 6980 4622','https://www.google.com/maps?q=71.766441,-9.078954'),(3,'Fars',NULL,'11934 ماهان جزیره سوئیت 443\nبندر ابوالفضل, مرکزی 4964','028 3271 9737','https://www.google.com/maps?q=-88.851766,7.804002'),(4,'Kerman',NULL,'6892 معروف بلوار\nروستای حلما, همدان 3104','+98 44 4836 2758','https://www.google.com/maps?q=-71.4532335,129.577863'),(5,'Mazandaran',NULL,'42396 طاها جنب\nدهستان امیر علی, آذربایجان شرقی 906693','041 1168 5462','https://www.google.com/maps?q=6.5455785,-28.050359'),(6,'Gilan',NULL,'05217 دایی دره\nشمال کيانا, سمنان 20899','044 5423 9149','https://www.google.com/maps?q=34.1481445,144.724868'),(7,'Golestan',NULL,'51803 هومن کوه\nاستان بنیامین, کهگیلویه و بویراحمد 716885','+98 999 801 0528','https://www.google.com/maps?q=-62.877019,-3.661120'),(8,'Hamedan',NULL,'844 طاها جاده\nشهرستان معصومه, سمنان 12882','074 0223 9538','https://www.google.com/maps?q=73.7938315,-0.113034'),(9,'Ardabil',NULL,'9079 سعیدی جاده\nجنوب پرهام, فارس 887','+98 35 9215 7814','https://www.google.com/maps?q=-65.9827125,120.093189'),(10,'Bushehr',NULL,'694 زینب تونل\nبندر حسین, کرمان 97897','+98 38 1674 7941','https://www.google.com/maps?q=-67.0952555,141.891680');
/*!40000 ALTER TABLE `site` ENABLE KEYS */;
UNLOCK TABLES;

--
-- Table structure for table `theatre`
--

DROP TABLE IF EXISTS `theatre`;
/*!40101 SET @saved_cs_client     = @@character_set_client */;
/*!50503 SET character_set_client = utf8mb4 */;
CREATE TABLE `theatre` (
  `Theatre_ID` int NOT NULL AUTO_INCREMENT,
  `Event_ID` int DEFAULT NULL,
  `Genre` varchar(30) DEFAULT NULL,
  `Category` varchar(30) DEFAULT NULL,
  PRIMARY KEY (`Theatre_ID`),
  KEY `fk_Event_ID` (`Event_ID`),
  CONSTRAINT `fk_Event_ID` FOREIGN KEY (`Event_ID`) REFERENCES `event` (`Event_ID`)
) ENGINE=InnoDB AUTO_INCREMENT=39 DEFAULT CHARSET=utf8mb4 COLLATE=utf8mb4_0900_ai_ci;
/*!40101 SET character_set_client = @saved_cs_client */;

--
-- Dumping data for table `theatre`
--

LOCK TABLES `theatre` WRITE;
/*!40000 ALTER TABLE `theatre` DISABLE KEYS */;
INSERT INTO `theatre` VALUES (1,212,'هیجان انگیز - دلهره‌آور',' بزرگسال'),(2,213,' درام',' بزرگسال'),(3,214,' تلفیقی',' تلفیقی'),(4,215,' عاشقانه',' بزرگسال'),(5,216,' کمدی',' بزرگسال'),(6,217,' کمدی',' بزرگسال'),(7,218,' کمدی',' کودک و نوجوان'),(8,230,NULL,NULL),(9,231,'کمدی','بزرگسال'),(10,232,'عاشقانه','کودک و نوجوان'),(11,233,'اجتماعی','بزرگسال'),(12,234,'موزیکال','کودک و نوجوان'),(13,235,'کمدی','بزرگسال'),(14,236,'موزیکال','کودک و نوجوان'),(15,237,'اجتماعی','بزرگسال'),(16,238,'موزیکال','کودک و نوجوان'),(17,239,'کمدی','بزرگسال'),(18,240,'موزیکال','کودک و نوجوان'),(19,241,'اجتماعی','بزرگسال'),(20,242,'درام','کودک و نوجوان'),(21,243,'کمدی','بزرگسال'),(22,244,'عاشقانه','کودک و نوجوان'),(23,245,'اجتماعی','بزرگسال'),(24,246,'درام','کودک و نوجوان'),(25,247,'کمدی','بزرگسال'),(26,248,'عاشقانه','کودک و نوجوان'),(27,249,'اجتماعی','بزرگسال'),(28,250,'درام','کودک و نوجوان'),(29,251,'کمدی','بزرگسال'),(30,252,'عاشقانه','کودک و نوجوان'),(31,253,'اجتماعی','بزرگسال'),(32,254,'درام','کودک و نوجوان'),(33,255,'کمدی','بزرگسال'),(34,256,'عاشقانه','کودک و نوجوان'),(35,257,'اجتماعی','بزرگسال'),(36,258,'درام','کودک و نوجوان'),(37,259,'کمدی','بزرگسال'),(38,260,'عاشقانه','کودک و نوجوان');
/*!40000 ALTER TABLE `theatre` ENABLE KEYS */;
UNLOCK TABLES;

--
-- Table structure for table `theatre_film`
--

DROP TABLE IF EXISTS `theatre_film`;
/*!40101 SET @saved_cs_client     = @@character_set_client */;
/*!50503 SET character_set_client = utf8mb4 */;
CREATE TABLE `theatre_film` (
  `Theatre_Film_ID` int NOT NULL AUTO_INCREMENT,
  `Event_ID` int DEFAULT NULL,
  `Category` varchar(30) DEFAULT NULL,
  `Genre` varchar(30) DEFAULT NULL,
  PRIMARY KEY (`Theatre_Film_ID`),
  KEY `fk_Theatre_Film` (`Event_ID`),
  CONSTRAINT `fk_Theatre_Film` FOREIGN KEY (`Event_ID`) REFERENCES `event` (`Event_ID`)
) ENGINE=InnoDB AUTO_INCREMENT=23 DEFAULT CHARSET=utf8mb4 COLLATE=utf8mb4_0900_ai_ci;
/*!40101 SET character_set_client = @saved_cs_client */;

--
-- Dumping data for table `theatre_film`
--

LOCK TABLES `theatre_film` WRITE;
/*!40000 ALTER TABLE `theatre_film` DISABLE KEYS */;
INSERT INTO `theatre_film` VALUES (1,221,NULL,NULL),(2,222,NULL,NULL),(3,291,'بزرگسال','تاریخی'),(4,292,'کودک و نوجوان','کمدی'),(5,293,'بین الملل','تلفیقی'),(6,294,'فیزیکال','سورئال'),(7,295,'بزرگسال','معمایی'),(8,296,'کودک و نوجوان','تاریخی'),(9,297,'بین الملل','کمدی'),(10,298,'فیزیکال','تلفیقی'),(11,299,'بزرگسال','سورئال'),(12,300,'کودک و نوجوان','معمایی'),(13,301,'بین الملل','تاریخی'),(14,302,'فیزیکال','کمدی'),(15,303,'بزرگسال','تلفیقی'),(16,304,'کودک و نوجوان','سورئال'),(17,305,'بین الملل','معمایی'),(18,306,'فیزیکال','تاریخی'),(19,307,'بزرگسال','کمدی'),(20,308,'کودک و نوجوان','تلفیقی'),(21,309,'بین الملل','سورئال'),(22,310,'فیزیکال','معمایی');
/*!40000 ALTER TABLE `theatre_film` ENABLE KEYS */;
UNLOCK TABLES;

--
-- Table structure for table `ticket`
--

DROP TABLE IF EXISTS `ticket`;
/*!40101 SET @saved_cs_client     = @@character_set_client */;
/*!50503 SET character_set_client = utf8mb4 */;
CREATE TABLE `ticket` (
  `Ticket_no` int NOT NULL AUTO_INCREMENT,
  `Seat_no` int DEFAULT NULL,
  `Session_no` int DEFAULT NULL,
  `Track_no` int DEFAULT NULL,
  PRIMARY KEY (`Ticket_no`),
  KEY `Seat_no` (`Seat_no`),
  KEY `Session_no` (`Session_no`),
  KEY `Track_no` (`Track_no`),
  CONSTRAINT `ticket_ibfk_1` FOREIGN KEY (`Seat_no`) REFERENCES `seat` (`Seat_no`),
  CONSTRAINT `ticket_ibfk_2` FOREIGN KEY (`Session_no`) REFERENCES `session` (`Session_no`),
  CONSTRAINT `ticket_ibfk_3` FOREIGN KEY (`Track_no`) REFERENCES `purchase` (`Track_no`)
) ENGINE=InnoDB DEFAULT CHARSET=utf8mb4 COLLATE=utf8mb4_0900_ai_ci;
/*!40101 SET character_set_client = @saved_cs_client */;

--
-- Dumping data for table `ticket`
--

LOCK TABLES `ticket` WRITE;
/*!40000 ALTER TABLE `ticket` DISABLE KEYS */;
/*!40000 ALTER TABLE `ticket` ENABLE KEYS */;
UNLOCK TABLES;

--
-- Table structure for table `user_account`
--

DROP TABLE IF EXISTS `user_account`;
/*!40101 SET @saved_cs_client     = @@character_set_client */;
/*!50503 SET character_set_client = utf8mb4 */;
CREATE TABLE `user_account` (
  `Username` varchar(30) NOT NULL,
  `First_name` varchar(30) NOT NULL,
  `Last_name` varchar(30) NOT NULL,
  `Visible_name` varchar(30) DEFAULT NULL,
  `Phone` varchar(20) DEFAULT NULL,
  `Wallet_balance` int DEFAULT NULL,
  `Password` varchar(50) DEFAULT NULL,
  `Educational_degree` varchar(20) DEFAULT NULL,
  `Major` varchar(40) DEFAULT NULL,
  `Profile` varchar(50) DEFAULT NULL,
  `Occupation` varchar(30) DEFAULT NULL,
  `Joining_date` date DEFAULT NULL,
  `Bio` varchar(200) DEFAULT NULL,
  `Province` varchar(30) DEFAULT NULL,
  `City` varchar(30) DEFAULT NULL,
  `Address` varchar(100) DEFAULT NULL,
  `Postal_code` bigint DEFAULT NULL,
  `Plus` tinyint(1) DEFAULT NULL,
  PRIMARY KEY (`Username`)
) ENGINE=InnoDB DEFAULT CHARSET=utf8mb4 COLLATE=utf8mb4_0900_ai_ci;
/*!40101 SET character_set_client = @saved_cs_client */;

--
-- Dumping data for table `user_account`
--

LOCK TABLES `user_account` WRITE;
/*!40000 ALTER TABLE `user_account` DISABLE KEYS */;
INSERT INTO `user_account` VALUES ('aabimy6095','Megan','Mitchell','Megan Mitchell','09864096596',305762038,'xwykmlmsg6774','Ph.D.','Physics',NULL,NULL,'2019-01-06',NULL,'Bushehr','Ahvaz',NULL,NULL,0),('aacmry5856','Luis','Davis','Luis Davis','09534850774',124639366,'dpzwzbtns20380','Master','Business Administration',NULL,NULL,'2020-09-06',NULL,'Isfahan','Najafabad',NULL,NULL,0),('aaexul3901','Jeffery','Sanchez','Jeffery Sanchez','09886111849',416412550,'pjkseoojr26598','Master','Business Administration',NULL,NULL,'2009-12-27',NULL,'Markazi','Tehran',NULL,NULL,0),('aahhee9259','Zoe','Larson','Zoe Larson','09986381767',409285212,'cpmbexkkt36414','Diploma','History',NULL,NULL,'2017-07-07',NULL,'Kurdistan','Eslamshahr',NULL,NULL,0),('aaksvj1426','Katie','Olson','Katie Olson','09525662468',424908582,'lfitvamwi32882','Master','Architecture',NULL,NULL,'2017-01-03',NULL,'Khuzestan','Eslamshahr',NULL,NULL,1),('aapnaw7863','Edward','Moyer','Edward Moyer','09468682702',51446590,'ahtizovxz60689','Bachelor','Economics',NULL,NULL,'2011-08-14',NULL,'Yazd','Bandar-e Anzali',NULL,NULL,1),('abvylh2093','John','Keller','John Keller','09567106861',362692217,'ytxwwfutg61464','Bachelor','Graphic Design',NULL,NULL,'2018-05-01',NULL,'Bushehr','Kaleybar',NULL,NULL,0),('abzjil5650','John','Collins','John Collins','09134122134',146774982,'ytjatfbas20933','Ph.D.','Linguistics',NULL,NULL,'2017-11-22',NULL,'Hamedan','Marvdasht',NULL,NULL,0),('acacwy3827','Daniel','Allen','Daniel Allen','09694074262',33285645,'exgpovmrm82560','Diploma','Business Administration',NULL,NULL,'2014-02-12',NULL,'Tehran','Kaleybar',NULL,NULL,0),('acdzhw6984','Sheila','Daniels','Sheila Daniels','09758744497',108062242,'fhornbypt99175','Master','Biology',NULL,NULL,'2009-07-28',NULL,'Khuzestan','Sari',NULL,NULL,0),('acipjb9335','Michael','Miller','Michael Miller','09870055036',45208441,'vhaiwqwff43529','Bachelor','Mathematics',NULL,NULL,'2013-09-17',NULL,'Lorestan','Neyshabur',NULL,NULL,0),('acxotu6328','Dr.','Joshua','Dr. Joshua','09473152740',211743674,'sbogcuetu13485','Ph.D.','Electrical Engineering',NULL,NULL,'2008-06-26',NULL,'Isfahan','Babol',NULL,NULL,0),('adanxb3217','Ruth','Hernandez','Ruth Hernandez','09513173232',200410908,'ilieuvyux72540','Ph.D.','Architecture',NULL,NULL,'2020-11-29',NULL,'Isfahan','Jahrom',NULL,NULL,1),('admftm7634','Denise','Miller','Denise Miller','09518454777',281965344,'buqcagqzg83962','Bachelor','Linguistics',NULL,NULL,'2018-01-27',NULL,'Tehran','Abadan',NULL,NULL,1),('aekfmz4330','Ryan','Hahn','Ryan Hahn','09471738163',496805214,'ymjnkijws85230','Ph.D.','Environmental Science',NULL,NULL,'2018-11-10',NULL,'Fars','Urmia',NULL,NULL,1),('aeoqxp1853','Brian','Preston','Brian Preston','09357881844',486709356,'ofeobrwsm44009','Ph.D.','Physics',NULL,NULL,'2017-05-10',NULL,'Markazi','Kaleybar',NULL,NULL,1),('aesvfl9713','Elizabeth','Brown','Elizabeth Brown','09638939647',109797162,'satvgjhsr99034','Ph.D.','Electrical Engineering',NULL,NULL,'2015-04-22',NULL,'Golestan','Shahin Shahr',NULL,NULL,0),('afcrsd7116','Elizabeth','Weaver','Elizabeth Weaver','09406556932',182659250,'nzfqltepx65430','Diploma','Psychology',NULL,NULL,'2018-09-26',NULL,'Fars','Abadan',NULL,NULL,1),('agfdua2644','Brett','Holmes','Brett Holmes','09255069304',16885688,'ueniljkmf76305','Master','Electrical Engineering',NULL,NULL,'2012-01-29',NULL,'Tehran','Najafabad',NULL,NULL,1),('aikfck4448','Melissa','Mclean','Melissa Mclean','09162040597',3852955,'xwxwkjirk19614','Diploma','Chemistry',NULL,NULL,'2015-09-24',NULL,'Kermanshah','Kerman',NULL,NULL,1),('ajumxh9084','Aaron','Ruiz','Aaron Ruiz','09159049160',80751488,'jrpvbiiac46506','Bachelor','Civil Engineering',NULL,NULL,'2012-09-19',NULL,'Kurdistan','Tehran',NULL,NULL,1),('ajvbnf7283','David','Jordan','David Jordan','09962170116',416732090,'kousijvpl34338','Bachelor','Environmental Science',NULL,NULL,'2012-07-27',NULL,'Isfahan','Kerman',NULL,NULL,1),('akebet5825','David','Scott','David Scott','09766054455',268700252,'ojwppkxhf12550','Diploma','Psychology',NULL,NULL,'2020-10-09',NULL,'Khuzestan','Bandar-e Anzali',NULL,NULL,0),('akzpwv5915','Dr.','Richard','Dr. Richard','09824952851',436083198,'mbpuhiqvn16834','Ph.D.','Architecture',NULL,NULL,'2012-11-09',NULL,'Markazi','Tabriz',NULL,NULL,1),('albmgt7293','Bobby','Fritz','Bobby Fritz','09154638174',139082342,'jyznahdfu27162','Master','Physics',NULL,NULL,'2022-05-03',NULL,'Isfahan','Mashhad',NULL,NULL,1),('albttx4262','Sean','Blackburn','Sean Blackburn','09434311464',484602510,'nhevcnain36676','Ph.D.','Linguistics',NULL,NULL,'2023-09-11',NULL,'Lorestan','Najafabad',NULL,NULL,0),('aleism2974','Terry','Villanueva','Terry Villanueva','09457053422',262533485,'lgwcxitoe67955','Bachelor','Mechanical Engineering',NULL,NULL,'2010-12-20',NULL,'East Azerbaijan','Marvdasht',NULL,NULL,1),('amdnmf4451','Amber','Armstrong','Amber Armstrong','09877215977',347157785,'lugpobrik31842','Diploma','Graphic Design',NULL,NULL,'2005-05-04',NULL,'Kermanshah','Sirjan',NULL,NULL,0),('amgckb7457','Yolanda','Davis','Yolanda Davis','09576259292',276602849,'anmlfinha83440','Master','Nursing',NULL,NULL,'2005-03-30',NULL,'Kerman','Mashhad',NULL,NULL,0),('amlxkw3157','Ryan','Taylor','Ryan Taylor','09688301928',302183447,'ajnsriomw77959','Diploma','Environmental Science',NULL,NULL,'2018-12-02',NULL,'Mazandaran','Kaleybar',NULL,NULL,1),('anlaoz7532','Joseph','Mann','Joseph Mann','09761177749',321935915,'wojkyclfk45652','Ph.D.','History',NULL,NULL,'2008-03-07',NULL,'Fars','Karaj',NULL,NULL,0),('aofhhv2021','Angelica','Lowe','Angelica Lowe','09575666153',283162407,'bdmxkrska4177','Ph.D.','Sociology',NULL,NULL,'2010-10-30',NULL,'Khuzestan','Urmia',NULL,NULL,0),('aolith5119','Mrs.','Stephanie','Mrs. Stephanie','09685273998',200370531,'gumplwuhy18912','Ph.D.','Economics',NULL,NULL,'2013-10-29',NULL,'East Azerbaijan','Rafsanjan',NULL,NULL,1),('aoursp2908','Elaine','Meadows','Elaine Meadows','09170742342',175531433,'cywxwnvpr93752','Diploma','Linguistics',NULL,NULL,'2017-02-19',NULL,'Razavi Khorasan','Kaleybar',NULL,NULL,0),('apascd8913','Douglas','Herrera','Douglas Herrera','09489700913',48683033,'iwchmenod27637','Master','Architecture',NULL,NULL,'2008-04-04',NULL,'West Azerbaijan','Shahin Shahr',NULL,NULL,0),('aplbjc1468','Michael','Hampton','Michael Hampton','09898190884',2137485,'pgnhcomxi15251','Bachelor','Nursing',NULL,NULL,'2012-02-03',NULL,'Mazandaran','Babol',NULL,NULL,1),('apofir5054','Jeffrey','Hill','Jeffrey Hill','09432206187',179288755,'unxcpbxjb89446','Bachelor','Chemistry',NULL,NULL,'2006-08-01',NULL,'Tehran','Mashhad',NULL,NULL,1),('aqetgy7261','Nicolas','Mcmillan','Nicolas Mcmillan','09119949257',94321829,'lzqcstqfl31755','Bachelor','Architecture',NULL,NULL,'2017-08-29',NULL,'Bushehr','Eslamshahr',NULL,NULL,1),('aqfneb6740','Erica','Gallegos','Erica Gallegos','09196035524',453897274,'ibiiacsby84244','Bachelor','Economics',NULL,NULL,'2016-03-16',NULL,'Gilan','Jahrom',NULL,NULL,1),('aqkwlc4937','Raymond','Davis','Raymond Davis','09175735711',263832704,'ulcuakkcj82221','Diploma','Mathematics',NULL,NULL,'2008-05-07',NULL,'Gilan','Tehran',NULL,NULL,1),('aqvchn1465','Richard','Martinez','Richard Martinez','09510855841',377365664,'rublerdbd69483','Master','History',NULL,NULL,'2012-01-24',NULL,'Lorestan','Amol',NULL,NULL,1),('asdubr2844','Christian','Bell','Christian Bell','09128936167',98837962,'ykkjjqxtg70765','Bachelor','Biology',NULL,NULL,'2006-09-11',NULL,'Razavi Khorasan','Mashhad',NULL,NULL,1),('atbcuy2454','Mary','Murphy','Mary Murphy','09753207334',415774148,'tgbzkyhdz67121','Diploma','Architecture',NULL,NULL,'2009-07-01',NULL,'Ardabil','Shiraz',NULL,NULL,1),('atqpyr1485','Linda','Ramirez','Linda Ramirez','09274098733',421481846,'vkeamhaek7784','Bachelor','Graphic Design',NULL,NULL,'2023-10-22',NULL,'Golestan','Dezful',NULL,NULL,0),('aunkyh1119','Douglas','Stevens','Douglas Stevens','09172464694',37421188,'iowdmsfhh42235','Bachelor','Sociology',NULL,NULL,'2020-02-03',NULL,'West Azerbaijan','Najafabad',NULL,NULL,1),('auumzy5137','Elizabeth','Torres','Elizabeth Torres','09265685449',356080802,'errykletn21989','Bachelor','Mathematics',NULL,NULL,'2005-06-16',NULL,'Hamedan','Isfahan',NULL,NULL,1),('avgtam2435','Eduardo','Graham','Eduardo Graham','09847998679',90327173,'mdfgyetbt70608','Ph.D.','Graphic Design',NULL,NULL,'2009-08-09',NULL,'Markazi','Shahin Shahr',NULL,NULL,0),('avkagz3274','Ronnie','Haynes','Ronnie Haynes','09323799396',350491785,'bvxdpxzlp26637','Ph.D.','Architecture',NULL,NULL,'2010-12-04',NULL,'Hamedan','Maragheh',NULL,NULL,0),('avrtsy1922','Gabriel','Lindsey','Gabriel Lindsey','09615768599',336420510,'cgtzrafyj25935','Bachelor','Nursing',NULL,NULL,'2007-04-25',NULL,'Hamedan','Abadan',NULL,NULL,1),('awedal1679','Christopher','Bartlett','Christopher Bartlett','09106705708',392960223,'cowczclbc4566','Ph.D.','English Literature',NULL,NULL,'2015-12-12',NULL,'Markazi','Najafabad',NULL,NULL,0),('awgjud7720','Benjamin','Day','Benjamin Day','09308269307',243989849,'ddbpcmcgd27105','Ph.D.','Political Science',NULL,NULL,'2014-04-22',NULL,'Yazd','Rasht',NULL,NULL,1),('awjjlt4560','Jacqueline','Harrison','Jacqueline Harrison','09970955690',446807531,'qsoypqvkl73939','Diploma','Political Science',NULL,NULL,'2012-06-23',NULL,'West Azerbaijan','Najafabad',NULL,NULL,1),('awrqph6627','Brian','Kelley','Brian Kelley','09261231178',390599231,'exdetblax54077','Bachelor','History',NULL,NULL,'2013-02-09',NULL,'Markazi','Kerman',NULL,NULL,1),('axroye7079','Rodney','Hansen','Rodney Hansen','09311209511',328455325,'zoocdzqvm78681','Diploma','Nursing',NULL,NULL,'2018-10-17',NULL,'Kermanshah','Isfahan',NULL,NULL,1),('axzewb1037','Ashley','Romero','Ashley Romero','09340177355',265994199,'mhsszebws63700','Bachelor','Mathematics',NULL,NULL,'2009-12-23',NULL,'Tehran','Tehran',NULL,NULL,0),('ayzzqn2739','Michelle','Santiago','Michelle Santiago','09262015063',325250779,'bhjhucctb45299','Diploma','Environmental Science',NULL,NULL,'2010-07-12',NULL,'Hamedan','Sirjan',NULL,NULL,0),('azpbql6906','Patrick','Olson','Patrick Olson','09592965262',163346208,'bzixafrah16471','Master','Electrical Engineering',NULL,NULL,'2022-02-21',NULL,'East Azerbaijan','Najafabad',NULL,NULL,0),('azsuwm2636','Sharon','Porter','Sharon Porter','09259508967',328115450,'rmklldybr42970','Ph.D.','Political Science',NULL,NULL,'2009-03-22',NULL,'Tehran','Bandar-e Anzali',NULL,NULL,1),('azxbjj3760','Kimberly','Glenn','Kimberly Glenn','09643226413',448673903,'tfqdeyzys61660','Diploma','Biology',NULL,NULL,'2011-01-15',NULL,'Hormozgan','Tabriz',NULL,NULL,1),('bbivwx2501','Justin','Franco','Justin Franco','09357194594',328528723,'mtvvhszgl1377','Ph.D.','Psychology',NULL,NULL,'2008-01-11',NULL,'Fars','Amol',NULL,NULL,1),('bbnlyd2166','Carmen','Wade','Carmen Wade','09898747651',16855528,'brqsnaxgz32473','Master','English Literature',NULL,NULL,'2017-05-06',NULL,'East Azerbaijan','Isfahan',NULL,NULL,1),('bcasji9187','Vincent','Rollins','Vincent Rollins','09930421464',240885933,'tffflzwem15940','Diploma','Political Science',NULL,NULL,'2008-07-05',NULL,'Ardabil','Isfahan',NULL,NULL,0),('bchtac7519','Daniel','Newton','Daniel Newton','09850480387',170687079,'rlyhakgca84055','Ph.D.','Linguistics',NULL,NULL,'2023-09-30',NULL,'Khuzestan','Mashhad',NULL,NULL,0),('bcywck4756','Alexander','Buchanan','Alexander Buchanan','09954165556',7510023,'itdbougxo88277','Master','Linguistics',NULL,NULL,'2017-10-11',NULL,'Kurdistan','Kerman',NULL,NULL,1),('bdbbwm1553','Nicole','Flowers','Nicole Flowers','09917929641',470748597,'nmchhdsuf13785','Diploma','Architecture',NULL,NULL,'2013-05-10',NULL,'Lorestan','Jahrom',NULL,NULL,1),('bdepeu2621','Darren','Lewis','Darren Lewis','09544242081',263214724,'mbhcjrynn63079','Diploma','History',NULL,NULL,'2010-07-16',NULL,'Khuzestan','Kerman',NULL,NULL,0),('bdhlyi5012','Derek','Cantrell','Derek Cantrell','09298709222',307430631,'uuxkengtb73529','Ph.D.','Physics',NULL,NULL,'2005-03-27',NULL,'Bushehr','Tehran',NULL,NULL,1),('bdlirk9204','Zachary','Garcia','Zachary Garcia','09767247104',299461043,'bywqliqmw31293','Diploma','Nursing',NULL,NULL,'2017-04-22',NULL,'Razavi Khorasan','Rafsanjan',NULL,NULL,0),('beiuor1585','Justin','Hernandez','Justin Hernandez','09623906114',293948639,'xkhrxwpcg53051','Bachelor','Physics',NULL,NULL,'2014-11-29',NULL,'Bushehr','Neyshabur',NULL,NULL,0),('beizgw5653','Kathleen','Ryan','Kathleen Ryan','09376042791',312061075,'nbdnlxfuu36132','Bachelor','Physics',NULL,NULL,'2012-04-21',NULL,'Bushehr','Ahvaz',NULL,NULL,0),('beksif4721','Beth','Martinez','Beth Martinez','09940545946',413562358,'ewatgyoyv43143','Diploma','Environmental Science',NULL,NULL,'2018-11-07',NULL,'Khuzestan','Shahin Shahr',NULL,NULL,1),('belmkf9674','Sylvia','Fitzgerald','Sylvia Fitzgerald','09969273815',325081917,'gpvprkiex54419','Diploma','Psychology',NULL,NULL,'2010-02-22',NULL,'West Azerbaijan','Kaleybar',NULL,NULL,1),('beqrva9245','Kayla','Hart','Kayla Hart','09619590658',271639045,'bwibiqtnf42254','Diploma','Mechanical Engineering',NULL,NULL,'2011-04-02',NULL,'Fars','Dezful',NULL,NULL,0),('besyif8733','John','Paul','John Paul','09523974923',28202503,'cjtjeenpx70929','Diploma','Computer Science',NULL,NULL,'2009-01-03',NULL,'Khuzestan','Kerman',NULL,NULL,0),('betqec5283','Julie','Blackwell','Julie Blackwell','09581317015',121696348,'naifdfgri15678','Ph.D.','Graphic Design',NULL,NULL,'2012-11-01',NULL,'West Azerbaijan','Tehran',NULL,NULL,0),('bfnnqj1417','Paul','Hamilton','Paul Hamilton','09833605927',199768496,'mzoggsnkl78783','Diploma','Sociology',NULL,NULL,'2018-11-08',NULL,'Hormozgan','Sabzevar',NULL,NULL,1),('bgcsyh1812','Shannon','Obrien','Shannon Obrien','09722117712',126635493,'pdqzznhhf9531','Diploma','Business Administration',NULL,NULL,'2021-11-24',NULL,'Lorestan','Bandar-e Anzali',NULL,NULL,1),('bhjaov1720','Cory','Lopez','Cory Lopez','09626357143',442976632,'mjedsddoi6290','Master','Political Science',NULL,NULL,'2005-05-22',NULL,'Isfahan','Neyshabur',NULL,NULL,0),('bialnq7929','Derrick','Adams','Derrick Adams','09390582746',359170047,'limqgabbl12527','Diploma','Mathematics',NULL,NULL,'2006-09-08',NULL,'Ardabil','Karaj',NULL,NULL,1),('bignah3867','Caleb','Vaughan','Caleb Vaughan','09210946222',208473232,'vjicrqnez63453','Diploma','Political Science',NULL,NULL,'2011-09-24',NULL,'Gilan','Neyshabur',NULL,NULL,1),('bindvg5504','Nathaniel','Fisher','Nathaniel Fisher','09202207510',396299535,'oybdbxotk37551','Bachelor','Sociology',NULL,NULL,'2017-09-30',NULL,'Golestan','Mahabad',NULL,NULL,1),('biuvvu3560','Kenneth','Norman','Kenneth Norman','09459569787',238283418,'fhfwcgwdd77348','Master','Economics',NULL,NULL,'2013-06-08',NULL,'Hormozgan','Tehran',NULL,NULL,1),('bjqvoq4045','Jeffery','Robertson','Jeffery Robertson','09537164263',410431385,'nlmgsxkut68139','Ph.D.','Mathematics',NULL,NULL,'2006-07-12',NULL,'Markazi','Abadan',NULL,NULL,0),('bkdgou6133','Mr.','Patrick','Mr. Patrick','09581938675',411072988,'phtfmmgkn47315','Ph.D.','Business Administration',NULL,NULL,'2008-03-20',NULL,'Hamedan','Isfahan',NULL,NULL,1),('bmjgcb3305','Julie','Young','Julie Young','09190804505',104130023,'irovtifts57707','Master','Political Science',NULL,NULL,'2014-11-17',NULL,'Markazi','Tehran',NULL,NULL,0),('boeqwu3350','Matthew','Haynes','Matthew Haynes','09486334528',455735382,'uhrfbitmm17079','Ph.D.','Economics',NULL,NULL,'2017-07-28',NULL,'Gilan','Maragheh',NULL,NULL,0),('bpsmom9919','Jenna','Rodriguez','Jenna Rodriguez','09356148886',84121328,'fnoatxjei84526','Bachelor','Electrical Engineering',NULL,NULL,'2022-10-05',NULL,'Markazi','Sabzevar',NULL,NULL,1),('bqjcie5643','Kathy','Riddle','Kathy Riddle','09368793979',495400801,'cxazaryku36680','Diploma','Business Administration',NULL,NULL,'2008-05-22',NULL,'Fars','Sabzevar',NULL,NULL,0),('brmbtq4145','Stacy','Mooney','Stacy Mooney','09338048153',147317144,'mqgyrztgd78315','Diploma','Physics',NULL,NULL,'2005-12-20',NULL,'Hormozgan','Sirjan',NULL,NULL,0),('bsdqhi5529','Danny','Smith','Danny Smith','09994086853',464919137,'rvrbaostu54537','Master','Psychology',NULL,NULL,'2007-12-03',NULL,'Markazi','Rafsanjan',NULL,NULL,1),('bstcrw9202','Laurie','Hughes','Laurie Hughes','09383875453',250066378,'dottogcew19011','Ph.D.','English Literature',NULL,NULL,'2013-06-01',NULL,'Golestan','Dezful',NULL,NULL,0),('bsyyzc3013','Todd','Perkins','Todd Perkins','09166340240',55887749,'vzjotmidh37385','Bachelor','Electrical Engineering',NULL,NULL,'2005-05-13',NULL,'Ardabil','Shahin Shahr',NULL,NULL,1),('btvcck6095','Julia','Barnett','Julia Barnett','09853069786',241851964,'plvnydxxr1347','Diploma','Graphic Design',NULL,NULL,'2013-05-08',NULL,'Mazandaran','Isfahan',NULL,NULL,1),('btvfep1643','Michael','Glass','Michael Glass','09720176361',232347984,'kmfiddxhj25426','Master','Linguistics',NULL,NULL,'2021-03-21',NULL,'Isfahan','Eslamshahr',NULL,NULL,1),('buhojj1580','Dominic','Peterson','Dominic Peterson','09229483421',120884336,'robglvvnx98129','Master','Electrical Engineering',NULL,NULL,'2016-06-27',NULL,'Ardabil','Babol',NULL,NULL,1),('buyamu6471','Robert','Baldwin','Robert Baldwin','09811733698',405240539,'usrxocici66322','Master','Nursing',NULL,NULL,'2019-10-08',NULL,'Hormozgan','Karaj',NULL,NULL,1),('bvjhuv5844','Jessica','Elliott','Jessica Elliott','09327376413',337646847,'gljdmhihn45465','Bachelor','English Literature',NULL,NULL,'2017-02-03',NULL,'Mazandaran','Dezful',NULL,NULL,0),('bvnafj1729','Kevin','Molina','Kevin Molina','09496523957',395530004,'cxftswpcr19942','Bachelor','Physics',NULL,NULL,'2012-08-28',NULL,'Yazd','Sabzevar',NULL,NULL,1),('bvqtfx2936','Margaret','Frye','Margaret Frye','09868724977',234468079,'durtpalwc7219','Master','Linguistics',NULL,NULL,'2020-08-16',NULL,'Markazi','Amol',NULL,NULL,1),('bvznvy3967','Louis','Jefferson','Louis Jefferson','09687990527',422256263,'unfzibbvt26510','Master','Psychology',NULL,NULL,'2008-05-16',NULL,'Kurdistan','Mashhad',NULL,NULL,0),('bwcmtr2957','Anthony','Smith','Anthony Smith','09850510702',68891385,'kswsrcpzl20288','Ph.D.','Business Administration',NULL,NULL,'2014-02-17',NULL,'Khuzestan','Karaj',NULL,NULL,1),('bwizsb5621','Antonio','Hunt','Antonio Hunt','09206460718',163643047,'zpprvocqm85217','Master','Computer Science',NULL,NULL,'2011-12-07',NULL,'Gilan','Mashhad',NULL,NULL,0),('bwxkku7684','Brandon','Roach','Brandon Roach','09511999837',66203507,'tnmxquwxg34412','Master','Biology',NULL,NULL,'2022-03-16',NULL,'Razavi Khorasan','Shiraz',NULL,NULL,1),('bxnpys2524','Spencer','Jackson','Spencer Jackson','09846290943',5424981,'neugytfhh13433','Ph.D.','Economics',NULL,NULL,'2008-09-12',NULL,'Markazi','Tehran',NULL,NULL,1),('byclhw8465','Nicole','Perez','Nicole Perez','09342514905',254008015,'lkrchkvzd65638','Master','Environmental Science',NULL,NULL,'2022-11-05',NULL,'Kerman','Karaj',NULL,NULL,0),('bygvnp2199','Ray','Willis','Ray Willis','09887829180',442553660,'jrykhzhdw76880','Ph.D.','Computer Science',NULL,NULL,'2019-03-27',NULL,'Ardabil','Mashhad',NULL,NULL,0),('byurye8008','Sarah','Hill','Sarah Hill','09115192788',211412889,'fnlgrwctt67010','Diploma','Psychology',NULL,NULL,'2010-08-22',NULL,'East Azerbaijan','Isfahan',NULL,NULL,1),('bzegix2469','Jason','Thomas','Jason Thomas','09173630322',310572960,'dsmkfudou99807','Master','Graphic Design',NULL,NULL,'2010-07-11',NULL,'Golestan','Shahin Shahr',NULL,NULL,1),('bzwwfr1166','Randall','King','Randall King','09323053847',370029716,'johhcbqpq89341','Bachelor','Physics',NULL,NULL,'2008-01-19',NULL,'West Azerbaijan','Lahijan',NULL,NULL,1),('capkfy4347','Angela','Caldwell','Angela Caldwell','09877709245',365078569,'kbgtvatee33490','Bachelor','Graphic Design',NULL,NULL,'2009-06-08',NULL,'Yazd','Tabriz',NULL,NULL,1),('cauhhw7648','Richard','Wood','Richard Wood','09848409081',454524287,'agbcyzxap86906','Ph.D.','Mechanical Engineering',NULL,NULL,'2018-03-18',NULL,'Isfahan','Kaleybar',NULL,NULL,1),('cbdwup2815','Scott','Ortega','Scott Ortega','09336893176',148679741,'algsmgtjo30648','Bachelor','History',NULL,NULL,'2021-09-28',NULL,'Fars','Maragheh',NULL,NULL,0),('cbmeoi1644','Sean','Peterson','Sean Peterson','09371899834',35080469,'yxqxonscq51838','Diploma','Electrical Engineering',NULL,NULL,'2007-10-22',NULL,'Fars','Dezful',NULL,NULL,0),('cboyul9856','Danielle','Smith','Danielle Smith','09876925794',451266865,'tbiswamul35637','Master','English Literature',NULL,NULL,'2012-12-10',NULL,'Ardabil','Kaleybar',NULL,NULL,0),('cbxpwd9058','Robert','Cortez','Robert Cortez','09469510563',229167745,'pcbavkhdg49576','Master','Environmental Science',NULL,NULL,'2013-07-28',NULL,'West Azerbaijan','Neyshabur',NULL,NULL,0),('cdcytj9441','Brenda','Williams','Brenda Williams','09826501773',275415286,'irntyuemt89297','Diploma','History',NULL,NULL,'2005-06-08',NULL,'Mazandaran','Jahrom',NULL,NULL,0),('cdjwli1319','Kimberly','Drake','Kimberly Drake','09166079478',417467531,'cojbsuniw22403','Diploma','Graphic Design',NULL,NULL,'2009-10-20',NULL,'Kermanshah','Shahin Shahr',NULL,NULL,1),('cdyycu7390','Mr.','James','Mr. James','09492777581',407360570,'qskqddaec23325','Ph.D.','Physics',NULL,NULL,'2012-02-05',NULL,'Ardabil','Shahin Shahr',NULL,NULL,1),('cdzsgw5436','Brandon','Vaughn','Brandon Vaughn','09468954231',219076722,'skfrbprgd94750','Ph.D.','Civil Engineering',NULL,NULL,'2014-07-22',NULL,'Hamedan','Isfahan',NULL,NULL,0),('cealej1202','Michelle','Henry','Michelle Henry','09979967166',183112182,'zzuftoeyj74898','Bachelor','History',NULL,NULL,'2020-08-22',NULL,'Kerman','Dezful',NULL,NULL,0),('cedxou1409','Alexandria','Nelson','Alexandria Nelson','09415822919',374846721,'bhwcmjbcl52162','Diploma','Psychology',NULL,NULL,'2018-04-30',NULL,'Tehran','Dezful',NULL,NULL,0),('ceihin5896','Sheri','Rhodes','Sheri Rhodes','09241776723',285232693,'hljpfkaqw27528','Master','Architecture',NULL,NULL,'2012-08-05',NULL,'Khuzestan','Maragheh',NULL,NULL,1),('cejjqi2511','Susan','Jefferson','Susan Jefferson','09661040162',402607598,'vgfwdocgb80085','Diploma','Computer Science',NULL,NULL,'2019-11-18',NULL,'Kermanshah','Najafabad',NULL,NULL,0),('cekflw2984','Stephen','Cole','Stephen Cole','09249770075',226150507,'xsggmdtty22573','Bachelor','Chemistry',NULL,NULL,'2018-12-03',NULL,'East Azerbaijan','Amol',NULL,NULL,1),('ceymvm4605','Cathy','Kim','Cathy Kim','09811085207',48277517,'fxausrqly76645','Ph.D.','Environmental Science',NULL,NULL,'2021-03-01',NULL,'East Azerbaijan','Tehran',NULL,NULL,1),('cfzjwz7027','Tamara','Mason','Tamara Mason','09259343212',236319615,'aftsgoelt59551','Bachelor','Computer Science',NULL,NULL,'2012-12-03',NULL,'Isfahan','Karaj',NULL,NULL,1),('cgojbp4365','Michelle','Berry','Michelle Berry','09232871926',914219,'cchdvtrsr89343','Bachelor','Physics',NULL,NULL,'2007-10-22',NULL,'Hamedan','Shahin Shahr',NULL,NULL,1),('cgvdwn8855','Jean','Brooks','Jean Brooks','09551300580',12953889,'iooxomgea83395','Master','Linguistics',NULL,NULL,'2016-10-23',NULL,'Hamedan','Mashhad',NULL,NULL,1),('chvsel3427','Tammy','Gay','Tammy Gay','09436502778',181449333,'vuhnoviyt31376','Bachelor','Psychology',NULL,NULL,'2010-07-06',NULL,'Hormozgan','Kaleybar',NULL,NULL,0),('chxjit1952','Wayne','Sanders','Wayne Sanders','09637935371',185258933,'pixkgxwdk40879','Diploma','Business Administration',NULL,NULL,'2006-06-01',NULL,'Golestan','Isfahan',NULL,NULL,1),('chzxmv4694','Erin','Bennett','Erin Bennett','09712231240',459459122,'oflakxlbq26592','Diploma','Civil Engineering',NULL,NULL,'2020-02-17',NULL,'Ardabil','Tehran',NULL,NULL,0),('cifqbu6868','Jennifer','Bray','Jennifer Bray','09663453040',419444124,'kogfyquds39378','Bachelor','Mechanical Engineering',NULL,NULL,'2013-05-03',NULL,'Kermanshah','Sabzevar',NULL,NULL,1),('cimphz9868','Patricia','Munoz','Patricia Munoz','09555165559',385825979,'hrrgdnyat43935','Diploma','Electrical Engineering',NULL,NULL,'2017-06-19',NULL,'Kurdistan','Kaleybar',NULL,NULL,1),('cizovm3135','Robert','Powell','Robert Powell','09323308033',485076213,'hqjqbfpyn15949','Bachelor','Physics',NULL,NULL,'2009-06-21',NULL,'Khuzestan','Marvdasht',NULL,NULL,1),('cjonzj7808','Emily','Nelson','Emily Nelson','09789951126',100997103,'qkfdjrpve59453','Master','Political Science',NULL,NULL,'2013-07-23',NULL,'East Azerbaijan','Mahabad',NULL,NULL,0),('cjvdob8292','Deborah','Mendez','Deborah Mendez','09293327812',246371689,'zyveearhx22250','Ph.D.','Business Administration',NULL,NULL,'2005-02-01',NULL,'Razavi Khorasan','Kaleybar',NULL,NULL,1),('ckbflr7363','Mr.','Lucas','Mr. Lucas','09964429547',349006484,'yrxwzlqmb16227','Bachelor','Graphic Design',NULL,NULL,'2015-07-18',NULL,'Yazd','Tehran',NULL,NULL,0),('ckhwjy8145','Francisco','Brennan','Francisco Brennan','09624629581',233001853,'mwyetowis46696','Bachelor','Architecture',NULL,NULL,'2018-12-01',NULL,'Markazi','Marvdasht',NULL,NULL,0),('clhkfn6450','Gary','Greer','Gary Greer','09909005047',74154274,'puqsdujuk31504','Bachelor','Physics',NULL,NULL,'2022-07-05',NULL,'Bushehr','Jahrom',NULL,NULL,1),('clmdab5688','Nancy','Roberson','Nancy Roberson','09596217756',213702277,'pplqivgvy58542','Bachelor','Linguistics',NULL,NULL,'2020-06-17',NULL,'Isfahan','Isfahan',NULL,NULL,0),('clxjrq1107','Nicholas','Taylor','Nicholas Taylor','09644378800',216129518,'atmfcsdbf47510','Bachelor','Architecture',NULL,NULL,'2015-11-07',NULL,'Yazd','Najafabad',NULL,NULL,0),('cmyppf6658','Mindy','Perez','Mindy Perez','09144380932',448644857,'hekxonfle6386','Bachelor','Business Administration',NULL,NULL,'2019-01-11',NULL,'Khuzestan','Marvdasht',NULL,NULL,0),('cnfdtc3014','Edward','Mayo','Edward Mayo','09193447908',388615020,'omeyltczq19324','Bachelor','Computer Science',NULL,NULL,'2022-11-29',NULL,'Razavi Khorasan','Tabriz',NULL,NULL,0),('cnwgnc9288','Keith','Carey','Keith Carey','09819146941',149326245,'xwqtwfgjm1728','Diploma','Civil Engineering',NULL,NULL,'2014-07-01',NULL,'Bushehr','Shahin Shahr',NULL,NULL,1),('cobmgv9218','Mrs.','Megan','Mrs. Megan','09614428091',409460955,'gvabwmzow59280','Diploma','Economics',NULL,NULL,'2016-12-12',NULL,'Ardabil','Shiraz',NULL,NULL,1),('cohjqt3505','Samuel','Richardson','Samuel Richardson','09396592044',170948995,'ptswbhklo15038','Master','Nursing',NULL,NULL,'2008-08-07',NULL,'Yazd','Kerman',NULL,NULL,1),('cpjpap4502','Jason','Diaz','Jason Diaz','09671649363',421364884,'syzdlypku42365','Bachelor','Chemistry',NULL,NULL,'2011-08-21',NULL,'Golestan','Tehran',NULL,NULL,1),('cpmoii9398','Karl','Hernandez','Karl Hernandez','09311821180',327468975,'ifjoduixf4963','Diploma','Computer Science',NULL,NULL,'2017-01-14',NULL,'Markazi','Najafabad',NULL,NULL,1),('cpsjid2749','Scott','Burgess','Scott Burgess','09706739336',40489443,'ivnabojfi5708','Master','Graphic Design',NULL,NULL,'2023-11-29',NULL,'Lorestan','Khoy',NULL,NULL,0),('cpvsnp9737','Maria','Donovan','Maria Donovan','09842762537',24575915,'wnggpjpkd63915','Master','Computer Science',NULL,NULL,'2014-08-16',NULL,'Gilan','Rasht',NULL,NULL,0),('cpzdwt8026','Jennifer','Palmer','Jennifer Palmer','09700466281',14599862,'lvmzagpjh62166','Diploma','Civil Engineering',NULL,NULL,'2021-09-11',NULL,'Lorestan','Sabzevar',NULL,NULL,1),('cqnbxh5394','Parker','Carter','Parker Carter','09284519693',4823810,'rqgoihznv98506','Master','Architecture',NULL,NULL,'2020-04-15',NULL,'Isfahan','Isfahan',NULL,NULL,0),('cqnwsy6793','Paul','Long','Paul Long','09835352756',171917357,'bhxqjgvkq73324','Diploma','Chemistry',NULL,NULL,'2009-12-07',NULL,'Mazandaran','Sabzevar',NULL,NULL,1),('cqpoym7838','Kristen','Newman','Kristen Newman','09417211738',499564928,'pmpifuxsp55755','Master','Environmental Science',NULL,NULL,'2011-02-21',NULL,'Gilan','Rafsanjan',NULL,NULL,0),('crrims4318','James','Lopez','James Lopez','09920060724',185472482,'juutdmzjh33957','Bachelor','English Literature',NULL,NULL,'2017-01-02',NULL,'Kermanshah','Jahrom',NULL,NULL,1),('csakbj1224','Sean','English','Sean English','09248102227',204780502,'kbcfeukmv5902','Ph.D.','Biology',NULL,NULL,'2013-11-14',NULL,'Khuzestan','Sirjan',NULL,NULL,1),('csalnd8411','Lori','Rojas','Lori Rojas','09397361068',49382549,'graqgelhq80321','Bachelor','Mechanical Engineering',NULL,NULL,'2010-05-21',NULL,'Tehran','Neyshabur',NULL,NULL,0),('csckll4460','Michael','Oconnell','Michael Oconnell','09917141131',190856161,'vznptzdkb94237','Ph.D.','Psychology',NULL,NULL,'2017-06-25',NULL,'Kurdistan','Tabriz',NULL,NULL,0),('ctbyhc2574','Amy','Waller','Amy Waller','09233529272',401292814,'yrdcxjsol41838','Master','Political Science',NULL,NULL,'2019-11-22',NULL,'Gilan','Sari',NULL,NULL,0),('cthcej2181','Lori','Simon','Lori Simon','09589742951',437929373,'rinlgqykq65657','Master','Nursing',NULL,NULL,'2013-07-20',NULL,'Kurdistan','Abadan',NULL,NULL,1),('ctnqbw1827','Alejandro','Rodriguez','Alejandro Rodriguez','09393816666',167823254,'xiaztmaka68554','Master','Political Science',NULL,NULL,'2007-04-14',NULL,'Mazandaran','Sabzevar',NULL,NULL,1),('ctrhaz3331','Rachel','Griffith','Rachel Griffith','09622187225',141979763,'uhklxqlqk51366','Bachelor','Psychology',NULL,NULL,'2008-07-30',NULL,'Kermanshah','Tabriz',NULL,NULL,1),('cttehj7866','Mr.','Austin','Mr. Austin','09118008054',104085615,'bdznxhuxw47047','Bachelor','Nursing',NULL,NULL,'2011-10-10',NULL,'Lorestan','Isfahan',NULL,NULL,1),('cttwuf9451','Daniel','Young','Daniel Young','09519100654',127059556,'ajaqcwuzm42246','Diploma','Business Administration',NULL,NULL,'2005-04-06',NULL,'Razavi Khorasan','Marvdasht',NULL,NULL,1),('cunwwj5222','Caitlyn','Dillon','Caitlyn Dillon','09925422593',462411936,'dqplgxmwp63095','Diploma','Graphic Design',NULL,NULL,'2010-07-18',NULL,'Golestan','Sari',NULL,NULL,1),('cuunyz8829','Gloria','Anderson','Gloria Anderson','09458294118',25651795,'fvjrksxth86140','Bachelor','Chemistry',NULL,NULL,'2016-02-23',NULL,'Khuzestan','Shahin Shahr',NULL,NULL,0),('cvwelb3151','Carrie','Martin','Carrie Martin','09698889949',231768714,'fnfmfdghw35191','Diploma','Nursing',NULL,NULL,'2007-03-29',NULL,'Yazd','Bandar-e Anzali',NULL,NULL,0),('cvwkoj8977','Victoria','Mason','Victoria Mason','09905345642',467925606,'timruurcb14707','Bachelor','Biology',NULL,NULL,'2006-06-06',NULL,'Hamedan','Neyshabur',NULL,NULL,1),('cwauff5238','Sherry','Sherman','Sherry Sherman','09798851685',157402721,'zknskhiwu30928','Diploma','Business Administration',NULL,NULL,'2021-06-27',NULL,'West Azerbaijan','Kaleybar',NULL,NULL,1),('cwcfuc8436','Barbara','Santos','Barbara Santos','09288590802',257933216,'zxstmplsq56361','Diploma','Biology',NULL,NULL,'2014-09-17',NULL,'Razavi Khorasan','Kaleybar',NULL,NULL,0),('cwduxv6800','Jordan','Moore','Jordan Moore','09803286343',147671892,'snveayjuo4837','Master','Mathematics',NULL,NULL,'2013-02-04',NULL,'Kerman','Jahrom',NULL,NULL,0),('cwigub2820','Jennifer','Keller','Jennifer Keller','09600792571',203392658,'ujvmbewux59704','Master','Computer Science',NULL,NULL,'2005-07-06',NULL,'Isfahan','Bandar-e Anzali',NULL,NULL,1),('cwygah9020','Nicole','Mendoza','Nicole Mendoza','09614968271',473095657,'kwuaqylcb53036','Diploma','Civil Engineering',NULL,NULL,'2005-01-21',NULL,'Yazd','Tehran',NULL,NULL,1),('cxaket8953','Joann','Stewart','Joann Stewart','09470377209',14052185,'ggqlffyhb8836','Diploma','Mathematics',NULL,NULL,'2005-07-04',NULL,'Khuzestan','Jahrom',NULL,NULL,0),('cxgtka1773','Megan','Crane','Megan Crane','09769040373',226449310,'kifyiohtn26828','Bachelor','Linguistics',NULL,NULL,'2005-10-15',NULL,'Mazandaran','Eslamshahr',NULL,NULL,1),('cyqbif2666','Brian','King','Brian King','09726562817',116816677,'qknzsmcaf53750','Bachelor','Environmental Science',NULL,NULL,'2018-12-30',NULL,'Bushehr','Maragheh',NULL,NULL,0),('dacdha9700','Ruben','Browning','Ruben Browning','09291567874',253540814,'ddfnslddl17790','Bachelor','Psychology',NULL,NULL,'2009-09-24',NULL,'East Azerbaijan','Sari',NULL,NULL,1),('dahjsq6810','Patricia','Parker','Patricia Parker','09673625706',84617694,'eijfgdbqp10289','Bachelor','Chemistry',NULL,NULL,'2016-11-25',NULL,'West Azerbaijan','Shiraz',NULL,NULL,0),('dajdyz1760','John','Rodriguez','John Rodriguez','09705771213',414153729,'xqqndnhdz66086','Ph.D.','Linguistics',NULL,NULL,'2008-05-24',NULL,'Gilan','Marvdasht',NULL,NULL,0),('datkxv5817','Matthew','Lambert','Matthew Lambert','09962116896',106851812,'twvkfoywc40068','Ph.D.','English Literature',NULL,NULL,'2016-01-22',NULL,'Gilan','Abadan',NULL,NULL,0),('dbafwx8248','Stephanie','Clark','Stephanie Clark','09374864439',219072149,'plnyvdgnd537','Ph.D.','History',NULL,NULL,'2016-01-24',NULL,'Fars','Sabzevar',NULL,NULL,0),('dbhicu1071','Cathy','Chase','Cathy Chase','09666283035',398094174,'zupwslwra46045','Master','Economics',NULL,NULL,'2013-03-17',NULL,'Kermanshah','Eslamshahr',NULL,NULL,1),('dbjngu8781','Brian','Bell','Brian Bell','09618326460',181720349,'mbaguqeyf24725','Diploma','Mechanical Engineering',NULL,NULL,'2017-01-16',NULL,'Khuzestan','Karaj',NULL,NULL,1),('dcnxie9600','Charles','Davis','Charles Davis','09480058445',269941194,'fhnaayryt37468','Diploma','Physics',NULL,NULL,'2006-04-18',NULL,'Hormozgan','Sabzevar',NULL,NULL,0),('dctftz1086','Lindsay','Woods','Lindsay Woods','09674004994',312243093,'rbjnhpyul86612','Diploma','Biology',NULL,NULL,'2010-01-29',NULL,'Markazi','Kerman',NULL,NULL,1),('dctuii9882','Gregory','Williams','Gregory Williams','09225671252',369005331,'tymawnbge61638','Master','Civil Engineering',NULL,NULL,'2017-02-02',NULL,'Gilan','Neyshabur',NULL,NULL,1),('dcuozs9107','Holly','Cochran','Holly Cochran','09624341101',421053281,'ogrnnhctq30351','Ph.D.','Computer Science',NULL,NULL,'2010-03-07',NULL,'Kermanshah','Marvdasht',NULL,NULL,1),('ddpemf7484','Sean','Bell','Sean Bell','09306520806',96414085,'fsycqkscd59614','Master','Electrical Engineering',NULL,NULL,'2009-02-18',NULL,'Fars','Mashhad',NULL,NULL,0),('debwcj6144','Adam','Wells','Adam Wells','09518336368',188118382,'kwyvsohdd64037','Bachelor','Civil Engineering',NULL,NULL,'2015-02-01',NULL,'Markazi','Eslamshahr',NULL,NULL,0),('deuzsk2889','Noah','Campos','Noah Campos','09820377781',327339322,'fraqpmpna26616','Bachelor','Environmental Science',NULL,NULL,'2017-05-16',NULL,'Ardabil','Sabzevar',NULL,NULL,0),('dfnaup4334','Kelly','Chapman','Kelly Chapman','09103518052',404321720,'bbkrfrmak29145','Master','English Literature',NULL,NULL,'2013-09-01',NULL,'Kerman','Kerman',NULL,NULL,0),('dhtuts6967','Sean','Serrano','Sean Serrano','09397289553',86403529,'feshblmcs45765','Ph.D.','Business Administration',NULL,NULL,'2008-04-12',NULL,'East Azerbaijan','Isfahan',NULL,NULL,1),('dhulxt2514','Donald','Vazquez','Donald Vazquez','09889535961',428032297,'clztokeob94378','Bachelor','Computer Science',NULL,NULL,'2021-06-26',NULL,'Mazandaran','Tehran',NULL,NULL,1),('ditxas4366','Lisa','Obrien','Lisa Obrien','09897664145',393079451,'rofjgzguz65447','Diploma','Psychology',NULL,NULL,'2015-04-28',NULL,'Golestan','Tabriz',NULL,NULL,1),('djdjsw1381','James','Underwood','James Underwood','09862938397',293046069,'gtzdsegej57033','Bachelor','Civil Engineering',NULL,NULL,'2023-12-19',NULL,'Lorestan','Lahijan',NULL,NULL,1),('djmxyo4683','Kimberly','Kirk','Kimberly Kirk','09547605126',444112079,'kbscutxze87835','Ph.D.','English Literature',NULL,NULL,'2013-03-23',NULL,'Lorestan','Jahrom',NULL,NULL,1),('djovup8810','Kristin','Franklin','Kristin Franklin','09852291596',296505752,'fktewkwlz16711','Ph.D.','Civil Engineering',NULL,NULL,'2007-10-08',NULL,'Hamedan','Ahvaz',NULL,NULL,1),('djybbe5429','Glenn','Jennings','Glenn Jennings','09144447633',453017328,'vnuumxfwe53962','Ph.D.','History',NULL,NULL,'2015-04-06',NULL,'Lorestan','Najafabad',NULL,NULL,1),('djzqgt8006','Stacey','Smith','Stacey Smith','09580121770',258766199,'puzmfacfp72918','Diploma','Computer Science',NULL,NULL,'2012-04-04',NULL,'East Azerbaijan','Amol',NULL,NULL,1),('dkaiyf9221','Kyle','Martin','Kyle Martin','09376583831',183298143,'colzohmbs41908','Bachelor','Mathematics',NULL,NULL,'2013-09-19',NULL,'Tehran','Sirjan',NULL,NULL,0),('dkvlzc9017','Amanda','Sharp','Amanda Sharp','09424881147',316297458,'gegdkubsz87177','Diploma','Computer Science',NULL,NULL,'2010-01-02',NULL,'Bushehr','Shiraz',NULL,NULL,0),('dlqhxm5732','Kevin','Schultz','Kevin Schultz','09110118769',359387667,'efjgmxjqh1446','Ph.D.','Mechanical Engineering',NULL,NULL,'2013-11-24',NULL,'Hormozgan','Mashhad',NULL,NULL,0),('dlxsoo5865','Ryan','Callahan','Ryan Callahan','09721486373',213654578,'skxksnori21948','Ph.D.','Economics',NULL,NULL,'2014-07-22',NULL,'Lorestan','Jahrom',NULL,NULL,0),('dmikbu6532','Ronnie','Jones','Ronnie Jones','09128371921',44725952,'tefqprlvh11990','Master','Mechanical Engineering',NULL,NULL,'2008-01-17',NULL,'Golestan','Kerman',NULL,NULL,1),('dmncjo4962','Michelle','Doyle','Michelle Doyle','09255327070',18387285,'fmobmogrl51991','Diploma','English Literature',NULL,NULL,'2007-11-10',NULL,'Gilan','Bandar-e Anzali',NULL,NULL,1),('dmormb4894','Rebecca','Fowler','Rebecca Fowler','09371582222',44327644,'ipniuwvno683','Master','Biology',NULL,NULL,'2023-03-01',NULL,'Khuzestan','Mahabad',NULL,NULL,1),('dmxcpy3614','Parker','Chen','Parker Chen','09870640382',431098099,'vtdilnsxb62655','Bachelor','Environmental Science',NULL,NULL,'2016-03-12',NULL,'Isfahan','Tabriz',NULL,NULL,1),('dnccvi9718','Jerry','Wilson','Jerry Wilson','09580180144',63981646,'zabaebxdr48645','Bachelor','Computer Science',NULL,NULL,'2021-09-28',NULL,'Kerman','Kerman',NULL,NULL,0),('dnfotw8603','Jonathan','Joseph','Jonathan Joseph','09377682682',226557051,'jludirjnz12391','Master','History',NULL,NULL,'2012-05-12',NULL,'Hormozgan','Tabriz',NULL,NULL,1),('doxhgs9312','Karen','Walker','Karen Walker','09997493350',181542063,'nzctgpscz25968','Diploma','Political Science',NULL,NULL,'2011-01-14',NULL,'Razavi Khorasan','Bandar-e Anzali',NULL,NULL,0),('dpmlog3719','James','Brown','James Brown','09930174064',274886046,'bbcniiidl31965','Master','Architecture',NULL,NULL,'2007-02-23',NULL,'Gilan','Abadan',NULL,NULL,1),('dqiiyu7600','Henry','Downs','Henry Downs','09656443505',277961335,'abffhacxz51019','Bachelor','Nursing',NULL,NULL,'2018-10-05',NULL,'Isfahan','Khoy',NULL,NULL,1),('dqjtul3596','Hannah','Murillo','Hannah Murillo','09792341339',20471876,'kdiqzjbdq61972','Ph.D.','Biology',NULL,NULL,'2010-03-29',NULL,'Ardabil','Rafsanjan',NULL,NULL,1),('dqlbjd8923','Lisa','Dawson','Lisa Dawson','09581858695',334245813,'rbydhgkjz31663','Bachelor','Computer Science',NULL,NULL,'2008-10-13',NULL,'Tehran','Sabzevar',NULL,NULL,1),('dqumkb5348','James','Cameron','James Cameron','09241732256',333526274,'oarjwlntl61202','Ph.D.','Economics',NULL,NULL,'2009-04-16',NULL,'Kerman','Bandar-e Anzali',NULL,NULL,1),('drztkc9610','James','Sanchez','James Sanchez','09487287791',30377527,'emdnzmfsl91067','Bachelor','Electrical Engineering',NULL,NULL,'2017-11-06',NULL,'Golestan','Tabriz',NULL,NULL,1),('dsohph5659','Scott','Jennings','Scott Jennings','09411818466',357638479,'njtrqbcej78503','Ph.D.','Economics',NULL,NULL,'2020-11-11',NULL,'Hamedan','Maragheh',NULL,NULL,1),('dsqcnc4022','Tamara','Jones','Tamara Jones','09567452412',112721267,'stgwmkptu57922','Master','Architecture',NULL,NULL,'2006-07-27',NULL,'Gilan','Isfahan',NULL,NULL,0),('dszfez4427','Lisa','Rhodes','Lisa Rhodes','09824694476',102038080,'iivwobwnb65758','Diploma','Mechanical Engineering',NULL,NULL,'2023-06-18',NULL,'Razavi Khorasan','Tehran',NULL,NULL,1),('dszqzb6497','John','Deleon','John Deleon','09906107101',453722780,'dxnmvkmfb47547','Ph.D.','Environmental Science',NULL,NULL,'2009-06-23',NULL,'Hormozgan','Shahin Shahr',NULL,NULL,1),('dtmzct2540','Alan','Jacobs','Alan Jacobs','09545870462',232783475,'wqkaqgeze38888','Ph.D.','Nursing',NULL,NULL,'2011-11-02',NULL,'Hamedan','Neyshabur',NULL,NULL,1),('dtohvi2706','Kimberly','Olson','Kimberly Olson','09199958632',394133747,'ixvpzhjzn96527','Master','Physics',NULL,NULL,'2015-11-08',NULL,'Lorestan','Shahin Shahr',NULL,NULL,0),('dtthsy9740','Dennis','Ortiz','Dennis Ortiz','09988757056',468533942,'xghnxoaiy34364','Diploma','Civil Engineering',NULL,NULL,'2006-10-02',NULL,'Markazi','Marvdasht',NULL,NULL,1),('dwcger6799','Amanda','Davis','Amanda Davis','09753503303',175405281,'mdzrontxz15520','Bachelor','Mechanical Engineering',NULL,NULL,'2022-10-10',NULL,'Markazi','Amol',NULL,NULL,0),('dwpohw5854','Kenneth','Robertson','Kenneth Robertson','09643702361',66531213,'pnowykvic56295','Bachelor','Nursing',NULL,NULL,'2012-10-18',NULL,'Tehran','Sirjan',NULL,NULL,0),('dxgvem2707','Joanna','Mcguire','Joanna Mcguire','09309072868',389016536,'vkhsdoalq84016','Master','History',NULL,NULL,'2008-09-06',NULL,'Hamedan','Eslamshahr',NULL,NULL,0),('dxlnpe8504','Anthony','Wood','Anthony Wood','09605491321',391753675,'cnowwxnqr72686','Master','Civil Engineering',NULL,NULL,'2019-06-28',NULL,'Hamedan','Bandar-e Anzali',NULL,NULL,0),('dyqrin1679','Tina','Jackson','Tina Jackson','09136301488',218492185,'widuwuulc76950','Diploma','Sociology',NULL,NULL,'2017-01-06',NULL,'Hormozgan','Khoy',NULL,NULL,0),('dzdzmq8070','Nathan','Snow','Nathan Snow','09604862787',249457673,'jamsnxrhu7591','Master','Architecture',NULL,NULL,'2014-01-01',NULL,'Mazandaran','Sari',NULL,NULL,0),('dzfgml7007','Patricia','Brooks','Patricia Brooks','09909966700',262238503,'svtxsdgjb28775','Master','Electrical Engineering',NULL,NULL,'2008-06-24',NULL,'East Azerbaijan','Karaj',NULL,NULL,1),('dzietx4550','Katherine','Ray','Katherine Ray','09332622392',494895098,'ewozpgbsg45638','Diploma','Business Administration',NULL,NULL,'2022-05-24',NULL,'Gilan','Sari',NULL,NULL,0),('dzljkn9940','Andrea','Stokes','Andrea Stokes','09895224726',227397375,'mjypnimhr3520','Ph.D.','History',NULL,NULL,'2016-04-13',NULL,'Mazandaran','Shiraz',NULL,NULL,0),('dzuqxp2898','Samantha','Guerra','Samantha Guerra','09923583726',347966825,'hamaydusb81931','Ph.D.','Mechanical Engineering',NULL,NULL,'2009-05-07',NULL,'Kermanshah','Isfahan',NULL,NULL,1),('eahuqq7021','James','Robinson','James Robinson','09242237212',432638319,'gacuifxxf17295','Ph.D.','Computer Science',NULL,NULL,'2008-03-17',NULL,'Golestan','Kaleybar',NULL,NULL,0),('eajnka1624','Dustin','Robinson','Dustin Robinson','09837812176',350198999,'etwgwkrpl62925','Ph.D.','English Literature',NULL,NULL,'2010-12-17',NULL,'Gilan','Bandar-e Anzali',NULL,NULL,1),('eblsgb5252','Scott','Cunningham','Scott Cunningham','09813851889',178713706,'kfbwjndrg73104','Bachelor','Architecture',NULL,NULL,'2016-09-15',NULL,'Lorestan','Sabzevar',NULL,NULL,0),('ebxvfr6196','Brandy','Parrish','Brandy Parrish','09789356053',413205305,'bfahlzecc48066','Master','Environmental Science',NULL,NULL,'2015-04-24',NULL,'Gilan','Najafabad',NULL,NULL,1),('ecjysh2761','Katie','Hooper','Katie Hooper','09516631070',181298535,'advqrgxmp25016','Ph.D.','Biology',NULL,NULL,'2009-01-11',NULL,'Lorestan','Shiraz',NULL,NULL,1),('eckbmm1364','Lori','Foster','Lori Foster','09949586179',356146832,'afhezfrkf29668','Bachelor','Environmental Science',NULL,NULL,'2005-09-04',NULL,'Bushehr','Marvdasht',NULL,NULL,0),('ecljkv5683','Stephen','Hernandez','Stephen Hernandez','09185671241',33821946,'wmwjgwuqt53560','Ph.D.','Graphic Design',NULL,NULL,'2006-02-11',NULL,'West Azerbaijan','Neyshabur',NULL,NULL,0),('edoffj8034','Michael','Williams','Michael Williams','09832963645',190684979,'okmwybrcz8000','Ph.D.','Electrical Engineering',NULL,NULL,'2011-07-24',NULL,'East Azerbaijan','Sirjan',NULL,NULL,0),('edtceq6643','Sarah','Lopez','Sarah Lopez','09945327611',353479528,'vnnvdxobu95214','Diploma','Nursing',NULL,NULL,'2005-04-26',NULL,'Hormozgan','Najafabad',NULL,NULL,1),('eebsjc9754','Cindy','Brown','Cindy Brown','09908833958',388119765,'mzfdzihup78062','Bachelor','Chemistry',NULL,NULL,'2006-04-16',NULL,'Isfahan','Eslamshahr',NULL,NULL,0),('eegsrg4719','Angelica','Ellis','Angelica Ellis','09153677245',399138374,'vjazrgabs15257','Diploma','Environmental Science',NULL,NULL,'2019-07-21',NULL,'Lorestan','Sabzevar',NULL,NULL,1),('eetecl5335','Michael','Mcbride','Michael Mcbride','09830146716',448434274,'treuazvlp95933','Diploma','Sociology',NULL,NULL,'2009-04-29',NULL,'Golestan','Najafabad',NULL,NULL,1),('efrzck3053','Tracy','Lewis','Tracy Lewis','09928948320',217384480,'qngtmuits95539','Bachelor','Mechanical Engineering',NULL,NULL,'2006-05-01',NULL,'Isfahan','Tabriz',NULL,NULL,0),('egbnbo5638','Todd','Parks','Todd Parks','09830673522',324639602,'vbfzxmxml77908','Bachelor','Psychology',NULL,NULL,'2021-05-25',NULL,'Khuzestan','Mashhad',NULL,NULL,0),('egikdt5068','James','Moyer','James Moyer','09384804016',49733164,'ysbwqytzv16739','Diploma','Mechanical Engineering',NULL,NULL,'2011-12-21',NULL,'Razavi Khorasan','Tehran',NULL,NULL,1),('egipzm7712','Matthew','Bartlett','Matthew Bartlett','09811170988',97823067,'opmxtsuyh52000','Ph.D.','Physics',NULL,NULL,'2021-01-23',NULL,'West Azerbaijan','Marvdasht',NULL,NULL,0),('egxvqh4760','Laura','Kemp','Laura Kemp','09182667423',11464119,'wzlthnzsg83471','Diploma','Mathematics',NULL,NULL,'2017-02-18',NULL,'Razavi Khorasan','Bandar-e Anzali',NULL,NULL,0),('ehugsf9739','Robert','Reed','Robert Reed','09244552530',90762578,'ubasjoxol12181','Bachelor','English Literature',NULL,NULL,'2017-09-15',NULL,'Kermanshah','Neyshabur',NULL,NULL,1),('eipdpc1149','Jeffrey','Campos','Jeffrey Campos','09537276041',136915653,'mkpbpvwrl30428','Bachelor','Civil Engineering',NULL,NULL,'2022-04-27',NULL,'Mazandaran','Mashhad',NULL,NULL,0),('ejdanf6213','Jeffrey','Kelly','Jeffrey Kelly','09443579011',482916937,'mmvdydqay54576','Master','Architecture',NULL,NULL,'2012-11-15',NULL,'Khuzestan','Sabzevar',NULL,NULL,1),('ejlwbf2346','David','Jefferson','David Jefferson','09853979243',292637508,'qpgncognc49394','Diploma','Psychology',NULL,NULL,'2018-05-15',NULL,'Gilan','Najafabad',NULL,NULL,1),('ejphtk2049','Timothy','Sharp','Timothy Sharp','09134802894',390963487,'wmgchvtuf10068','Ph.D.','Biology',NULL,NULL,'2009-08-07',NULL,'Khuzestan','Lahijan',NULL,NULL,0),('ejrdpi4574','Tonya','Farrell','Tonya Farrell','09219636359',300651758,'gtczygmmp62264','Ph.D.','Business Administration',NULL,NULL,'2017-06-06',NULL,'Hormozgan','Najafabad',NULL,NULL,0),('ejtrna7179','Jennifer','Patterson','Jennifer Patterson','09487523503',445362130,'bdyaoccts51292','Ph.D.','Psychology',NULL,NULL,'2007-05-22',NULL,'Yazd','Jahrom',NULL,NULL,1),('ejyrha1170','Christina','Moore','Christina Moore','09180991541',202253204,'vfeeshpej27983','Diploma','Mechanical Engineering',NULL,NULL,'2014-07-12',NULL,'West Azerbaijan','Shahin Shahr',NULL,NULL,1),('elddkp8157','Patricia','Walker','Patricia Walker','09432085259',8820431,'fxhrfhiwh76531','Master','Computer Science',NULL,NULL,'2013-09-12',NULL,'Gilan','Babol',NULL,NULL,0),('elfpbz2331','Danny','Davis','Danny Davis','09998916742',383100477,'mvjozpqwq78930','Master','Physics',NULL,NULL,'2006-12-28',NULL,'Lorestan','Kerman',NULL,NULL,1),('eluqcw7567','Ann','Smith','Ann Smith','09906589607',184079099,'ccofmfooq72715','Master','Economics',NULL,NULL,'2014-07-25',NULL,'Hormozgan','Isfahan',NULL,NULL,1),('elvhdk7550','Sandra','Rivera','Sandra Rivera','09294983217',73627166,'jppxnqbus36602','Diploma','Physics',NULL,NULL,'2023-01-15',NULL,'Razavi Khorasan','Sabzevar',NULL,NULL,0),('elwqsq3738','Joseph','Li','Joseph Li','09213993273',5186167,'ajnjpymvy24797','Master','Mathematics',NULL,NULL,'2016-02-14',NULL,'Isfahan','Neyshabur',NULL,NULL,1),('elzsen2403','Paul','Johnson','Paul Johnson','09416350593',34753889,'natzpxxmq3553','Ph.D.','Chemistry',NULL,NULL,'2012-09-20',NULL,'Kurdistan','Kaleybar',NULL,NULL,1),('emezuw4277','Breanna','Berger','Breanna Berger','09637697704',287926166,'udmqlzftv6393','Master','Electrical Engineering',NULL,NULL,'2009-09-12',NULL,'Mazandaran','Tehran',NULL,NULL,0),('emsbud4257','Cole','Kidd','Cole Kidd','09630491083',114907946,'lwbnqxubg39521','Bachelor','Nursing',NULL,NULL,'2011-02-26',NULL,'Mazandaran','Karaj',NULL,NULL,0),('enhkew9012','Nicolas','Brown','Nicolas Brown','09179401596',488259663,'qlqvaqprt13196','Ph.D.','Sociology',NULL,NULL,'2012-07-25',NULL,'Kermanshah','Urmia',NULL,NULL,1),('enqhll5775','Dawn','Williamson','Dawn Williamson','09923407223',165552820,'sqepryafg61138','Bachelor','Psychology',NULL,NULL,'2014-05-25',NULL,'Kurdistan','Ahvaz',NULL,NULL,0),('ensfap4818','Pedro','Parker','Pedro Parker','09303247627',30691809,'bydydgisp38520','Ph.D.','Linguistics',NULL,NULL,'2017-03-30',NULL,'Kurdistan','Khoy',NULL,NULL,0),('enuubo3987','Stacey','Graham','Stacey Graham','09662416669',128100371,'vrntmdoiu45747','Master','Mathematics',NULL,NULL,'2008-02-04',NULL,'Kurdistan','Babol',NULL,NULL,1),('epcsbv1774','Alexander','Edwards','Alexander Edwards','09701476752',372900239,'zxetzrhwi78685','Diploma','Computer Science',NULL,NULL,'2008-10-07',NULL,'Yazd','Neyshabur',NULL,NULL,1),('eqvikd8613','Sara','Johnson','Sara Johnson','09273258935',422901116,'kghpesyhy15034','Bachelor','Chemistry',NULL,NULL,'2011-07-30',NULL,'Markazi','Maragheh',NULL,NULL,0),('erdbpd1710','Jessica','Gray','Jessica Gray','09874067772',30593007,'bwtrfcelg16997','Master','Business Administration',NULL,NULL,'2014-08-11',NULL,'West Azerbaijan','Amol',NULL,NULL,1),('espbuv5140','Amanda','Welch','Amanda Welch','09777661234',250642098,'rgkwudngl56460','Diploma','Political Science',NULL,NULL,'2021-08-08',NULL,'Hormozgan','Marvdasht',NULL,NULL,0),('etjvka5062','Jeffrey','Mueller','Jeffrey Mueller','09757662454',460262133,'qfjjyxfdw75240','Bachelor','Economics',NULL,NULL,'2013-07-17',NULL,'Gilan','Marvdasht',NULL,NULL,0),('etlwhz1865','David','Short','David Short','09802355514',328888664,'umcpivgdy21023','Diploma','Architecture',NULL,NULL,'2019-08-10',NULL,'Isfahan','Tehran',NULL,NULL,0),('etwhhw4384','Kenneth','Nicholson','Kenneth Nicholson','09891760170',369757531,'bnmrmzafc60549','Bachelor','Business Administration',NULL,NULL,'2018-02-02',NULL,'Bushehr','Jahrom',NULL,NULL,0),('euwnrx9008','Michele','Dean','Michele Dean','09280085711',207903788,'oqtgsdeff39131','Ph.D.','Graphic Design',NULL,NULL,'2012-09-26',NULL,'Kurdistan','Marvdasht',NULL,NULL,1),('eveuya6286','Eric','Cohen','Eric Cohen','09855381356',104284970,'gwbiqeidy53776','Bachelor','Electrical Engineering',NULL,NULL,'2013-06-30',NULL,'Mazandaran','Bandar-e Anzali',NULL,NULL,1),('evkpnn7896','Emily','Logan','Emily Logan','09308702716',459374752,'qlpfwyxcv80679','Diploma','Sociology',NULL,NULL,'2009-04-24',NULL,'Markazi','Maragheh',NULL,NULL,0),('evudyw5954','Craig','Rush','Craig Rush','09758410915',120594737,'hjnktrmlb64605','Ph.D.','Biology',NULL,NULL,'2010-07-06',NULL,'Isfahan','Eslamshahr',NULL,NULL,0),('ewqhtu5269','Joshua','Morales','Joshua Morales','09546312040',405150090,'xnfkwlzap34051','Diploma','Environmental Science',NULL,NULL,'2021-08-15',NULL,'Isfahan','Eslamshahr',NULL,NULL,1),('ewuhfp9346','Heather','Miller','Heather Miller','09360536035',363011108,'dfgvkrtok57989','Master','Economics',NULL,NULL,'2009-02-04',NULL,'Lorestan','Sirjan',NULL,NULL,1),('exfjhe4975','Bruce','Pearson','Bruce Pearson','09968641316',178644757,'eiumacywv916','Master','Business Administration',NULL,NULL,'2006-04-04',NULL,'Mazandaran','Marvdasht',NULL,NULL,0),('eyhefh9352','Natasha','Sweeney','Natasha Sweeney','09846262150',266641133,'wcfynbzbl51255','Master','English Literature',NULL,NULL,'2021-12-26',NULL,'Razavi Khorasan','Sari',NULL,NULL,0),('eykrsh6231','Anna','Berger','Anna Berger','09376341514',58816175,'pypxdqnsn79543','Ph.D.','Architecture',NULL,NULL,'2013-12-04',NULL,'Hormozgan','Karaj',NULL,NULL,0),('eyyvzo2213','Stephanie','Khan','Stephanie Khan','09885789791',161740330,'khaviwvyk6821','Bachelor','Political Science',NULL,NULL,'2013-10-14',NULL,'Razavi Khorasan','Najafabad',NULL,NULL,1),('eziuxf9434','Sandra','Stevens','Sandra Stevens','09289665854',498905830,'issuvkyei82737','Diploma','Environmental Science',NULL,NULL,'2012-06-03',NULL,'Kurdistan','Sabzevar',NULL,NULL,1),('ezmsdn9555','Peter','Hopkins','Peter Hopkins','09335872729',208417505,'psszxhffh10021','Diploma','Sociology',NULL,NULL,'2016-03-16',NULL,'Kermanshah','Dezful',NULL,NULL,0),('ezrkmu8688','Amanda','Williams','Amanda Williams','09696341493',448444446,'rkkfsvkun89823','Ph.D.','Physics',NULL,NULL,'2005-07-22',NULL,'Lorestan','Jahrom',NULL,NULL,1),('ezsdif5644','Vickie','Larson','Vickie Larson','09327961100',467162369,'mvgehbijy83492','Ph.D.','Civil Engineering',NULL,NULL,'2020-03-27',NULL,'Markazi','Sabzevar',NULL,NULL,0),('factbo1572','Sabrina','Gonzalez','Sabrina Gonzalez','09273692068',488696428,'zsgtaxzae57195','Ph.D.','History',NULL,NULL,'2017-09-26',NULL,'East Azerbaijan','Mashhad',NULL,NULL,1),('fadowf9518','George','Burnett','George Burnett','09734109174',362738580,'bndqsgsxa55255','Bachelor','Mathematics',NULL,NULL,'2009-05-30',NULL,'Isfahan','Kaleybar',NULL,NULL,0),('faimmr3867','Keith','Hanna','Keith Hanna','09578182205',471879368,'xcjiwisww64198','Bachelor','English Literature',NULL,NULL,'2012-09-09',NULL,'Razavi Khorasan','Amol',NULL,NULL,0),('faojbs8531','Bonnie','Cook','Bonnie Cook','09970753592',53395002,'dpdwbudxb93052','Master','Computer Science',NULL,NULL,'2011-10-12',NULL,'East Azerbaijan','Neyshabur',NULL,NULL,0),('fbhqvu7228','Michelle','Clark','Michelle Clark','09968522026',69179752,'akzrkrgjf86757','Master','Civil Engineering',NULL,NULL,'2009-12-07',NULL,'Hamedan','Najafabad',NULL,NULL,0),('fbibjv4885','John','Hoffman','John Hoffman','09856526405',406436073,'urzrrikin88792','Bachelor','English Literature',NULL,NULL,'2015-05-28',NULL,'Kerman','Jahrom',NULL,NULL,1),('fbosyj6135','Lucas','Schmidt','Lucas Schmidt','09552429190',436382047,'njaqkymeo20040','Master','History',NULL,NULL,'2021-11-29',NULL,'East Azerbaijan','Kaleybar',NULL,NULL,0),('fbynwu6674','Janice','Hall','Janice Hall','09771094763',161743244,'wobprvmtx10713','Bachelor','Mechanical Engineering',NULL,NULL,'2007-04-10',NULL,'Ardabil','Babol',NULL,NULL,0),('fcqury7457','Denise','Morrow','Denise Morrow','09648827802',459531174,'yickgdsau1546','Diploma','Civil Engineering',NULL,NULL,'2019-04-04',NULL,'Lorestan','Isfahan',NULL,NULL,1),('fcwjnb7657','Aaron','Alvarez','Aaron Alvarez','09935314465',432420902,'hhuelpbme77887','Diploma','Political Science',NULL,NULL,'2019-02-14',NULL,'Khuzestan','Karaj',NULL,NULL,1),('fdmsmg9850','David','Pierce','David Pierce','09158517625',265184496,'enraagllj21239','Ph.D.','Electrical Engineering',NULL,NULL,'2020-06-23',NULL,'Ardabil','Tehran',NULL,NULL,1),('fetshg9996','Maria','Allen','Maria Allen','09645810866',386076895,'vtfqmejlz46551','Ph.D.','Sociology',NULL,NULL,'2006-09-25',NULL,'Yazd','Jahrom',NULL,NULL,0),('feufqa7120','Kristi','Wheeler','Kristi Wheeler','09496423279',463648102,'llwihntbh32698','Diploma','Economics',NULL,NULL,'2009-05-12',NULL,'Khuzestan','Eslamshahr',NULL,NULL,0),('ffuzsc9799','Charles','Forbes','Charles Forbes','09699636909',251916157,'dgcddmmjp73653','Bachelor','Sociology',NULL,NULL,'2010-08-26',NULL,'Gilan','Ahvaz',NULL,NULL,0),('ffxkxa5485','Karen','Salinas','Karen Salinas','09157853678',152344211,'ipfiggmks40332','Bachelor','Political Science',NULL,NULL,'2021-12-15',NULL,'Ardabil','Neyshabur',NULL,NULL,0),('ffzllj1324','Kyle','Fuller','Kyle Fuller','09194169752',478881579,'yveqqgfws83409','Diploma','Architecture',NULL,NULL,'2011-05-26',NULL,'Mazandaran','Eslamshahr',NULL,NULL,0),('fgdxnp6683','George','Matthews','George Matthews','09630761238',260993536,'jqwqvaouy80395','Diploma','Psychology',NULL,NULL,'2020-10-03',NULL,'Ardabil','Marvdasht',NULL,NULL,1),('fgeovp1354','James','Matthews','James Matthews','09831887223',30910020,'ycbmphiun13395','Master','Environmental Science',NULL,NULL,'2006-06-05',NULL,'Kurdistan','Sirjan',NULL,NULL,0),('fgzhsk6529','Maurice','Moore','Maurice Moore','09580171693',499510373,'ysvcvrtjr15091','Bachelor','Biology',NULL,NULL,'2014-03-30',NULL,'Markazi','Tabriz',NULL,NULL,0),('fhmgxz1574','Jennifer','Hernandez','Jennifer Hernandez','09734444498',351637266,'aijjuizec41898','Master','Graphic Design',NULL,NULL,'2008-01-29',NULL,'Khuzestan','Sabzevar',NULL,NULL,0),('filrgn7191','Emily','Lopez','Emily Lopez','09209031834',346908015,'iunqbkjah74661','Bachelor','Physics',NULL,NULL,'2014-09-23',NULL,'Ardabil','Mashhad',NULL,NULL,1),('fiyfki5338','Brittany','Calhoun','Brittany Calhoun','09560011275',472021824,'vvbpshdjn90598','Ph.D.','Chemistry',NULL,NULL,'2008-04-02',NULL,'Isfahan','Najafabad',NULL,NULL,1),('fjakdw8344','David','Porter','David Porter','09474314591',3300371,'nwdzdyyzi22934','Master','Nursing',NULL,NULL,'2009-01-13',NULL,'Gilan','Babol',NULL,NULL,0),('fjfdno9646','Dr.','Matthew','Dr. Matthew','09901933061',291169512,'gfcylsxwf53199','Bachelor','Electrical Engineering',NULL,NULL,'2016-12-21',NULL,'Fars','Tehran',NULL,NULL,0),('fjrfhu6126','Judy','Garcia','Judy Garcia','09362629442',306796288,'hfsvwfwvb89686','Ph.D.','Psychology',NULL,NULL,'2012-12-20',NULL,'Ardabil','Isfahan',NULL,NULL,0),('fljujj2500','Jason','Hall','Jason Hall','09697830959',194324070,'ucsocbili82517','Bachelor','Sociology',NULL,NULL,'2018-04-29',NULL,'Bushehr','Karaj',NULL,NULL,0),('flsdcj4488','Angela','Harvey','Angela Harvey','09477482132',67250341,'iewuwlkde129','Bachelor','Sociology',NULL,NULL,'2006-11-13',NULL,'Lorestan','Rafsanjan',NULL,NULL,0),('flzkaw9592','Victor','Allen','Victor Allen','09949586742',221702309,'zvzmpibug32838','Ph.D.','Linguistics',NULL,NULL,'2021-10-07',NULL,'East Azerbaijan','Karaj',NULL,NULL,0),('fmprtq3714','Christopher','Washington','Christopher Washington','09872456336',356758617,'rocfqzxwx96162','Master','English Literature',NULL,NULL,'2015-03-23',NULL,'West Azerbaijan','Mashhad',NULL,NULL,1),('fmpsqf5450','Angela','Campbell','Angela Campbell','09131835641',250680167,'cceeotbco67271','Bachelor','Electrical Engineering',NULL,NULL,'2016-07-25',NULL,'Razavi Khorasan','Isfahan',NULL,NULL,1),('fneqrp4285','Ryan','Fernandez','Ryan Fernandez','09683254394',121168267,'byywwcjmn86506','Ph.D.','Computer Science',NULL,NULL,'2018-08-17',NULL,'Tehran','Marvdasht',NULL,NULL,0),('fnzxlu1530','Austin','Davis','Austin Davis','09913128649',306663697,'dtcuejanh24023','Master','Nursing',NULL,NULL,'2006-06-22',NULL,'Mazandaran','Ahvaz',NULL,NULL,0),('foiodu9322','Tiffany','Kim','Tiffany Kim','09976841451',196493457,'exndujzpu61878','Diploma','Civil Engineering',NULL,NULL,'2022-08-19',NULL,'Fars','Dezful',NULL,NULL,0),('fonbui7543','John','Ward','John Ward','09130019371',110651577,'hifmwzqar29831','Diploma','English Literature',NULL,NULL,'2022-10-10',NULL,'Kerman','Tabriz',NULL,NULL,1),('fopuxl2824','Francis','Lopez','Francis Lopez','09519399919',387504842,'tguvzbsmg12981','Bachelor','Architecture',NULL,NULL,'2014-05-11',NULL,'Fars','Mahabad',NULL,NULL,0),('fpanxu6586','Jamie','Key','Jamie Key','09672938244',313006162,'gplxnedop91577','Diploma','English Literature',NULL,NULL,'2023-01-23',NULL,'Lorestan','Babol',NULL,NULL,0),('fpdfwl5166','Lisa','Shepard','Lisa Shepard','09104441827',63830709,'ytyitlvlu11660','Ph.D.','Civil Engineering',NULL,NULL,'2009-03-07',NULL,'Kerman','Isfahan',NULL,NULL,1),('fpfopj2363','Kenneth','Wilson','Kenneth Wilson','09354288477',703111,'codpjebhg55159','Bachelor','Psychology',NULL,NULL,'2007-12-20',NULL,'Fars','Sabzevar',NULL,NULL,1),('fpjjhc9661','Diane','Peterson','Diane Peterson','09793255186',388071790,'aqbzzoavb19040','Bachelor','Environmental Science',NULL,NULL,'2019-09-03',NULL,'Kermanshah','Bandar-e Anzali',NULL,NULL,0),('fpqcjf6485','Dawn','Rodriguez','Dawn Rodriguez','09589620989',350459840,'fkxaudjlq3082','Master','Physics',NULL,NULL,'2012-07-10',NULL,'Razavi Khorasan','Tabriz',NULL,NULL,0),('fqgvch5564','Patricia','Day','Patricia Day','09334857722',89267679,'ymzooexkw61044','Master','Civil Engineering',NULL,NULL,'2015-11-12',NULL,'Markazi','Dezful',NULL,NULL,0),('fqqjjw8343','Trevor','Jones','Trevor Jones','09103055495',290076228,'kzzbacnka20805','Bachelor','Computer Science',NULL,NULL,'2020-02-21',NULL,'Yazd','Karaj',NULL,NULL,1),('frbpfw6859','Amber','Ryan','Amber Ryan','09801926724',197479767,'zebdtxayo29143','Ph.D.','Political Science',NULL,NULL,'2007-10-29',NULL,'Mazandaran','Babol',NULL,NULL,1),('fspjty3492','Isabel','Clark','Isabel Clark','09704697992',250035943,'iwjbmszgi11732','Bachelor','English Literature',NULL,NULL,'2010-07-06',NULL,'Mazandaran','Sabzevar',NULL,NULL,1),('ftdzpw3040','Timothy','Hernandez','Timothy Hernandez','09557395133',289678170,'ynzbgtfkj39653','Diploma','Linguistics',NULL,NULL,'2008-11-13',NULL,'Kermanshah','Ahvaz',NULL,NULL,1),('ftphve9401','Wendy','Brooks','Wendy Brooks','09148903953',97103462,'slonoazet17975','Ph.D.','English Literature',NULL,NULL,'2014-05-06',NULL,'Isfahan','Jahrom',NULL,NULL,1),('ftslxa4226','Jerry','Flores','Jerry Flores','09440210749',417102070,'oiubpoxbf53567','Ph.D.','Computer Science',NULL,NULL,'2012-01-17',NULL,'West Azerbaijan','Tabriz',NULL,NULL,0),('fuffuq7821','Kayla','Gonzalez','Kayla Gonzalez','09456342375',344554370,'qacqcwukr99402','Diploma','Electrical Engineering',NULL,NULL,'2014-03-24',NULL,'Golestan','Eslamshahr',NULL,NULL,1),('fuqcam6772','Bruce','Rowe','Bruce Rowe','09650871792',355632826,'kvcmfkzjm53341','Ph.D.','Sociology',NULL,NULL,'2021-09-21',NULL,'Khuzestan','Shiraz',NULL,NULL,0),('fvkeew2345','Morgan','Smith','Morgan Smith','09603876584',483087860,'jicarkmal25394','Bachelor','Electrical Engineering',NULL,NULL,'2010-02-19',NULL,'Lorestan','Tehran',NULL,NULL,1),('fvxivg8004','Nancy','Campbell','Nancy Campbell','09972097802',203163386,'sbojwmyfn90541','Ph.D.','Sociology',NULL,NULL,'2015-06-02',NULL,'Mazandaran','Jahrom',NULL,NULL,1),('fwcbse9105','Jordan','Blankenship','Jordan Blankenship','09874398927',44290851,'actgyevsk8432','Master','History',NULL,NULL,'2007-12-14',NULL,'Tehran','Sabzevar',NULL,NULL,1),('fxegwg9975','Kevin','Coleman','Kevin Coleman','09646966766',93410896,'dzqeghess16373','Bachelor','History',NULL,NULL,'2023-07-18',NULL,'Kermanshah','Dezful',NULL,NULL,1),('fxkdfi9514','Robert','Rogers','Robert Rogers','09512152150',492783762,'lripqhydh36745','Ph.D.','Mechanical Engineering',NULL,NULL,'2019-07-17',NULL,'Kerman','Mahabad',NULL,NULL,1),('fxyexi1415','Sara','Jacobson','Sara Jacobson','09744547037',5375766,'izmwmifjo84055','Master','Mathematics',NULL,NULL,'2009-03-11',NULL,'Hormozgan','Kaleybar',NULL,NULL,0),('fyslwx5989','Theresa','Turner','Theresa Turner','09925410273',486716986,'ilstyuhfd34717','Master','Architecture',NULL,NULL,'2014-03-19',NULL,'Hamedan','Khoy',NULL,NULL,0),('fyxltp9784','Tanya','Morgan','Tanya Morgan','09607002939',313842938,'uhkuxiolj67757','Bachelor','Physics',NULL,NULL,'2021-12-30',NULL,'Hamedan','Maragheh',NULL,NULL,1),('gabbjs9630','Todd','Adams','Todd Adams','09445463271',71185580,'fsklrfmqu75866','Master','Physics',NULL,NULL,'2011-10-05',NULL,'Yazd','Tabriz',NULL,NULL,0),('gamhko8033','Benjamin','Hansen','Benjamin Hansen','09799076512',429730569,'aheqlvqbz45965','Diploma','Architecture',NULL,NULL,'2013-08-12',NULL,'Yazd','Sari',NULL,NULL,0),('gamvcv5577','Vanessa','Young','Vanessa Young','09648745518',225762757,'ppztbwzxl52674','Diploma','Architecture',NULL,NULL,'2016-09-29',NULL,'East Azerbaijan','Bandar-e Anzali',NULL,NULL,1),('gaobbe2686','Alexis','Davis','Alexis Davis','09521639424',148989064,'wnczzvjuq64538','Master','Sociology',NULL,NULL,'2015-10-28',NULL,'Isfahan','Amol',NULL,NULL,1),('gaxzhx4461','Diamond','Delgado','Diamond Delgado','09900175874',187386627,'bzvejitbm85300','Diploma','Mathematics',NULL,NULL,'2020-01-17',NULL,'Razavi Khorasan','Sari',NULL,NULL,0),('gbxvwi8500','Tiffany','Johnson','Tiffany Johnson','09244102909',232983100,'licemncmw43886','Diploma','Linguistics',NULL,NULL,'2023-02-13',NULL,'Hormozgan','Shiraz',NULL,NULL,1),('gbyebe9897','Kristen','Martinez','Kristen Martinez','09750599068',388134305,'jmxfhcrvw86163','Ph.D.','Chemistry',NULL,NULL,'2012-08-28',NULL,'Ardabil','Dezful',NULL,NULL,1),('gcgwkk4688','Mr.','Brandon','Mr. Brandon','09626075799',288267101,'yyevgmwqb84498','Bachelor','History',NULL,NULL,'2011-11-19',NULL,'Lorestan','Rasht',NULL,NULL,1),('gcrofg4477','Kimberly','Kaiser','Kimberly Kaiser','09387283132',193172686,'scsjsqvhn38993','Master','Mechanical Engineering',NULL,NULL,'2017-06-22',NULL,'Razavi Khorasan','Eslamshahr',NULL,NULL,0),('geivef4237','Kyle','Cross','Kyle Cross','09854311624',295786552,'mrlsmuhlg1141','Master','Computer Science',NULL,NULL,'2008-10-01',NULL,'Khuzestan','Bandar-e Anzali',NULL,NULL,1),('gfbxln5302','Timothy','Welch','Timothy Welch','09549504930',386910016,'wrbydwqqv75597','Master','Mathematics',NULL,NULL,'2005-11-19',NULL,'West Azerbaijan','Khoy',NULL,NULL,1),('gfjryo1405','Kristen','Evans','Kristen Evans','09433065976',448267447,'mqiibdljz53304','Ph.D.','Biology',NULL,NULL,'2008-04-04',NULL,'Gilan','Eslamshahr',NULL,NULL,0),('gfqdkl8494','Anna','James','Anna James','09688383037',87797760,'dsydijegz57924','Master','Nursing',NULL,NULL,'2007-11-09',NULL,'Hormozgan','Rafsanjan',NULL,NULL,1),('gfspcb8493','Amber','Melendez','Amber Melendez','09665358566',481759978,'vfydbobsz71030','Bachelor','Nursing',NULL,NULL,'2020-12-25',NULL,'Hormozgan','Sabzevar',NULL,NULL,0),('ggsflb8471','Brandon','White','Brandon White','09488969149',348618184,'vfmmzvsfm57279','Master','Chemistry',NULL,NULL,'2023-01-25',NULL,'Hamedan','Eslamshahr',NULL,NULL,1),('ggxmxm8120','Ashley','Webb','Ashley Webb','09394908558',249753064,'nrvubgjpw49660','Master','Mechanical Engineering',NULL,NULL,'2005-04-18',NULL,'Hormozgan','Kerman',NULL,NULL,0),('ggzauq7775','Christopher','Cortez','Christopher Cortez','09131053510',225684595,'zmomvngsq11590','Diploma','English Literature',NULL,NULL,'2005-06-19',NULL,'West Azerbaijan','Kaleybar',NULL,NULL,0),('ghjrjr6855','Eileen','Baker','Eileen Baker','09942018807',429057585,'acnpbppcu46290','Ph.D.','Physics',NULL,NULL,'2020-05-20',NULL,'Ardabil','Abadan',NULL,NULL,1),('ghpzwg1734','Jeremy','Dyer','Jeremy Dyer','09323024000',318121318,'gwgauduzs58803','Ph.D.','Mechanical Engineering',NULL,NULL,'2010-08-18',NULL,'Razavi Khorasan','Mahabad',NULL,NULL,0),('ghulcc9862','Jonathan','Shepherd','Jonathan Shepherd','09717365797',151722267,'rrghuqqep59573','Master','Mechanical Engineering',NULL,NULL,'2005-05-23',NULL,'Fars','Bandar-e Anzali',NULL,NULL,0),('gijglx5416','Patrick','Ponce','Patrick Ponce','09518224687',200761194,'yjncqngkp96915','Ph.D.','English Literature',NULL,NULL,'2013-11-21',NULL,'Isfahan','Khoy',NULL,NULL,1),('gjiflh1638','Anthony','Thomas','Anthony Thomas','09435027207',143409343,'hvauxevho55098','Ph.D.','English Literature',NULL,NULL,'2018-05-10',NULL,'Hormozgan','Tabriz',NULL,NULL,1),('gjpygp7134','Karen','Reed','Karen Reed','09459178048',13264667,'pxloatipz89988','Diploma','English Literature',NULL,NULL,'2022-02-19',NULL,'Bushehr','Tabriz',NULL,NULL,1),('gkhwtf5429','John','Patton','John Patton','09198376302',453983025,'oswycewrv81103','Master','Architecture',NULL,NULL,'2016-04-29',NULL,'Gilan','Kaleybar',NULL,NULL,1),('glllvj4203','Nicholas','Miller','Nicholas Miller','09294691166',183848444,'gqlwqqdyg96919','Ph.D.','Architecture',NULL,NULL,'2021-06-21',NULL,'Golestan','Eslamshahr',NULL,NULL,1),('glosek6693','Antonio','Montoya','Antonio Montoya','09693341816',104682422,'fzsqcwnhy24936','Diploma','Chemistry',NULL,NULL,'2007-07-28',NULL,'Hormozgan','Bandar-e Anzali',NULL,NULL,1),('gmhvnv7979','Sharon','Huber','Sharon Huber','09564329077',410400253,'fnyovtpey90465','Diploma','Physics',NULL,NULL,'2021-10-08',NULL,'Hamedan','Shahin Shahr',NULL,NULL,1),('gnpdnp4103','Holly','Horton','Holly Horton','09401812543',191446110,'sigggbvzo62356','Bachelor','History',NULL,NULL,'2006-12-20',NULL,'Khuzestan','Abadan',NULL,NULL,1),('gntaxn3415','Stephanie','Roach','Stephanie Roach','09101175308',122185326,'ckgsysorp54182','Bachelor','Civil Engineering',NULL,NULL,'2010-03-07',NULL,'Golestan','Shiraz',NULL,NULL,1),('gnwdpy4310','Deborah','White','Deborah White','09679821657',427741800,'jkuadurzz81840','Ph.D.','Civil Engineering',NULL,NULL,'2014-12-10',NULL,'Bushehr','Kaleybar',NULL,NULL,0),('gorlqq3124','Joseph','Rogers','Joseph Rogers','09991896309',317549031,'pwqytqmgm88426','Ph.D.','English Literature',NULL,NULL,'2011-12-03',NULL,'Gilan','Neyshabur',NULL,NULL,0),('gotkly7994','Kimberly','James','Kimberly James','09377128707',205988498,'ykbyhjrrp79433','Master','Mathematics',NULL,NULL,'2015-06-14',NULL,'West Azerbaijan','Kaleybar',NULL,NULL,0),('gplgzh4579','Andrew','Torres','Andrew Torres','09293157856',276448334,'puijiffej34278','Master','Biology',NULL,NULL,'2021-10-20',NULL,'Yazd','Neyshabur',NULL,NULL,0),('gqfgza1694','Carl','Oliver','Carl Oliver','09852700438',68329163,'exgcxjtjz14829','Master','Psychology',NULL,NULL,'2014-06-13',NULL,'Hormozgan','Jahrom',NULL,NULL,1),('gqubqb9555','Tamara','Nguyen','Tamara Nguyen','09458679148',99249389,'rhxgarttj22157','Diploma','Political Science',NULL,NULL,'2011-07-25',NULL,'Lorestan','Tabriz',NULL,NULL,1),('grmhtm8967','Karen','Ali','Karen Ali','09390608026',345853747,'mnznmfitg97362','Ph.D.','Computer Science',NULL,NULL,'2020-11-12',NULL,'Golestan','Marvdasht',NULL,NULL,1),('gssiya8414','Matthew','Davis','Matthew Davis','09686082808',229185367,'pypgusdqc87021','Ph.D.','Mechanical Engineering',NULL,NULL,'2005-01-20',NULL,'Khuzestan','Sirjan',NULL,NULL,0),('gsymlw3130','Alisha','Ward','Alisha Ward','09672089603',398057515,'nrcwgtlun63441','Bachelor','Economics',NULL,NULL,'2021-11-19',NULL,'Yazd','Shahin Shahr',NULL,NULL,0),('gttwbn3707','Kimberly','Santiago','Kimberly Santiago','09163476896',234325863,'pcdqygkxf16961','Ph.D.','Biology',NULL,NULL,'2015-02-17',NULL,'Kerman','Karaj',NULL,NULL,1),('gutqof8583','Michael','Hughes','Michael Hughes','09522843773',456168862,'xsltmyhaq33049','Ph.D.','Linguistics',NULL,NULL,'2009-08-04',NULL,'Bushehr','Isfahan',NULL,NULL,0),('gvodbl5079','Jared','Wolf','Jared Wolf','09434835347',482161836,'noomlimck11501','Diploma','Computer Science',NULL,NULL,'2019-08-01',NULL,'Yazd','Shahin Shahr',NULL,NULL,0),('gvwalo4988','Megan','Stephenson','Megan Stephenson','09236274206',150789580,'pwrlnyzbk78587','Diploma','Chemistry',NULL,NULL,'2011-09-30',NULL,'Kurdistan','Eslamshahr',NULL,NULL,1),('gvwkre4322','Max','Fox','Max Fox','09773993311',169435548,'pdlccfkko67083','Master','Economics',NULL,NULL,'2011-02-21',NULL,'Kermanshah','Marvdasht',NULL,NULL,0),('gwgxts4977','Amy','Davis','Amy Davis','09300381784',81334846,'bggtcqqin35322','Bachelor','Sociology',NULL,NULL,'2016-06-28',NULL,'Razavi Khorasan','Rafsanjan',NULL,NULL,0),('gwqegp2339','Christina','Perez','Christina Perez','09897313131',71057601,'uggpadcui10832','Master','Political Science',NULL,NULL,'2022-02-02',NULL,'Golestan','Marvdasht',NULL,NULL,0),('gxdouo5417','Christine','Johnson','Christine Johnson','09546541608',360713737,'cclwcalxd48021','Ph.D.','Mechanical Engineering',NULL,NULL,'2016-07-29',NULL,'Tehran','Ahvaz',NULL,NULL,0),('gxjhna9656','Cody','Alexander','Cody Alexander','09470483750',87711015,'rbjthqipa90460','Master','Graphic Design',NULL,NULL,'2018-11-10',NULL,'Lorestan','Mashhad',NULL,NULL,1),('gxksqc5986','Marie','Jones','Marie Jones','09294887915',34225494,'fleeiwmjj90875','Master','Mathematics',NULL,NULL,'2017-08-09',NULL,'Golestan','Kaleybar',NULL,NULL,1),('gxusvs7424','Evan','Curtis','Evan Curtis','09317748393',121858495,'omdggssdj95953','Diploma','Graphic Design',NULL,NULL,'2016-04-06',NULL,'Bushehr','Neyshabur',NULL,NULL,1),('gxvgkx4948','Kevin','Smith','Kevin Smith','09168374968',273614630,'crummwqey42142','Master','Graphic Design',NULL,NULL,'2011-04-04',NULL,'Gilan','Shiraz',NULL,NULL,1),('gyowhe8123','Dr.','Marissa','Dr. Marissa','09762301592',225820957,'nvbzjbuat55503','Diploma','Sociology',NULL,NULL,'2017-08-22',NULL,'Hamedan','Tehran',NULL,NULL,1),('gyoyuc4905','Stacey','Doyle','Stacey Doyle','09724989593',494981971,'krhnjtpuo81725','Diploma','Civil Engineering',NULL,NULL,'2010-02-21',NULL,'Ardabil','Shiraz',NULL,NULL,1),('gzhras8948','Dakota','Torres','Dakota Torres','09987941159',437713614,'xjdmdbaco59607','Ph.D.','Chemistry',NULL,NULL,'2018-08-08',NULL,'East Azerbaijan','Mashhad',NULL,NULL,1),('gznbfo3067','Lori','Gomez','Lori Gomez','09813629343',276594523,'wzkgtxkkv6625','Bachelor','Sociology',NULL,NULL,'2020-02-03',NULL,'Tehran','Dezful',NULL,NULL,1),('gzoaqu7203','Mr.','Russell','Mr. Russell','09804781306',349982519,'ztvdgkjoo80437','Bachelor','Mechanical Engineering',NULL,NULL,'2019-11-16',NULL,'Bushehr','Tehran',NULL,NULL,0),('gzpmnf8491','Joshua','Lindsey','Joshua Lindsey','09539228242',446683948,'gngbvosgj37885','Diploma','Nursing',NULL,NULL,'2005-09-28',NULL,'West Azerbaijan','Babol',NULL,NULL,0),('gzxhnp6456','Sierra','Smith','Sierra Smith','09840184356',294937839,'pwjecegrn42203','Master','Electrical Engineering',NULL,NULL,'2020-04-13',NULL,'Khuzestan','Bandar-e Anzali',NULL,NULL,1),('haglpd5390','Kristina','Russell','Kristina Russell','09405885624',235489583,'nfrrkcfkn5509','Master','Economics',NULL,NULL,'2018-07-08',NULL,'Golestan','Neyshabur',NULL,NULL,0),('halomn4841','Monique','Miller','Monique Miller','09395058026',169812102,'nwfwgxodf44240','Bachelor','Biology',NULL,NULL,'2009-11-19',NULL,'Hamedan','Maragheh',NULL,NULL,1),('hapbjq9443','Michael','Keith','Michael Keith','09590371838',441780283,'ijcolxolm75053','Ph.D.','Political Science',NULL,NULL,'2013-01-01',NULL,'Hormozgan','Marvdasht',NULL,NULL,0),('hbhxnz1062','Patricia','Parrish','Patricia Parrish','09893912457',417415395,'kqvokcgus49265','Diploma','Mathematics',NULL,NULL,'2013-11-07',NULL,'Gilan','Tabriz',NULL,NULL,1),('hcmsqf8555','Mary','Davis','Mary Davis','09717318454',453771034,'cdrlvtlnn12102','Diploma','History',NULL,NULL,'2022-11-03',NULL,'Bushehr','Maragheh',NULL,NULL,0),('hcptqr4084','Erica','Randall','Erica Randall','09376360396',364734349,'ifbnxjuis85621','Master','Mechanical Engineering',NULL,NULL,'2011-01-12',NULL,'Kermanshah','Najafabad',NULL,NULL,0),('hdenik9575','Michelle','Davis','Michelle Davis','09762534645',204587663,'pvfssughy55560','Bachelor','Environmental Science',NULL,NULL,'2012-08-04',NULL,'Fars','Amol',NULL,NULL,0),('hdhypu6595','Juan','Mcbride','Juan Mcbride','09269903151',209970834,'ivabzhmbf31832','Master','Mathematics',NULL,NULL,'2017-07-01',NULL,'East Azerbaijan','Shiraz',NULL,NULL,0),('hdkayb3458','Brenda','Smith','Brenda Smith','09272714767',137786472,'zvfplbanj70181','Bachelor','Computer Science',NULL,NULL,'2014-05-16',NULL,'West Azerbaijan','Shahin Shahr',NULL,NULL,0),('hdowct2704','Dave','Frederick','Dave Frederick','09865288774',219542612,'fyjcdnptj5834','Diploma','Nursing',NULL,NULL,'2007-12-08',NULL,'West Azerbaijan','Khoy',NULL,NULL,0),('hduzyf4681','Matthew','Patterson','Matthew Patterson','09146100955',172622668,'thtsmvsed43487','Bachelor','Psychology',NULL,NULL,'2006-07-23',NULL,'East Azerbaijan','Eslamshahr',NULL,NULL,1),('hdwibe7318','Dawn','Delacruz','Dawn Delacruz','09349498226',336116743,'kwxufoplc26098','Diploma','Graphic Design',NULL,NULL,'2015-04-04',NULL,'West Azerbaijan','Amol',NULL,NULL,0),('hdzpfb3454','Mrs.','Victoria','Mrs. Victoria','09316336774',98593570,'rjlogosep85078','Diploma','Electrical Engineering',NULL,NULL,'2009-02-18',NULL,'Kurdistan','Marvdasht',NULL,NULL,1),('hfgwkc8980','Evelyn','Smith','Evelyn Smith','09252232706',435772362,'zlbwpjxol76950','Bachelor','Electrical Engineering',NULL,NULL,'2005-10-09',NULL,'Gilan','Maragheh',NULL,NULL,1),('hgiafz2096','Kimberly','Quinn','Kimberly Quinn','09155424941',457976101,'ogibmifqa70868','Ph.D.','Electrical Engineering',NULL,NULL,'2010-08-02',NULL,'Lorestan','Kaleybar',NULL,NULL,1),('hgzhnt4638','Brian','Patterson','Brian Patterson','09379090025',91692760,'mznwznvrb55023','Diploma','Mechanical Engineering',NULL,NULL,'2023-12-14',NULL,'West Azerbaijan','Isfahan',NULL,NULL,0),('hhticr6330','Andrea','Alvarez','Andrea Alvarez','09168449003',377891636,'qbluzsojb4329','Master','Nursing',NULL,NULL,'2008-03-13',NULL,'Yazd','Sabzevar',NULL,NULL,0),('hidwhp4653','Gabriel','Jordan','Gabriel Jordan','09272452549',295324274,'srdujcyxm72949','Diploma','Graphic Design',NULL,NULL,'2012-04-13',NULL,'Bushehr','Sabzevar',NULL,NULL,1),('hilesu3122','Sharon','Acevedo','Sharon Acevedo','09966247609',231849495,'bxfeugnim53230','Diploma','Political Science',NULL,NULL,'2022-01-14',NULL,'Markazi','Bandar-e Anzali',NULL,NULL,1),('hixgwv1712','Heather','Hall','Heather Hall','09704147844',418141908,'prxorebdb43692','Ph.D.','Biology',NULL,NULL,'2022-06-01',NULL,'Lorestan','Khoy',NULL,NULL,0),('hjdhzf8685','Mark','Gibbs','Mark Gibbs','09612766826',12609232,'mmfrjsypy77066','Bachelor','Physics',NULL,NULL,'2019-10-01',NULL,'Hormozgan','Tabriz',NULL,NULL,1),('hjefnf4035','Jennifer','Welch','Jennifer Welch','09603604579',315984223,'afcfwmcux69486','Master','Mathematics',NULL,NULL,'2015-12-19',NULL,'East Azerbaijan','Sirjan',NULL,NULL,1),('hjfeod4098','Jennifer','Russo','Jennifer Russo','09249314180',308577254,'psvygoxpp71822','Diploma','Economics',NULL,NULL,'2012-07-07',NULL,'Kurdistan','Neyshabur',NULL,NULL,0),('hkfkao3983','Kristine','Jennings','Kristine Jennings','09177104626',272042221,'kienyxrbu13382','Ph.D.','Environmental Science',NULL,NULL,'2014-12-18',NULL,'Lorestan','Sabzevar',NULL,NULL,0),('hkmbzd6662','Julia','Barry','Julia Barry','09603531122',126592066,'wtdipswny94086','Master','Biology',NULL,NULL,'2021-09-12',NULL,'West Azerbaijan','Tehran',NULL,NULL,1),('hkogqu7528','John','Davis','John Davis','09570991159',282568685,'cvuhdgzvv41651','Diploma','Biology',NULL,NULL,'2007-01-14',NULL,'Bushehr','Isfahan',NULL,NULL,1),('hlkknf9507','Damon','Saunders','Damon Saunders','09285841794',332395318,'gsoxhfegk62174','Master','Linguistics',NULL,NULL,'2008-02-16',NULL,'Hormozgan','Kerman',NULL,NULL,1),('hlnorz5762','Darrell','Copeland','Darrell Copeland','09562576754',23461187,'reytafllj54024','Master','Political Science',NULL,NULL,'2018-04-14',NULL,'Yazd','Jahrom',NULL,NULL,0),('hlrypm8573','Angela','Wilson','Angela Wilson','09938031139',28951025,'umjzihdff42106','Ph.D.','Environmental Science',NULL,NULL,'2022-02-07',NULL,'East Azerbaijan','Tehran',NULL,NULL,1),('hmynco8759','Michelle','Preston','Michelle Preston','09689542095',420053313,'aolknfvmr62949','Ph.D.','Architecture',NULL,NULL,'2022-03-06',NULL,'Mazandaran','Ahvaz',NULL,NULL,0),('hnnjjg7487','Tina','Stone','Tina Stone','09278257226',475155363,'bfnuoruya14050','Bachelor','Architecture',NULL,NULL,'2005-03-09',NULL,'Kermanshah','Shiraz',NULL,NULL,1),('hozeul4792','Megan','Cruz','Megan Cruz','09793143584',89847472,'venmdokww53672','Bachelor','Mathematics',NULL,NULL,'2016-01-12',NULL,'Bushehr','Eslamshahr',NULL,NULL,1),('hrcvuo1636','Roger','Castro','Roger Castro','09775414087',443536980,'qswypbpik56957','Ph.D.','Electrical Engineering',NULL,NULL,'2006-07-14',NULL,'Fars','Babol',NULL,NULL,0),('hrfdtg4981','Tyler','Hudson','Tyler Hudson','09668226870',240723817,'qknanggzt66669','Ph.D.','Computer Science',NULL,NULL,'2006-03-16',NULL,'Golestan','Sirjan',NULL,NULL,0),('hrnhzo8100','Shawn','Dunn','Shawn Dunn','09286457612',198573849,'gduzbrquw53207','Ph.D.','English Literature',NULL,NULL,'2022-05-07',NULL,'Lorestan','Lahijan',NULL,NULL,1),('hrqqzg4763','Rachael','Carr','Rachael Carr','09345108297',69590689,'ootevsixe31718','Master','Environmental Science',NULL,NULL,'2013-09-20',NULL,'Hamedan','Kerman',NULL,NULL,0),('hsafcp8705','Barbara','Ingram','Barbara Ingram','09106144413',204667992,'wufwczdxc58185','Master','Civil Engineering',NULL,NULL,'2007-10-23',NULL,'Golestan','Kaleybar',NULL,NULL,0),('hsjvht3147','Claire','Jensen','Claire Jensen','09127378112',302721745,'svyyqsyuk39746','Master','Biology',NULL,NULL,'2013-05-25',NULL,'Hamedan','Ahvaz',NULL,NULL,0),('hsptrg5563','Alex','Hart','Alex Hart','09557363991',212105838,'ucgexqjjj88872','Master','Mathematics',NULL,NULL,'2017-04-20',NULL,'Tehran','Mahabad',NULL,NULL,0),('htakfa4512','Thomas','Rose','Thomas Rose','09647444343',448255293,'jzymxqidf68247','Master','Environmental Science',NULL,NULL,'2008-02-03',NULL,'Golestan','Sabzevar',NULL,NULL,0),('hugwkk4816','Erica','Alvarez','Erica Alvarez','09905609688',369057888,'rcjiddgsj27892','Bachelor','Graphic Design',NULL,NULL,'2011-04-20',NULL,'Gilan','Najafabad',NULL,NULL,0),('hurxau5712','Keith','Johnson','Keith Johnson','09668980113',16570297,'csrvhrmpm13887','Bachelor','Environmental Science',NULL,NULL,'2009-06-30',NULL,'Gilan','Babol',NULL,NULL,1),('hushlq9462','David','Owens','David Owens','09587603612',368135774,'khuqqbydz82257','Diploma','Computer Science',NULL,NULL,'2020-02-20',NULL,'Bushehr','Amol',NULL,NULL,1),('hutjpp3520','Paul','Goodman','Paul Goodman','09257965806',435994460,'hqsdpbdpc71704','Diploma','Nursing',NULL,NULL,'2014-01-17',NULL,'Kurdistan','Rafsanjan',NULL,NULL,1),('huxmxa5871','Daniel','Ellis','Daniel Ellis','09686071926',90851677,'jvrnsreuu84280','Diploma','Economics',NULL,NULL,'2013-09-12',NULL,'Yazd','Eslamshahr',NULL,NULL,1),('hwafzr2040','Lisa','Parker','Lisa Parker','09266071411',364648515,'dbzkrjzax32285','Diploma','Linguistics',NULL,NULL,'2008-06-21',NULL,'Fars','Najafabad',NULL,NULL,1),('hwezdt2997','Miss','Barbara','Miss Barbara','09730949971',319233499,'lxkyhczce3653','Ph.D.','Environmental Science',NULL,NULL,'2007-03-21',NULL,'Hamedan','Eslamshahr',NULL,NULL,1),('hwgcev2229','Mrs.','Shannon','Mrs. Shannon','09498793538',98287688,'hjvcwczry26161','Diploma','History',NULL,NULL,'2015-04-05',NULL,'Khuzestan','Tehran',NULL,NULL,1),('hwpvxk1497','Amy','Blake','Amy Blake','09303649322',461278842,'mdxwtwxfe22015','Bachelor','History',NULL,NULL,'2012-10-29',NULL,'Bushehr','Babol',NULL,NULL,1),('hxcrtc7343','Shannon','Young','Shannon Young','09160078499',54534058,'ylqlmhzhl99303','Diploma','Environmental Science',NULL,NULL,'2012-02-19',NULL,'West Azerbaijan','Marvdasht',NULL,NULL,0),('hxjsnd6763','Jeremy','Mitchell','Jeremy Mitchell','09920763694',202284896,'iszgpacpo89585','Master','Economics',NULL,NULL,'2022-02-11',NULL,'Kurdistan','Maragheh',NULL,NULL,1),('hyfsyb5520','Elizabeth','Wood','Elizabeth Wood','09424927397',460721280,'brltknxsl84970','Diploma','Political Science',NULL,NULL,'2015-05-22',NULL,'Mazandaran','Sari',NULL,NULL,1),('hypnqb7399','Ashley','Bruce','Ashley Bruce','09430599123',83167492,'cpbrguejl93534','Ph.D.','Biology',NULL,NULL,'2009-01-07',NULL,'Bushehr','Jahrom',NULL,NULL,1),('hyxogs4939','John','Ferrell','John Ferrell','09893605578',487375560,'xodxosqlz58436','Diploma','English Literature',NULL,NULL,'2013-02-01',NULL,'East Azerbaijan','Sabzevar',NULL,NULL,0),('hzwzsv6983','Bonnie','Olson','Bonnie Olson','09933270127',410593747,'vqpawqmmk39306','Bachelor','History',NULL,NULL,'2005-01-07',NULL,'Markazi','Neyshabur',NULL,NULL,0),('iacxfq8593','Sean','Higgins','Sean Higgins','09162136777',421177861,'vcrxhycbm55395','Diploma','Computer Science',NULL,NULL,'2017-04-20',NULL,'Kerman','Amol',NULL,NULL,0),('ibkcwp2278','Jason','Davis','Jason Davis','09356557528',304220531,'kkqtwarvj72389','Master','Mathematics',NULL,NULL,'2015-04-22',NULL,'Tehran','Sabzevar',NULL,NULL,1),('ibtxwi9677','Kelly','Wheeler','Kelly Wheeler','09654761847',49342364,'rypbqhsdv4756','Bachelor','Architecture',NULL,NULL,'2019-09-10',NULL,'Razavi Khorasan','Shahin Shahr',NULL,NULL,0),('ibwhgz8803','Mark','Norton','Mark Norton','09810123710',404125640,'tnwbceyfw72502','Master','Economics',NULL,NULL,'2005-09-17',NULL,'Hormozgan','Jahrom',NULL,NULL,1),('iccgix3442','Ryan','Kramer','Ryan Kramer','09235757946',427022769,'zjtdynmom71069','Master','Business Administration',NULL,NULL,'2008-01-28',NULL,'Markazi','Marvdasht',NULL,NULL,0),('icvbrk5309','Casey','Mullen','Casey Mullen','09128435585',90921330,'hhqwlkuqo44402','Master','Sociology',NULL,NULL,'2007-06-10',NULL,'East Azerbaijan','Tehran',NULL,NULL,0),('idgimw5331','Karen','Webb','Karen Webb','09768521273',328616135,'agfumyybh67683','Diploma','Nursing',NULL,NULL,'2022-05-03',NULL,'Isfahan','Urmia',NULL,NULL,0),('idgull4789','Dr.','Lindsay','Dr. Lindsay','09786745944',336996179,'ybzxwsuyn62632','Diploma','Business Administration',NULL,NULL,'2015-01-29',NULL,'Markazi','Neyshabur',NULL,NULL,1),('idhqbl6904','Timothy','Dean','Timothy Dean','09652983926',432311159,'qukitpoyd55375','Ph.D.','Environmental Science',NULL,NULL,'2018-07-02',NULL,'Bushehr','Khoy',NULL,NULL,1),('idolga1813','Katherine','Hutchinson','Katherine Hutchinson','09633568151',87186939,'drzenxcsf22943','Bachelor','Computer Science',NULL,NULL,'2005-07-14',NULL,'Kurdistan','Mashhad',NULL,NULL,0),('idprqp4222','Marcia','Wright','Marcia Wright','09259076834',438705065,'wgygkcnpb42980','Bachelor','Computer Science',NULL,NULL,'2007-05-30',NULL,'Khuzestan','Mahabad',NULL,NULL,0),('iekloz4610','Dana','Baker','Dana Baker','09566358871',74278145,'avaxelegt39584','Diploma','Civil Engineering',NULL,NULL,'2022-01-07',NULL,'Isfahan','Maragheh',NULL,NULL,1),('ienfqu3321','Jessica','Davenport','Jessica Davenport','09497554647',125075388,'tvavugglr3476','Diploma','Civil Engineering',NULL,NULL,'2022-08-06',NULL,'Kermanshah','Neyshabur',NULL,NULL,1),('ietoqm9994','Alvin','Moore','Alvin Moore','09286099258',138745743,'nsrwnisui1738','Ph.D.','Biology',NULL,NULL,'2013-11-07',NULL,'Isfahan','Neyshabur',NULL,NULL,1),('igeyjp1590','Jessica','Price','Jessica Price','09152223479',290790062,'ftucmhkgp12102','Master','Mechanical Engineering',NULL,NULL,'2014-09-02',NULL,'Mazandaran','Mahabad',NULL,NULL,1),('iheuke2294','Barry','Raymond','Barry Raymond','09621989148',190329402,'gvatnulzm53900','Master','Biology',NULL,NULL,'2019-07-06',NULL,'Razavi Khorasan','Sirjan',NULL,NULL,1),('ihifqd1896','George','Blevins','George Blevins','09130530147',143881294,'bgcgtehak86672','Diploma','Mechanical Engineering',NULL,NULL,'2014-02-04',NULL,'West Azerbaijan','Isfahan',NULL,NULL,0),('ihkayt9747','Crystal','Gill','Crystal Gill','09441623515',11523480,'tufwgudie2438','Ph.D.','Graphic Design',NULL,NULL,'2017-07-13',NULL,'Lorestan','Khoy',NULL,NULL,0),('ihkgdf1418','Kaitlyn','Lopez','Kaitlyn Lopez','09214486656',173610731,'xakuevpbk8594','Diploma','Political Science',NULL,NULL,'2005-11-02',NULL,'Kurdistan','Shiraz',NULL,NULL,0),('ihrpfn4504','Monique','Calhoun','Monique Calhoun','09467792030',16612506,'tbzzsmpmi34620','Ph.D.','Mathematics',NULL,NULL,'2005-08-14',NULL,'Tehran','Karaj',NULL,NULL,1),('iizbtp8284','William','Johnson','William Johnson','09319883196',116969456,'ihmfhbsxr57749','Bachelor','Sociology',NULL,NULL,'2018-10-26',NULL,'Kerman','Mashhad',NULL,NULL,0),('ijjssa2872','Cynthia','Reed','Cynthia Reed','09693544136',120866886,'verkhwbwz3265','Bachelor','Psychology',NULL,NULL,'2005-02-22',NULL,'Kermanshah','Sabzevar',NULL,NULL,0),('ikhkdt9740','Andrea','Torres','Andrea Torres','09247695678',275064207,'vfdgjghkn16703','Diploma','Graphic Design',NULL,NULL,'2010-05-11',NULL,'Bushehr','Bandar-e Anzali',NULL,NULL,1),('ilhtwp9874','Kristi','Gamble','Kristi Gamble','09908502370',394554811,'airsmcnfv13396','Master','Physics',NULL,NULL,'2016-02-11',NULL,'Kurdistan','Shahin Shahr',NULL,NULL,1),('ilkuqh8707','Michael','Shaw','Michael Shaw','09257352745',152890889,'qxkttcfuu1065','Ph.D.','Sociology',NULL,NULL,'2012-02-18',NULL,'Ardabil','Mashhad',NULL,NULL,0),('imdvqf8884','Jessica','Mcgee','Jessica Mcgee','09851190323',361743597,'nqagmzfur8045','Ph.D.','Psychology',NULL,NULL,'2007-02-13',NULL,'Khuzestan','Sari',NULL,NULL,1),('imqtde8254','Jonathan','Smith','Jonathan Smith','09648511213',230005691,'swveutytu58711','Diploma','Political Science',NULL,NULL,'2009-09-21',NULL,'East Azerbaijan','Jahrom',NULL,NULL,0),('imzpde6747','Penny','Hobbs','Penny Hobbs','09645610436',284031749,'nvsfyudbs25833','Master','Biology',NULL,NULL,'2007-06-16',NULL,'Isfahan','Maragheh',NULL,NULL,0),('inlxuc9456','William','Johnson','William Johnson','09327630579',16832358,'zqpobukxn5672','Diploma','Graphic Design',NULL,NULL,'2007-09-01',NULL,'Khuzestan','Mashhad',NULL,NULL,0),('inrqbp5474','Denise','Reed','Denise Reed','09290515656',464167984,'egvamrdts31998','Master','Sociology',NULL,NULL,'2018-06-24',NULL,'Mazandaran','Mahabad',NULL,NULL,1),('iomyrv8621','Anthony','Cross','Anthony Cross','09492265914',15407064,'ibfzsjqou3034','Bachelor','Computer Science',NULL,NULL,'2015-04-29',NULL,'Hamedan','Maragheh',NULL,NULL,1),('ionngd8329','Zoe','Fowler','Zoe Fowler','09984350242',301746767,'cwkscvekv14459','Bachelor','Computer Science',NULL,NULL,'2006-09-18',NULL,'Yazd','Sabzevar',NULL,NULL,0),('ioumev7803','Shawn','Miller','Shawn Miller','09450110374',140830738,'trjznniwh78132','Ph.D.','Chemistry',NULL,NULL,'2017-07-21',NULL,'Lorestan','Maragheh',NULL,NULL,0),('ipenea9450','Trevor','Manning','Trevor Manning','09941210093',386532163,'irkpkkkqs38312','Diploma','Biology',NULL,NULL,'2008-04-29',NULL,'Fars','Kaleybar',NULL,NULL,0),('ipkodn9557','Mrs.','Valerie','Mrs. Valerie','09420049400',489611697,'tzbyspdgp38646','Master','Civil Engineering',NULL,NULL,'2013-06-23',NULL,'Kermanshah','Eslamshahr',NULL,NULL,1),('iplxel1722','Jasmine','Warner','Jasmine Warner','09512062488',319799380,'zugukulde12501','Master','Nursing',NULL,NULL,'2016-07-08',NULL,'Kermanshah','Kaleybar',NULL,NULL,0),('ipperi4244','Mrs.','Michelle','Mrs. Michelle','09952513450',239453748,'eorbwills45651','Diploma','Political Science',NULL,NULL,'2023-05-22',NULL,'Gilan','Rafsanjan',NULL,NULL,1),('iqegvu7107','Travis','Norman','Travis Norman','09325201940',191668602,'xsinbhhyk95548','Bachelor','Computer Science',NULL,NULL,'2005-12-24',NULL,'Kermanshah','Maragheh',NULL,NULL,0),('iqjwcd7021','Erik','Castaneda','Erik Castaneda','09745185159',403266701,'sdqilukjw12086','Diploma','Economics',NULL,NULL,'2013-05-24',NULL,'Kurdistan','Tabriz',NULL,NULL,1),('iqqamo7325','Peter','Gardner','Peter Gardner','09136331791',6914729,'ubkqbiaad36029','Ph.D.','Psychology',NULL,NULL,'2010-04-25',NULL,'West Azerbaijan','Najafabad',NULL,NULL,0),('iqsqij8882','Brad','Garcia','Brad Garcia','09148631562',480572511,'enjucedrn59406','Diploma','Nursing',NULL,NULL,'2006-03-14',NULL,'Isfahan','Babol',NULL,NULL,1),('irahsz7455','Justin','Newman','Justin Newman','09927591806',261073689,'npmxwmbzo78548','Ph.D.','Physics',NULL,NULL,'2021-03-30',NULL,'Ardabil','Eslamshahr',NULL,NULL,1),('ireuse3896','Daniel','Saunders','Daniel Saunders','09767579954',314704503,'ijcmuuzmw65847','Diploma','Psychology',NULL,NULL,'2016-10-06',NULL,'Kermanshah','Kaleybar',NULL,NULL,0),('irrcib5124','Robert','Taylor','Robert Taylor','09140847370',286822260,'nmitumtid6737','Master','Psychology',NULL,NULL,'2017-03-28',NULL,'Yazd','Babol',NULL,NULL,0),('irzfgr8917','Matthew','Olson','Matthew Olson','09855921068',348909909,'nkvphqayx80791','Bachelor','Business Administration',NULL,NULL,'2012-06-29',NULL,'Khuzestan','Karaj',NULL,NULL,0),('isvsnb8865','Eric','Galloway','Eric Galloway','09123544791',462226093,'kvhrowabv47630','Bachelor','Mechanical Engineering',NULL,NULL,'2011-12-27',NULL,'Isfahan','Maragheh',NULL,NULL,1),('iszgrx9435','Lindsay','Smith','Lindsay Smith','09334086174',198174495,'arnuzehbq77380','Ph.D.','Graphic Design',NULL,NULL,'2006-03-26',NULL,'Hormozgan','Lahijan',NULL,NULL,1),('iuwuqk5869','Deborah','Parsons','Deborah Parsons','09532472943',126464260,'jahlfidfo24738','Ph.D.','Business Administration',NULL,NULL,'2020-05-02',NULL,'Fars','Neyshabur',NULL,NULL,1),('ivgqnp7908','Dawn','Ellis','Dawn Ellis','09198682671',249224610,'amshcvpjo9908','Master','Physics',NULL,NULL,'2007-04-05',NULL,'Kermanshah','Tabriz',NULL,NULL,0),('ivpmon2979','Douglas','Hendricks','Douglas Hendricks','09270325198',7207100,'ngxfxxvfy32351','Ph.D.','Computer Science',NULL,NULL,'2018-12-02',NULL,'Kurdistan','Lahijan',NULL,NULL,0),('iwhzml7431','Carlos','Glass','Carlos Glass','09462177383',487841397,'cimrkocuo61557','Diploma','Mechanical Engineering',NULL,NULL,'2023-07-22',NULL,'Razavi Khorasan','Shahin Shahr',NULL,NULL,0),('iwivil9903','Dylan','Branch','Dylan Branch','09112045675',36272138,'ylqcgwbkc96180','Master','Sociology',NULL,NULL,'2010-10-04',NULL,'Yazd','Jahrom',NULL,NULL,1),('iwudvh7094','Benjamin','Johnson','Benjamin Johnson','09330433347',331851347,'tnzwdergm35714','Ph.D.','Physics',NULL,NULL,'2020-08-07',NULL,'Isfahan','Shahin Shahr',NULL,NULL,1),('iwzyom5856','Patrick','Wallace','Patrick Wallace','09877449742',99995878,'mwdwhjwmy95025','Master','Nursing',NULL,NULL,'2013-05-23',NULL,'East Azerbaijan','Shiraz',NULL,NULL,0),('ixkdwh6763','Angel','Haynes','Angel Haynes','09946488917',230636409,'ptydzzkww430','Master','Business Administration',NULL,NULL,'2005-05-10',NULL,'East Azerbaijan','Tehran',NULL,NULL,0),('iybyaa8116','Raymond','Stevens','Raymond Stevens','09654408609',365564429,'rfsgxmmbr87448','Master','English Literature',NULL,NULL,'2007-03-25',NULL,'Isfahan','Jahrom',NULL,NULL,1),('iycncm9291','Stacey','Johnson','Stacey Johnson','09540957119',341690816,'umumrqdso82341','Ph.D.','English Literature',NULL,NULL,'2021-10-09',NULL,'Yazd','Isfahan',NULL,NULL,1),('iyupls8918','Paul','Green','Paul Green','09144383915',66963483,'rrucuzqal53041','Master','Linguistics',NULL,NULL,'2023-10-26',NULL,'Lorestan','Bandar-e Anzali',NULL,NULL,1),('izvcer3757','Pam','Williams','Pam Williams','09180896100',398074870,'liqiisidd49181','Master','Political Science',NULL,NULL,'2023-08-19',NULL,'West Azerbaijan','Sari',NULL,NULL,0),('jafnak9201','Stacy','Mclaughlin','Stacy Mclaughlin','09330561993',55039438,'yjfblmspq76851','Diploma','English Literature',NULL,NULL,'2014-10-27',NULL,'Ardabil','Najafabad',NULL,NULL,0),('jbbpko3019','Nancy','Fox','Nancy Fox','09791557152',451807565,'mrrohhcyx55424','Bachelor','Nursing',NULL,NULL,'2019-01-29',NULL,'Fars','Tabriz',NULL,NULL,1),('jbcckq3761','Teresa','Jimenez','Teresa Jimenez','09234070621',465557,'mgazrdwzy84050','Master','Physics',NULL,NULL,'2011-07-11',NULL,'East Azerbaijan','Kerman',NULL,NULL,1),('jbrqdf3711','Alejandro','Jones','Alejandro Jones','09914901087',344652398,'tzriqsmyk26804','Bachelor','Chemistry',NULL,NULL,'2019-01-15',NULL,'Lorestan','Lahijan',NULL,NULL,1),('jcegfz9017','Karen','Green','Karen Green','09296405668',208918667,'zbvunaojs36500','Ph.D.','Physics',NULL,NULL,'2006-04-01',NULL,'Razavi Khorasan','Shahin Shahr',NULL,NULL,0),('jcifyw1972','David','Baker','David Baker','09837494518',46691030,'dzbtzedzp48190','Master','Civil Engineering',NULL,NULL,'2018-01-14',NULL,'Mazandaran','Rasht',NULL,NULL,0),('jcvzob7995','Marissa','Rush','Marissa Rush','09775485183',438238964,'tvhvwlbjo64060','Diploma','Architecture',NULL,NULL,'2013-07-07',NULL,'Yazd','Neyshabur',NULL,NULL,0),('jcyjjv8755','Charles','Ramos','Charles Ramos','09158618412',131519450,'dbfkazags51426','Ph.D.','Computer Science',NULL,NULL,'2014-07-22',NULL,'Fars','Shahin Shahr',NULL,NULL,1),('jdqiav7484','Cynthia','Walker','Cynthia Walker','09939248531',330818566,'btlqqcxci32938','Master','Chemistry',NULL,NULL,'2014-12-04',NULL,'Bushehr','Jahrom',NULL,NULL,1),('jduftm2658','Christopher','Yates','Christopher Yates','09328679442',81464312,'rivgwpoes7042','Diploma','Mechanical Engineering',NULL,NULL,'2023-12-22',NULL,'Fars','Ahvaz',NULL,NULL,0),('jdwwaf5075','Stephanie','Cooper','Stephanie Cooper','09122024923',85668505,'ulsboslzy68622','Diploma','Business Administration',NULL,NULL,'2015-12-21',NULL,'East Azerbaijan','Urmia',NULL,NULL,0),('jepmat6288','Andrew','Martin','Andrew Martin','09616335878',90131351,'ifzwtewfd2162','Master','Civil Engineering',NULL,NULL,'2005-04-18',NULL,'Kurdistan','Shahin Shahr',NULL,NULL,0),('jesxit8834','Erin','Villarreal','Erin Villarreal','09450939075',134372991,'wqkaznaio73030','Master','Nursing',NULL,NULL,'2008-11-14',NULL,'Golestan','Sabzevar',NULL,NULL,1),('jfbiuh3274','Pamela','Mason','Pamela Mason','09798811948',409996559,'mdurvmttj81563','Diploma','Electrical Engineering',NULL,NULL,'2006-06-14',NULL,'Hormozgan','Shahin Shahr',NULL,NULL,0),('jfhzjj6458','Michael','Smith','Michael Smith','09438777437',132068691,'opawrvjcv23451','Diploma','English Literature',NULL,NULL,'2021-08-21',NULL,'Kurdistan','Maragheh',NULL,NULL,1),('jgoccm2052','Julian','Smith','Julian Smith','09265746919',472202385,'ejuhzrtbd26974','Diploma','Mathematics',NULL,NULL,'2009-04-01',NULL,'Gilan','Rasht',NULL,NULL,1),('jgsltq4738','Lindsay','Diaz','Lindsay Diaz','09119477432',8877659,'wlusgpvdc29696','Bachelor','Chemistry',NULL,NULL,'2018-05-22',NULL,'East Azerbaijan','Babol',NULL,NULL,0),('jguxam3553','William','Walker','William Walker','09181432474',109688589,'fbzjdrtfl4654','Master','History',NULL,NULL,'2010-04-18',NULL,'Hamedan','Karaj',NULL,NULL,0),('jhnalb1153','Brenda','Davis','Brenda Davis','09617341865',228564716,'hnmghcuay6644','Ph.D.','Electrical Engineering',NULL,NULL,'2008-12-21',NULL,'Lorestan','Maragheh',NULL,NULL,1),('jiarsc7261','Jillian','Hensley','Jillian Hensley','09183815967',382137501,'rotgextsl84993','Ph.D.','Architecture',NULL,NULL,'2017-08-04',NULL,'Ardabil','Maragheh',NULL,NULL,1),('jiikdb5824','Kristine','Moore','Kristine Moore','09893226365',457301742,'lwbdoaobr82370','Diploma','Political Science',NULL,NULL,'2017-11-30',NULL,'Isfahan','Najafabad',NULL,NULL,1),('jiruiu4921','Krystal','Graves','Krystal Graves','09589332508',343150248,'vnxojowit61165','Master','Civil Engineering',NULL,NULL,'2018-01-23',NULL,'Yazd','Kaleybar',NULL,NULL,1),('jiuedt8780','Ashlee','Schneider','Ashlee Schneider','09258859849',454253539,'ngqtsxvjp67454','Bachelor','English Literature',NULL,NULL,'2005-11-29',NULL,'Mazandaran','Karaj',NULL,NULL,0),('jjlvvc1807','Debbie','Hill','Debbie Hill','09559772769',439208784,'nboikmntk85193','Master','Architecture',NULL,NULL,'2020-12-21',NULL,'Kerman','Marvdasht',NULL,NULL,0),('jkdmhk1897','Patrick','Nguyen','Patrick Nguyen','09747247069',363519804,'jtcgbtqen30782','Bachelor','English Literature',NULL,NULL,'2017-11-25',NULL,'Lorestan','Sirjan',NULL,NULL,1),('jkqsul6711','Jordan','Mcfarland','Jordan Mcfarland','09470225184',127021929,'ibdllrunt45502','Diploma','Civil Engineering',NULL,NULL,'2023-11-27',NULL,'Golestan','Dezful',NULL,NULL,1),('jlmwvz5655','Mark','Thompson','Mark Thompson','09604800504',238261118,'ydvhwsmwo89649','Bachelor','Nursing',NULL,NULL,'2012-01-29',NULL,'Markazi','Rasht',NULL,NULL,0),('jmodnw7693','Sean','Duncan','Sean Duncan','09891145866',386619797,'dhwhpxtmn23125','Ph.D.','Environmental Science',NULL,NULL,'2013-09-13',NULL,'Kerman','Isfahan',NULL,NULL,1),('jndilx6203','John','Delacruz','John Delacruz','09918885440',280297328,'hzyojyqtn12315','Bachelor','Civil Engineering',NULL,NULL,'2005-11-30',NULL,'Golestan','Bandar-e Anzali',NULL,NULL,0),('jnfuxf4885','Carol','Vazquez','Carol Vazquez','09462486395',355451206,'rxhlosczx92392','Master','Sociology',NULL,NULL,'2018-10-26',NULL,'Golestan','Sabzevar',NULL,NULL,1),('jnsxwy5264','Lawrence','Thompson','Lawrence Thompson','09789635878',414974101,'qmnvpfpxf27278','Bachelor','Linguistics',NULL,NULL,'2009-01-22',NULL,'Kermanshah','Shahin Shahr',NULL,NULL,1),('johwlj2878','Tamara','Garcia','Tamara Garcia','09730263114',424277530,'ycdpqczqx41321','Master','Mathematics',NULL,NULL,'2005-12-01',NULL,'Mazandaran','Marvdasht',NULL,NULL,0),('jpjiow4732','Jeffrey','Morris','Jeffrey Morris','09601340357',236735683,'upanmetjz82639','Bachelor','Environmental Science',NULL,NULL,'2012-03-13',NULL,'Mazandaran','Kerman',NULL,NULL,0),('jpllja5418','Carol','Harris','Carol Harris','09907504134',44718937,'ksisirjju21263','Bachelor','Graphic Design',NULL,NULL,'2007-09-07',NULL,'Tehran','Tabriz',NULL,NULL,1),('jquaol3524','Gina','Fleming','Gina Fleming','09734112945',410133074,'hpjhtcncx88143','Master','Electrical Engineering',NULL,NULL,'2009-06-03',NULL,'Hormozgan','Shahin Shahr',NULL,NULL,0),('jqyjph6813','Laurie','Morris','Laurie Morris','09641244434',242969089,'fhlnxezov11492','Diploma','Graphic Design',NULL,NULL,'2008-07-05',NULL,'Kermanshah','Sirjan',NULL,NULL,1),('jrcbot4838','Donald','Thompson','Donald Thompson','09688051138',434682704,'rdtvpyetd36052','Master','Physics',NULL,NULL,'2019-08-29',NULL,'Yazd','Rasht',NULL,NULL,1),('jrdvoz8956','Lauren','Williams','Lauren Williams','09418127993',228322312,'hismwnhmq46266','Diploma','English Literature',NULL,NULL,'2010-10-18',NULL,'Isfahan','Marvdasht',NULL,NULL,0),('jrmccq8087','Noah','Ferguson','Noah Ferguson','09508730602',259395198,'xvvbggcvu70086','Ph.D.','Mathematics',NULL,NULL,'2007-05-01',NULL,'Markazi','Kaleybar',NULL,NULL,1),('jsatpc4376','Jesse','Stephenson','Jesse Stephenson','09512097642',137910966,'xtwlpmjle14411','Master','Economics',NULL,NULL,'2012-04-11',NULL,'Golestan','Karaj',NULL,NULL,0),('jsvqfb8156','Paula','Smith','Paula Smith','09902398618',196162939,'whzsjvjvs52905','Master','Mathematics',NULL,NULL,'2019-01-12',NULL,'West Azerbaijan','Eslamshahr',NULL,NULL,1),('jtcluw6806','Logan','Gill','Logan Gill','09776729250',258417314,'gqghxnjra94744','Ph.D.','Computer Science',NULL,NULL,'2019-12-21',NULL,'Kermanshah','Urmia',NULL,NULL,1),('jtomjt8336','Haley','Hopkins','Haley Hopkins','09837020316',465649910,'iczfncytw83481','Bachelor','Economics',NULL,NULL,'2023-12-19',NULL,'Bushehr','Sari',NULL,NULL,1),('jtonqr2704','Jacob','Brown','Jacob Brown','09831574259',184555887,'qroygksrg18847','Ph.D.','Mathematics',NULL,NULL,'2020-07-08',NULL,'Mazandaran','Dezful',NULL,NULL,0),('jubxpb2136','Eric','Jackson','Eric Jackson','09644243438',497826890,'xetgqhvpp28889','Master','Economics',NULL,NULL,'2012-06-13',NULL,'Tehran','Shiraz',NULL,NULL,0),('juczxi9474','Thomas','Harrison','Thomas Harrison','09142813327',20027602,'gvjbetlrv45929','Ph.D.','History',NULL,NULL,'2022-09-26',NULL,'East Azerbaijan','Tabriz',NULL,NULL,1),('jupeck3262','Omar','Garcia','Omar Garcia','09166148548',97509443,'tbeojnrjl30875','Ph.D.','Civil Engineering',NULL,NULL,'2008-02-13',NULL,'West Azerbaijan','Mashhad',NULL,NULL,0),('juvbth8829','Christina','Vincent','Christina Vincent','09212526659',274035873,'pcusshgcw62921','Ph.D.','Mathematics',NULL,NULL,'2009-04-05',NULL,'Bushehr','Sabzevar',NULL,NULL,1),('jvqiry2500','Justin','Johnston','Justin Johnston','09747997376',161135292,'wbrjoenqt84766','Diploma','Political Science',NULL,NULL,'2022-04-14',NULL,'Isfahan','Isfahan',NULL,NULL,0),('jwmbye6738','Teresa','Cook','Teresa Cook','09878441286',208679617,'bidagcfxc8121','Master','Civil Engineering',NULL,NULL,'2018-05-09',NULL,'Kerman','Isfahan',NULL,NULL,1),('jwzlca3343','Michelle','Kim','Michelle Kim','09677036857',273129935,'pwkyalwek67219','Master','Graphic Design',NULL,NULL,'2005-10-18',NULL,'Hormozgan','Karaj',NULL,NULL,1),('jxbcwc5451','Ashley','Mathews','Ashley Mathews','09641152809',452182487,'dhqwpablt84384','Diploma','Computer Science',NULL,NULL,'2009-10-12',NULL,'Mazandaran','Rasht',NULL,NULL,0),('jxoujy7476','Henry','Gill','Henry Gill','09670056501',214047707,'jewpkubbf71685','Ph.D.','Electrical Engineering',NULL,NULL,'2016-09-06',NULL,'Golestan','Kaleybar',NULL,NULL,1),('jynexp5420','Amanda','Whitney','Amanda Whitney','09513402386',498589482,'fajerdxai78490','Bachelor','Linguistics',NULL,NULL,'2013-09-17',NULL,'Kurdistan','Eslamshahr',NULL,NULL,1),('kaxrxr2202','Sarah','Smith','Sarah Smith','09226519580',247627818,'tpdvmaxtw79789','Ph.D.','Mechanical Engineering',NULL,NULL,'2022-03-18',NULL,'Markazi','Najafabad',NULL,NULL,0),('kbephp1823','Casey','Kramer','Casey Kramer','09117307383',356090452,'fkiagkehc16732','Ph.D.','English Literature',NULL,NULL,'2009-09-10',NULL,'East Azerbaijan','Shahin Shahr',NULL,NULL,0),('kcuelu7342','Diane','Murphy','Diane Murphy','09676659235',299946489,'ixztkucza74929','Ph.D.','Business Administration',NULL,NULL,'2011-07-05',NULL,'Gilan','Eslamshahr',NULL,NULL,0),('kdueok2806','Timothy','Perez','Timothy Perez','09651896599',405293251,'nxznrhpuv24073','Diploma','Environmental Science',NULL,NULL,'2005-11-20',NULL,'Gilan','Lahijan',NULL,NULL,1),('kewxkw4361','Gregory','Rhodes','Gregory Rhodes','09487329295',309736441,'rvkdacxzd37607','Bachelor','English Literature',NULL,NULL,'2007-02-03',NULL,'East Azerbaijan','Najafabad',NULL,NULL,0),('kfnqmt4943','Jonathan','Waters','Jonathan Waters','09132415716',99333389,'wdnvexsve47419','Ph.D.','Architecture',NULL,NULL,'2021-10-20',NULL,'Razavi Khorasan','Kaleybar',NULL,NULL,1),('kfnute3601','Jeffery','Taylor','Jeffery Taylor','09993912051',319949795,'fkfhvosrw39230','Ph.D.','Chemistry',NULL,NULL,'2018-02-15',NULL,'Bushehr','Urmia',NULL,NULL,0),('kftxgd7091','Kevin','Cole','Kevin Cole','09930664596',14981662,'tpphokksv89122','Master','Chemistry',NULL,NULL,'2015-06-14',NULL,'Ardabil','Shahin Shahr',NULL,NULL,0),('kfvmik1821','Mark','Berg','Mark Berg','09104277287',164866365,'rbjnxihyz42079','Diploma','Sociology',NULL,NULL,'2008-03-18',NULL,'Bushehr','Sari',NULL,NULL,0),('kgcemg9798','Christine','Leon','Christine Leon','09497711826',405232716,'swxgfktib61729','Ph.D.','Mathematics',NULL,NULL,'2011-12-01',NULL,'Lorestan','Neyshabur',NULL,NULL,1),('kgjnow3519','Krystal','Gordon','Krystal Gordon','09888410796',448202578,'utqnjqouw66470','Ph.D.','History',NULL,NULL,'2023-06-12',NULL,'Markazi','Rasht',NULL,NULL,0),('khgysy3460','Kevin','Carey','Kevin Carey','09483071984',287433200,'xbdvuaxju30149','Bachelor','Political Science',NULL,NULL,'2021-03-02',NULL,'West Azerbaijan','Sabzevar',NULL,NULL,0),('khjsbt4655','Mr.','Adam','Mr. Adam','09585644966',189503975,'bpmqwfzdd25567','Bachelor','Sociology',NULL,NULL,'2012-06-10',NULL,'Yazd','Kaleybar',NULL,NULL,1),('khnqzw9003','Andrew','Ortiz','Andrew Ortiz','09736371959',354022105,'ickyuvxrj13682','Bachelor','Economics',NULL,NULL,'2007-08-09',NULL,'Tehran','Lahijan',NULL,NULL,1),('kifpep7001','Joseph','English','Joseph English','09984007127',266186057,'kawvefkin68766','Ph.D.','Architecture',NULL,NULL,'2012-05-11',NULL,'Kermanshah','Marvdasht',NULL,NULL,0),('kifpzs7393','Pamela','Morris','Pamela Morris','09524822089',468388828,'dtvhesshg43685','Diploma','Civil Engineering',NULL,NULL,'2010-08-18',NULL,'West Azerbaijan','Isfahan',NULL,NULL,0),('kiopiv4571','Diane','Robinson','Diane Robinson','09224109376',218842012,'nvaishegy59623','Master','Chemistry',NULL,NULL,'2017-04-03',NULL,'Hamedan','Karaj',NULL,NULL,1),('kiyeiy2384','Kristen','Lopez','Kristen Lopez','09654352262',45059687,'xesevyydu21876','Ph.D.','Architecture',NULL,NULL,'2021-09-19',NULL,'Kermanshah','Shiraz',NULL,NULL,1),('kjgdch1748','Katherine','Gregory','Katherine Gregory','09627145347',31621809,'iuwcmovzp52643','Ph.D.','Linguistics',NULL,NULL,'2014-06-03',NULL,'West Azerbaijan','Rafsanjan',NULL,NULL,1),('kjxtkd7596','Scott','Gutierrez','Scott Gutierrez','09707169237',377805508,'aifzrjcku29509','Bachelor','Graphic Design',NULL,NULL,'2017-09-18',NULL,'Yazd','Bandar-e Anzali',NULL,NULL,1),('klhmth9274','Mariah','Smith','Mariah Smith','09629197324',112928937,'rpcltkayv59903','Master','Chemistry',NULL,NULL,'2009-07-19',NULL,'Mazandaran','Sabzevar',NULL,NULL,1),('kllpro7059','Charles','Diaz','Charles Diaz','09969891725',155606821,'niibhdxnt39540','Bachelor','Mechanical Engineering',NULL,NULL,'2012-10-30',NULL,'Razavi Khorasan','Najafabad',NULL,NULL,0),('kmpygl3548','Michael','Miller','Michael Miller','09393342002',470455618,'hspippsag50368','Diploma','English Literature',NULL,NULL,'2012-08-03',NULL,'Razavi Khorasan','Urmia',NULL,NULL,0),('kmtkls5998','Tamara','Alexander','Tamara Alexander','09616110436',254039614,'fynbipgyo30464','Master','Linguistics',NULL,NULL,'2007-01-19',NULL,'East Azerbaijan','Lahijan',NULL,NULL,1),('korpml2990','Joseph','Long','Joseph Long','09687255971',215794311,'jbnxzhsdz26576','Master','Economics',NULL,NULL,'2006-07-23',NULL,'Kermanshah','Karaj',NULL,NULL,0),('kpauhm1265','Michael','Thomas','Michael Thomas','09824739758',275644701,'cokczqajy43717','Ph.D.','Civil Engineering',NULL,NULL,'2015-12-18',NULL,'Bushehr','Najafabad',NULL,NULL,1),('kpxgct9578','Dale','Tanner','Dale Tanner','09182688646',444018978,'jvzwiyzgm82862','Master','Political Science',NULL,NULL,'2014-05-02',NULL,'Mazandaran','Marvdasht',NULL,NULL,1),('kqpgsn3748','Edward','King','Edward King','09266367407',86062402,'ckeotylxw52959','Diploma','Nursing',NULL,NULL,'2012-03-09',NULL,'Kurdistan','Eslamshahr',NULL,NULL,0),('kqujlr6252','Jeffery','Shields','Jeffery Shields','09419109592',269267872,'xuuerxdyb39202','Ph.D.','Business Administration',NULL,NULL,'2005-11-08',NULL,'Bushehr','Kaleybar',NULL,NULL,0),('krdjgy4072','Russell','Gardner','Russell Gardner','09764023266',76881022,'ahgtmstqe81558','Diploma','Biology',NULL,NULL,'2013-02-09',NULL,'East Azerbaijan','Marvdasht',NULL,NULL,0),('krmkex9415','Erin','Jordan','Erin Jordan','09647212395',392862097,'qsrtyjjjy74015','Bachelor','Graphic Design',NULL,NULL,'2013-02-10',NULL,'Lorestan','Isfahan',NULL,NULL,1),('kryddg9012','Michelle','Powell','Michelle Powell','09838495113',271008634,'fqhhiskvk3049','Ph.D.','Chemistry',NULL,NULL,'2016-01-21',NULL,'Kurdistan','Sabzevar',NULL,NULL,0),('ksmpwl6335','Ryan','Gray','Ryan Gray','09291777214',61033824,'eneqovbfx36347','Bachelor','Civil Engineering',NULL,NULL,'2018-05-12',NULL,'East Azerbaijan','Marvdasht',NULL,NULL,1),('ksrhdr4237','Justin','Summers','Justin Summers','09675082924',277981385,'zaulvydnl41810','Master','Civil Engineering',NULL,NULL,'2012-10-03',NULL,'Fars','Shahin Shahr',NULL,NULL,0),('ksvclj2465','Tammy','Pollard','Tammy Pollard','09355468161',83982872,'qwejaidbk11574','Bachelor','Linguistics',NULL,NULL,'2009-10-08',NULL,'East Azerbaijan','Najafabad',NULL,NULL,0),('ksyikg3388','Craig','Ward','Craig Ward','09614109215',317259733,'zwtyxoyph16253','Diploma','Biology',NULL,NULL,'2006-11-19',NULL,'Khuzestan','Kaleybar',NULL,NULL,0),('ktwdcb4602','Joshua','Green','Joshua Green','09938173393',252700206,'dzpawkrew88532','Master','Psychology',NULL,NULL,'2019-08-24',NULL,'Markazi','Maragheh',NULL,NULL,1),('kuamch9749','Patrick','Myers','Patrick Myers','09664759017',302024651,'nevojcegv67205','Ph.D.','Biology',NULL,NULL,'2009-03-27',NULL,'Razavi Khorasan','Shahin Shahr',NULL,NULL,0),('kvgvdn5267','Jason','Leblanc','Jason Leblanc','09762852623',319461361,'ewnpctuov31827','Ph.D.','Architecture',NULL,NULL,'2018-12-09',NULL,'West Azerbaijan','Shiraz',NULL,NULL,1),('kvqkjh4965','Matthew','Alexander','Matthew Alexander','09835893940',91392608,'cvmghvzpt97987','Diploma','Chemistry',NULL,NULL,'2022-05-21',NULL,'Fars','Shahin Shahr',NULL,NULL,0),('kwfsls3987','Anthony','Castro','Anthony Castro','09166193581',223752193,'lemgilzmr8895','Ph.D.','Political Science',NULL,NULL,'2017-05-26',NULL,'Gilan','Shahin Shahr',NULL,NULL,0),('kwfsur1850','Judith','Nichols','Judith Nichols','09319242471',493518790,'jcignwrii24747','Master','Environmental Science',NULL,NULL,'2014-10-08',NULL,'West Azerbaijan','Sabzevar',NULL,NULL,1),('kwhcwz6135','Marie','Robinson','Marie Robinson','09353156505',483172096,'hjrjwubvl16718','Bachelor','Civil Engineering',NULL,NULL,'2015-12-07',NULL,'Kermanshah','Kerman',NULL,NULL,0),('kwrlkx1903','Joshua','Harris','Joshua Harris','09719669834',54145326,'oygzmuqih23995','Bachelor','Graphic Design',NULL,NULL,'2017-04-07',NULL,'Fars','Marvdasht',NULL,NULL,0),('kwwnal6245','Samantha','Pacheco','Samantha Pacheco','09913454570',329914077,'rkuyhzdfq18718','Bachelor','Mechanical Engineering',NULL,NULL,'2010-01-24',NULL,'Hamedan','Isfahan',NULL,NULL,1),('kxjlrb6670','Angie','Rodriguez','Angie Rodriguez','09646188409',409040909,'hxlxlxcsf23382','Ph.D.','Political Science',NULL,NULL,'2006-03-09',NULL,'Lorestan','Tehran',NULL,NULL,0),('kxpjlb3061','Robert','Joseph','Robert Joseph','09596663514',49995135,'ucprpdbjg40785','Master','Graphic Design',NULL,NULL,'2022-02-16',NULL,'Fars','Maragheh',NULL,NULL,0),('kxptee9977','Todd','Clayton','Todd Clayton','09980025313',284072351,'mthnfslyf55506','Bachelor','Sociology',NULL,NULL,'2019-02-22',NULL,'Kermanshah','Abadan',NULL,NULL,1),('kyfxmh1483','Lance','Cook','Lance Cook','09212168627',471927367,'dllaxyzbq62187','Ph.D.','Biology',NULL,NULL,'2010-02-26',NULL,'Ardabil','Bandar-e Anzali',NULL,NULL,0),('kykhbl6567','Mrs.','Kristy','Mrs. Kristy','09179366587',402011392,'xyshpceuh86977','Ph.D.','Mechanical Engineering',NULL,NULL,'2015-09-26',NULL,'Ardabil','Shiraz',NULL,NULL,0),('kymlvq3189','Shawn','Jones','Shawn Jones','09756493320',127606610,'lzocoovcm81123','Diploma','Sociology',NULL,NULL,'2019-01-26',NULL,'Kurdistan','Sari',NULL,NULL,0),('kzuhbp2586','Debra','Walker','Debra Walker','09907815627',421762311,'vjagdumuz12495','Diploma','English Literature',NULL,NULL,'2022-10-25',NULL,'Ardabil','Rafsanjan',NULL,NULL,1),('kzvsaw7697','Deborah','Jackson','Deborah Jackson','09248783239',215003034,'biioseasx76295','Diploma','Mechanical Engineering',NULL,NULL,'2013-06-21',NULL,'Lorestan','Jahrom',NULL,NULL,0),('laausf6486','John','Williams','John Williams','09623673994',120095509,'bdksilzsl19471','Ph.D.','Biology',NULL,NULL,'2010-06-28',NULL,'Isfahan','Maragheh',NULL,NULL,0),('lbnhry7404','Kenneth','Boyd','Kenneth Boyd','09993490562',417351053,'ylxfisujx25525','Bachelor','Mechanical Engineering',NULL,NULL,'2023-12-27',NULL,'Markazi','Karaj',NULL,NULL,0),('lboldi7201','Jessica','Shepard','Jessica Shepard','09724936301',347139028,'dkkdthbeq61666','Bachelor','Psychology',NULL,NULL,'2016-08-23',NULL,'Razavi Khorasan','Abadan',NULL,NULL,0),('lbreps7871','Dr.','Karen','Dr. Karen','09630312299',170651807,'hcmukffut82741','Bachelor','Architecture',NULL,NULL,'2006-05-18',NULL,'East Azerbaijan','Sari',NULL,NULL,1),('lceahh1590','Sarah','Pearson','Sarah Pearson','09942395025',118559754,'zcsxyzovy59236','Master','Psychology',NULL,NULL,'2008-07-06',NULL,'Hormozgan','Sari',NULL,NULL,1),('lcytyz3575','Jennifer','Ray','Jennifer Ray','09544277812',458075074,'kouuktmii84613','Ph.D.','Linguistics',NULL,NULL,'2016-07-20',NULL,'Hormozgan','Eslamshahr',NULL,NULL,0),('ldxped5837','Nathan','Hall','Nathan Hall','09924910909',305161924,'pxylraqtk2584','Ph.D.','Nursing',NULL,NULL,'2008-05-12',NULL,'Hamedan','Neyshabur',NULL,NULL,0),('lebfof2580','James','Miller','James Miller','09360819962',484931599,'cplmclhrs48461','Ph.D.','Mathematics',NULL,NULL,'2009-02-23',NULL,'Fars','Kaleybar',NULL,NULL,1),('lecqie1892','Molly','Guzman','Molly Guzman','09439118864',172135323,'hwvjfsrqt38569','Bachelor','Nursing',NULL,NULL,'2020-11-18',NULL,'Razavi Khorasan','Lahijan',NULL,NULL,0),('leetyp6847','Cynthia','Meyer','Cynthia Meyer','09170848612',40399118,'aoolpdjtc43044','Diploma','Electrical Engineering',NULL,NULL,'2021-05-12',NULL,'Golestan','Ahvaz',NULL,NULL,1),('levtzv1996','Michael','Jacobs','Michael Jacobs','09164654370',395496117,'phpyhsmof2005','Master','History',NULL,NULL,'2005-11-11',NULL,'Fars','Amol',NULL,NULL,1),('lfmwor2202','Ernest','Holloway','Ernest Holloway','09879545359',110238766,'pozgfujte54857','Bachelor','Electrical Engineering',NULL,NULL,'2014-10-22',NULL,'Tehran','Tabriz',NULL,NULL,1),('lgoadx7891','Tiffany','Everett','Tiffany Everett','09846793472',118863574,'hhmhgbpuk81587','Ph.D.','Linguistics',NULL,NULL,'2019-09-24',NULL,'Kermanshah','Najafabad',NULL,NULL,1),('lgpupo2548','Rachel','Moses','Rachel Moses','09880322034',60443964,'vseezohvy61465','Diploma','Chemistry',NULL,NULL,'2012-10-18',NULL,'Tehran','Mahabad',NULL,NULL,0),('lgrfgv7544','Patricia','May','Patricia May','09548633975',173016862,'xnxqzllol3962','Diploma','Mathematics',NULL,NULL,'2009-06-12',NULL,'Bushehr','Mahabad',NULL,NULL,0),('lgsijj4136','Brian','Larsen','Brian Larsen','09166385614',147221984,'vbogeutwt63573','Diploma','Political Science',NULL,NULL,'2013-07-28',NULL,'Kerman','Shiraz',NULL,NULL,1),('lguncr8245','Mackenzie','Sims','Mackenzie Sims','09512264559',122181329,'wdclbsebu46538','Bachelor','Nursing',NULL,NULL,'2006-09-01',NULL,'Khuzestan','Mashhad',NULL,NULL,0),('lhczip5633','Daniel','Smith','Daniel Smith','09179428666',248339093,'xlbwtessl92786','Bachelor','Environmental Science',NULL,NULL,'2015-03-15',NULL,'East Azerbaijan','Isfahan',NULL,NULL,1),('lhfcdv6662','Ruth','Ross','Ruth Ross','09417762850',166486360,'yfgtsqutv65819','Bachelor','Linguistics',NULL,NULL,'2020-03-02',NULL,'Kermanshah','Rasht',NULL,NULL,0),('lhujze2278','Randy','May','Randy May','09531908624',252531206,'jaydaggiq67090','Diploma','Civil Engineering',NULL,NULL,'2007-06-26',NULL,'Bushehr','Shiraz',NULL,NULL,1),('lhxafm4743','Jessica','Harris','Jessica Harris','09498964032',64137184,'aqnyznuho6897','Diploma','Civil Engineering',NULL,NULL,'2021-12-28',NULL,'Kurdistan','Karaj',NULL,NULL,0),('liqxie2812','Anna','Pugh','Anna Pugh','09599888422',409351287,'pxofmxrvm67672','Bachelor','Physics',NULL,NULL,'2011-08-20',NULL,'Gilan','Tehran',NULL,NULL,0),('ljttto3263','Elizabeth','Miller','Elizabeth Miller','09529667912',402125970,'yhcuxnczn5692','Master','Mechanical Engineering',NULL,NULL,'2015-09-13',NULL,'Isfahan','Ahvaz',NULL,NULL,0),('ljtzut4584','Rose','Frazier','Rose Frazier','09328199905',356735290,'aogjhvnnx16412','Bachelor','Computer Science',NULL,NULL,'2011-04-04',NULL,'Markazi','Kaleybar',NULL,NULL,0),('lkbyaf6654','Lisa','Jones','Lisa Jones','09366621956',354472739,'xdmsvomhd93018','Ph.D.','Nursing',NULL,NULL,'2022-10-09',NULL,'Kerman','Lahijan',NULL,NULL,1),('lkjpxg8555','Tony','Olsen','Tony Olsen','09694151774',9041798,'jnlyipckd48978','Bachelor','Linguistics',NULL,NULL,'2020-02-09',NULL,'West Azerbaijan','Isfahan',NULL,NULL,1),('lkwica4638','Ashley','Stephens','Ashley Stephens','09998901014',109220851,'upwhxpsbv10509','Diploma','Environmental Science',NULL,NULL,'2007-11-19',NULL,'East Azerbaijan','Isfahan',NULL,NULL,1),('lllvbp7074','Kurt','Jackson','Kurt Jackson','09819796448',58040493,'slvcttrsc56459','Master','Linguistics',NULL,NULL,'2008-05-18',NULL,'East Azerbaijan','Khoy',NULL,NULL,0),('llzfou6416','Ashley','Horne','Ashley Horne','09678942593',466914207,'yfficxdim13394','Ph.D.','Sociology',NULL,NULL,'2008-09-14',NULL,'Gilan','Sabzevar',NULL,NULL,0),('lmggte5082','Isaac','Gonzalez','Isaac Gonzalez','09695142779',245103905,'hwmqmbzyy63413','Ph.D.','Architecture',NULL,NULL,'2011-05-01',NULL,'West Azerbaijan','Sirjan',NULL,NULL,1),('lmvrek6973','Zachary','Santiago','Zachary Santiago','09695751610',349481043,'vqxslveeq63620','Diploma','Biology',NULL,NULL,'2014-09-10',NULL,'Tehran','Sirjan',NULL,NULL,1),('lnscgb1335','Joel','Hudson','Joel Hudson','09525561149',124509404,'jdtaatosc80091','Ph.D.','Mathematics',NULL,NULL,'2011-09-13',NULL,'Gilan','Mashhad',NULL,NULL,1),('lobeal1276','Carolyn','Gibson','Carolyn Gibson','09608953518',314774212,'eixpthuhq15074','Diploma','History',NULL,NULL,'2021-07-26',NULL,'Lorestan','Mashhad',NULL,NULL,0),('lopibx2901','Nathan','Vang','Nathan Vang','09841462274',260311141,'adujrwkvv93514','Master','Political Science',NULL,NULL,'2007-08-02',NULL,'Kerman','Jahrom',NULL,NULL,1),('lorhir6892','Dr.','Jamie','Dr. Jamie','09106643668',148328851,'mpvsxsous53671','Bachelor','Psychology',NULL,NULL,'2007-09-10',NULL,'Isfahan','Marvdasht',NULL,NULL,0),('lpazuu1595','Sara','Lewis','Sara Lewis','09917055602',348157141,'ptxgjmwvw71944','Master','Nursing',NULL,NULL,'2011-03-15',NULL,'Lorestan','Tabriz',NULL,NULL,1),('lphfel1668','Anthony','King','Anthony King','09772200265',336180186,'dybhgkoke72899','Master','Architecture',NULL,NULL,'2011-07-29',NULL,'Hamedan','Tabriz',NULL,NULL,0),('lpitoj5357','Andrea','Smith','Andrea Smith','09311733327',414858462,'mbmkehtki41763','Diploma','Biology',NULL,NULL,'2006-06-15',NULL,'Isfahan','Sari',NULL,NULL,0),('lqruys2704','Crystal','Gonzalez','Crystal Gonzalez','09323125552',145765216,'gasmbrlnk98932','Diploma','Computer Science',NULL,NULL,'2015-01-04',NULL,'Kermanshah','Sabzevar',NULL,NULL,0),('lrztrf2000','Carol','Smith','Carol Smith','09400752948',76697319,'pxqtjjoya87365','Master','Physics',NULL,NULL,'2015-04-10',NULL,'Razavi Khorasan','Shahin Shahr',NULL,NULL,1),('lsdgcl6994','Melanie','Meyer','Melanie Meyer','09166993335',49639017,'qeyndewho78614','Master','Business Administration',NULL,NULL,'2017-06-12',NULL,'Bushehr','Tehran',NULL,NULL,1),('lsggvf7594','Jonathan','Parker','Jonathan Parker','09724836326',176126569,'agqgtsdkc17051','Diploma','Civil Engineering',NULL,NULL,'2016-11-23',NULL,'Kerman','Neyshabur',NULL,NULL,0),('ltjdnz6484','Lauren','Osborne','Lauren Osborne','09244628324',317728667,'zjfxpzymu31907','Diploma','Chemistry',NULL,NULL,'2019-08-27',NULL,'Fars','Sabzevar',NULL,NULL,1),('ltswdb7637','John','Wilson','John Wilson','09130387732',62367300,'mclznrbqk42668','Diploma','Nursing',NULL,NULL,'2015-06-26',NULL,'Golestan','Tabriz',NULL,NULL,0),('ltuoxm4514','Steven','Nielsen','Steven Nielsen','09111651484',52030982,'xkwbozjop17258','Ph.D.','Computer Science',NULL,NULL,'2020-08-02',NULL,'Isfahan','Tehran',NULL,NULL,1),('ltvggk4944','William','Smith','William Smith','09678111483',134764914,'ktbpqiynf97214','Bachelor','Graphic Design',NULL,NULL,'2023-07-17',NULL,'Lorestan','Kaleybar',NULL,NULL,1),('luegel1623','Ashley','Davis','Ashley Davis','09397435222',306886907,'kkcexnzpm54376','Bachelor','Civil Engineering',NULL,NULL,'2009-10-26',NULL,'Yazd','Mahabad',NULL,NULL,1),('luizcn2574','Tonya','Carson','Tonya Carson','09936063562',425852811,'ncfpjeovp45027','Ph.D.','Chemistry',NULL,NULL,'2022-04-03',NULL,'Yazd','Lahijan',NULL,NULL,1),('lvuqzl1851','Patricia','Dougherty','Patricia Dougherty','09176446984',233142982,'iqdmsrykf37805','Ph.D.','Computer Science',NULL,NULL,'2018-12-29',NULL,'Gilan','Karaj',NULL,NULL,1),('lxbfmc8787','Michael','Walker','Michael Walker','09398157383',30109275,'liotehfwg11166','Diploma','Nursing',NULL,NULL,'2009-02-06',NULL,'Yazd','Isfahan',NULL,NULL,0),('lyfeaz1196','Arthur','Greene','Arthur Greene','09114820550',493035406,'whyfzdkjs49117','Bachelor','Physics',NULL,NULL,'2016-07-26',NULL,'Razavi Khorasan','Rafsanjan',NULL,NULL,1),('lyiwcr7942','David','Gonzales','David Gonzales','09995129527',351432138,'kmoaqovoq91262','Bachelor','Chemistry',NULL,NULL,'2007-09-21',NULL,'Golestan','Marvdasht',NULL,NULL,0),('lymdzh6516','Ashley','Briggs','Ashley Briggs','09124356299',103873658,'ewofmioag1260','Ph.D.','Chemistry',NULL,NULL,'2008-08-03',NULL,'Yazd','Urmia',NULL,NULL,0),('lyuxbv5801','Amanda','Key','Amanda Key','09962157657',466160164,'jauhmnehw16232','Bachelor','Linguistics',NULL,NULL,'2023-12-18',NULL,'Hormozgan','Tabriz',NULL,NULL,1),('lyxzxy5567','Misty','Cruz','Misty Cruz','09452148062',113063826,'sonkbzffb4464','Ph.D.','Civil Engineering',NULL,NULL,'2012-07-11',NULL,'East Azerbaijan','Shiraz',NULL,NULL,1),('lzhtko8292','Leslie','Hernandez','Leslie Hernandez','09630093164',354534779,'hfgoehqfd74683','Master','History',NULL,NULL,'2017-03-02',NULL,'Yazd','Maragheh',NULL,NULL,0),('lzwtiw7407','Ashley','Lopez','Ashley Lopez','09926531682',309455821,'crrblbyut16461','Ph.D.','Physics',NULL,NULL,'2013-06-06',NULL,'Mazandaran','Marvdasht',NULL,NULL,0),('lzxvpq8891','Joseph','Harmon','Joseph Harmon','09614189174',422676645,'eypsumeol58770','Bachelor','History',NULL,NULL,'2019-08-07',NULL,'Markazi','Marvdasht',NULL,NULL,0),('masypx8433','Sean','Robles','Sean Robles','09658049489',151751404,'itbugrfew37584','Ph.D.','Civil Engineering',NULL,NULL,'2013-01-18',NULL,'Tehran','Babol',NULL,NULL,1),('mbqity4293','Patrick','Brock','Patrick Brock','09110406432',141813577,'cdzbaxetz83660','Ph.D.','Physics',NULL,NULL,'2017-01-20',NULL,'Kermanshah','Isfahan',NULL,NULL,0),('mbwtid9716','George','Owens','George Owens','09732481811',393161783,'dtcalgdji86973','Ph.D.','Computer Science',NULL,NULL,'2014-11-20',NULL,'Tehran','Bandar-e Anzali',NULL,NULL,1),('mbyeid7296','Veronica','Farley','Veronica Farley','09550339687',435422981,'ljdglmqvi68844','Diploma','History',NULL,NULL,'2022-02-07',NULL,'Hormozgan','Shiraz',NULL,NULL,1),('mcazqk5915','Todd','Martinez','Todd Martinez','09105502333',399305473,'kfoerznhx26506','Ph.D.','Mathematics',NULL,NULL,'2015-09-12',NULL,'Kurdistan','Mashhad',NULL,NULL,1),('mcjhwz2285','Melinda','Woods','Melinda Woods','09605322741',91430140,'fqhlexjsd84212','Master','Psychology',NULL,NULL,'2010-08-14',NULL,'Ardabil','Jahrom',NULL,NULL,1),('mdqmvq3729','Allison','Poole','Allison Poole','09195070411',57662777,'hhxzzfkam34436','Bachelor','Computer Science',NULL,NULL,'2007-06-11',NULL,'Ardabil','Shahin Shahr',NULL,NULL,0),('mdryaw7149','Cheryl','Gilmore','Cheryl Gilmore','09903871023',370302278,'gzvefvicw2065','Master','Linguistics',NULL,NULL,'2016-01-29',NULL,'Lorestan','Isfahan',NULL,NULL,0),('megtag4361','Chase','Gonzalez','Chase Gonzalez','09164118651',442025590,'jqvoxhgfk7979','Bachelor','Graphic Design',NULL,NULL,'2021-06-10',NULL,'West Azerbaijan','Ahvaz',NULL,NULL,1),('mekbbr9886','Stephanie','Stewart','Stephanie Stewart','09312103595',208042887,'tghkzkxlc88692','Bachelor','English Literature',NULL,NULL,'2010-02-08',NULL,'Razavi Khorasan','Tehran',NULL,NULL,0),('merdsc9305','Joshua','Hernandez','Joshua Hernandez','09247308686',173522971,'msdkdlxjt48205','Diploma','Physics',NULL,NULL,'2011-08-10',NULL,'Isfahan','Babol',NULL,NULL,0),('mesyts6251','Selena','Harper','Selena Harper','09328320007',97259765,'qrjbbwolo50665','Bachelor','Mechanical Engineering',NULL,NULL,'2018-12-27',NULL,'Isfahan','Khoy',NULL,NULL,1),('mfchpk1481','Robin','Keith','Robin Keith','09270394581',305497531,'gsswodtpx49397','Diploma','Environmental Science',NULL,NULL,'2006-06-23',NULL,'Kerman','Kaleybar',NULL,NULL,0),('mfhele4685','Trevor','Owens','Trevor Owens','09640999981',115462315,'sdcvwsenv1701','Bachelor','Economics',NULL,NULL,'2011-06-20',NULL,'Hormozgan','Tabriz',NULL,NULL,1),('mfmmci8303','Denise','Johnson','Denise Johnson','09577801473',446657106,'eslcxvfbr63460','Bachelor','Environmental Science',NULL,NULL,'2014-12-18',NULL,'Fars','Shahin Shahr',NULL,NULL,1),('mfnghd3524','Tony','Martinez','Tony Martinez','09333357822',250869614,'upkefkqxq38619','Diploma','Linguistics',NULL,NULL,'2021-02-02',NULL,'Kermanshah','Sirjan',NULL,NULL,0),('mfrnzk1411','Danny','Bryant','Danny Bryant','09339659745',147482953,'rbztfzahm33475','Diploma','Electrical Engineering',NULL,NULL,'2020-06-17',NULL,'Ardabil','Jahrom',NULL,NULL,1),('mfxqrn2311','Angela','Hunt','Angela Hunt','09668343249',143708370,'ukvuyuwsg57983','Ph.D.','Biology',NULL,NULL,'2010-12-08',NULL,'Gilan','Shahin Shahr',NULL,NULL,0),('mgfueu3587','Jacqueline','Clark','Jacqueline Clark','09544939841',244416631,'infktzbhy50838','Diploma','Computer Science',NULL,NULL,'2021-06-27',NULL,'Ardabil','Sirjan',NULL,NULL,0),('mhclll6756','Steven','Lopez','Steven Lopez','09154580300',34476993,'kdzogyixx21280','Bachelor','English Literature',NULL,NULL,'2012-06-22',NULL,'Razavi Khorasan','Marvdasht',NULL,NULL,0),('mhhcmn2284','Nicholas','Olson','Nicholas Olson','09682181330',26771747,'zrswepxwk70937','Diploma','Economics',NULL,NULL,'2015-02-13',NULL,'Isfahan','Khoy',NULL,NULL,0),('mhuvbz8655','Billy','Bradley','Billy Bradley','09735911816',18551029,'phcjcthug46339','Bachelor','Graphic Design',NULL,NULL,'2008-11-01',NULL,'Hamedan','Najafabad',NULL,NULL,1),('mitpwl8377','Eric','Reyes','Eric Reyes','09832099609',317752935,'hkwuqsntv51946','Ph.D.','Civil Engineering',NULL,NULL,'2016-01-20',NULL,'Bushehr','Isfahan',NULL,NULL,0),('mizajx2073','Martin','Little','Martin Little','09282988144',176754731,'efqipyvyi31758','Bachelor','Graphic Design',NULL,NULL,'2006-03-13',NULL,'Kerman','Kaleybar',NULL,NULL,1),('mjitfi4839','Jamie','Moore','Jamie Moore','09269293629',189864083,'jhvjlgioc84426','Diploma','Mathematics',NULL,NULL,'2007-02-26',NULL,'Fars','Amol',NULL,NULL,1),('mjlmaw7196','Crystal','Mason','Crystal Mason','09396384743',381094911,'umlwrljbu50791','Master','Political Science',NULL,NULL,'2021-11-19',NULL,'Khuzestan','Kaleybar',NULL,NULL,1),('mjpkgs3662','Christine','Robinson','Christine Robinson','09755038431',291744392,'dkxvnnsrp58941','Diploma','Biology',NULL,NULL,'2023-02-10',NULL,'Kermanshah','Shiraz',NULL,NULL,0),('mjputd7732','Taylor','White','Taylor White','09615478542',233945942,'aswjvtnpk70119','Master','Sociology',NULL,NULL,'2017-06-15',NULL,'Lorestan','Babol',NULL,NULL,0),('mjyuuv6033','Robert','Moore','Robert Moore','09998573970',7650524,'euvxifpyn19632','Ph.D.','Physics',NULL,NULL,'2020-03-04',NULL,'Kermanshah','Rafsanjan',NULL,NULL,1),('mkcwkh2147','Kenneth','Aguilar','Kenneth Aguilar','09145130478',81276973,'rgogqnksu30104','Bachelor','Psychology',NULL,NULL,'2010-03-25',NULL,'Markazi','Sabzevar',NULL,NULL,0),('mlwgbn7349','Christina','White','Christina White','09971828708',308727278,'vilhtgmum52196','Master','Architecture',NULL,NULL,'2022-12-13',NULL,'Bushehr','Mashhad',NULL,NULL,0),('mmdrtk1986','Mr.','Michael','Mr. Michael','09563463732',229271289,'ktpofknwq65944','Bachelor','Civil Engineering',NULL,NULL,'2013-10-04',NULL,'Hormozgan','Neyshabur',NULL,NULL,0),('mmiktr5477','Autumn','Smith','Autumn Smith','09422777891',242842773,'exqqrytdh78428','Master','Mechanical Engineering',NULL,NULL,'2012-03-03',NULL,'Lorestan','Kaleybar',NULL,NULL,1),('moaeki3645','Madeline','Hartman','Madeline Hartman','09555575022',20651682,'riqzjrfoq75102','Ph.D.','English Literature',NULL,NULL,'2012-10-17',NULL,'Golestan','Bandar-e Anzali',NULL,NULL,1),('moewbm9007','Jennifer','French','Jennifer French','09362300753',143367703,'ftbwpscoa2648','Bachelor','Graphic Design',NULL,NULL,'2008-12-08',NULL,'Bushehr','Tabriz',NULL,NULL,0),('mogwla1869','Dean','Small','Dean Small','09194093813',324229032,'nsbammgeq85145','Master','Political Science',NULL,NULL,'2020-07-15',NULL,'Golestan','Amol',NULL,NULL,1),('movqwo9119','Michael','Holmes','Michael Holmes','09266211685',15503117,'ewbaiopxv75859','Ph.D.','English Literature',NULL,NULL,'2012-10-20',NULL,'Gilan','Shahin Shahr',NULL,NULL,1),('mpatfl2756','Denise','Barber','Denise Barber','09503872843',251404739,'ozrmthuhu95240','Ph.D.','Linguistics',NULL,NULL,'2007-10-17',NULL,'East Azerbaijan','Urmia',NULL,NULL,0),('mpgdwe6181','James','Parsons','James Parsons','09724802054',295511862,'rpqloucqx49561','Bachelor','Computer Science',NULL,NULL,'2013-03-29',NULL,'Kurdistan','Shahin Shahr',NULL,NULL,1),('mpmlgm6975','Caitlyn','Davila','Caitlyn Davila','09402439786',483422086,'lzvgeqoji76966','Bachelor','Computer Science',NULL,NULL,'2020-04-12',NULL,'Mazandaran','Eslamshahr',NULL,NULL,1),('mqdghc7408','Luis','Morris','Luis Morris','09925309685',420286865,'ofcsfdmhl17594','Ph.D.','Computer Science',NULL,NULL,'2008-09-15',NULL,'Gilan','Jahrom',NULL,NULL,1),('mqiztr7089','Leslie','Payne','Leslie Payne','09769975057',455380605,'zclgrwwos98881','Master','Computer Science',NULL,NULL,'2015-01-24',NULL,'Markazi','Kerman',NULL,NULL,1),('mqjmlm5225','Ana','Little','Ana Little','09317401090',309943271,'lrmrqvwjj86490','Diploma','Psychology',NULL,NULL,'2014-02-15',NULL,'Fars','Najafabad',NULL,NULL,0),('mqkqwa4322','Lucas','Watkins','Lucas Watkins','09610306620',470878774,'atbbcxqim62513','Diploma','Nursing',NULL,NULL,'2014-06-25',NULL,'Mazandaran','Shiraz',NULL,NULL,1),('mqvwgg3553','Carol','Harrison','Carol Harrison','09449181523',442446225,'ujrctyzxr43203','Master','Civil Engineering',NULL,NULL,'2010-02-25',NULL,'Mazandaran','Sirjan',NULL,NULL,1),('mqzckw1211','David','Kirby','David Kirby','09428857894',384809180,'fymcdmoaf32483','Diploma','Civil Engineering',NULL,NULL,'2012-02-19',NULL,'Golestan','Bandar-e Anzali',NULL,NULL,1),('mqzxvr6853','Lauren','Cross','Lauren Cross','09606742552',245715758,'sutmspglw89745','Bachelor','Mathematics',NULL,NULL,'2020-11-08',NULL,'Lorestan','Mashhad',NULL,NULL,0),('mrszgy2098','John','Mccarthy','John Mccarthy','09240694646',140415901,'uneldxzzk58584','Ph.D.','Mechanical Engineering',NULL,NULL,'2022-08-10',NULL,'Mazandaran','Sari',NULL,NULL,0),('mrxecz6986','Erica','Hicks','Erica Hicks','09583921153',349335172,'ofvkbuybv53223','Bachelor','Business Administration',NULL,NULL,'2020-06-16',NULL,'Gilan','Abadan',NULL,NULL,1),('mtgvec3182','Kelly','Carson','Kelly Carson','09112937430',114265721,'saragbzll45140','Diploma','History',NULL,NULL,'2007-06-24',NULL,'Lorestan','Tabriz',NULL,NULL,1),('mtyvxy7626','Julia','Conrad','Julia Conrad','09224103261',354665313,'nfrfidhqv60674','Diploma','Electrical Engineering',NULL,NULL,'2011-06-24',NULL,'Kermanshah','Tehran',NULL,NULL,1),('mtznrx2551','Justin','King','Justin King','09753311646',446189776,'ckoyqzcit15263','Master','Political Science',NULL,NULL,'2008-04-27',NULL,'Bushehr','Tehran',NULL,NULL,0),('mvcfme4520','Justin','Hernandez','Justin Hernandez','09636138894',316352833,'irmqgmyci43308','Ph.D.','Business Administration',NULL,NULL,'2023-07-18',NULL,'Bushehr','Isfahan',NULL,NULL,1),('mvdmkj7440','Eric','Mayo','Eric Mayo','09928934458',15079919,'rdibpcoen2398','Bachelor','Psychology',NULL,NULL,'2014-10-11',NULL,'Khuzestan','Eslamshahr',NULL,NULL,1),('mwfumt7142','Beverly','Bauer','Beverly Bauer','09993623292',206356827,'tqlmcmczo76014','Ph.D.','Electrical Engineering',NULL,NULL,'2008-09-08',NULL,'Lorestan','Sari',NULL,NULL,0),('mwolde9995','Matthew','Good','Matthew Good','09978002014',31290635,'crwyisyyr14196','Master','Political Science',NULL,NULL,'2012-01-04',NULL,'Kerman','Mashhad',NULL,NULL,0),('mwsgny5189','Mary','Kelly','Mary Kelly','09579078639',209173897,'gvfxyzxjw98767','Master','Civil Engineering',NULL,NULL,'2023-08-28',NULL,'Golestan','Tabriz',NULL,NULL,1),('mxikco1378','Carl','Wagner','Carl Wagner','09950396094',440504065,'ylcgdzmig8790','Bachelor','Mathematics',NULL,NULL,'2011-02-02',NULL,'Ardabil','Dezful',NULL,NULL,0),('mxshdu1174','Sarah','Russell','Sarah Russell','09816668372',316450682,'jxywtdpyu52770','Ph.D.','Physics',NULL,NULL,'2018-04-06',NULL,'Bushehr','Najafabad',NULL,NULL,0),('mxvdas7559','Donald','Maddox','Donald Maddox','09618261086',116518455,'ogamfeaqk97339','Bachelor','Sociology',NULL,NULL,'2019-12-29',NULL,'Hormozgan','Mashhad',NULL,NULL,0),('mxyuqo9051','Brooke','Gray','Brooke Gray','09722014793',375576749,'gibmhygax71200','Master','Linguistics',NULL,NULL,'2014-08-18',NULL,'Lorestan','Dezful',NULL,NULL,1),('mymmql8151','Billy','Cruz','Billy Cruz','09482744948',269784499,'okjflaxkz69815','Bachelor','Civil Engineering',NULL,NULL,'2017-09-05',NULL,'Bushehr','Jahrom',NULL,NULL,1),('mynaiz6969','Cassandra','Castillo','Cassandra Castillo','09857540333',172149227,'omjrkpeoe42221','Master','Chemistry',NULL,NULL,'2005-12-04',NULL,'Bushehr','Kaleybar',NULL,NULL,1),('myshvb5016','Joseph','Richardson','Joseph Richardson','09654386009',19965382,'bmqvbgkiq36175','Bachelor','Mathematics',NULL,NULL,'2015-01-15',NULL,'Golestan','Marvdasht',NULL,NULL,0),('myxgvz5538','Michael','Adams','Michael Adams','09733254992',179205368,'kxdffbhah91335','Bachelor','Computer Science',NULL,NULL,'2020-08-20',NULL,'West Azerbaijan','Bandar-e Anzali',NULL,NULL,0),('mzdbxu1438','Antonio','Hebert','Antonio Hebert','09921739361',88524359,'gyecoserr9982','Ph.D.','Psychology',NULL,NULL,'2016-04-27',NULL,'Isfahan','Urmia',NULL,NULL,1),('mznhcz9729','Dr.','Ivan','Dr. Ivan','09128275412',386566986,'nutziibuw74784','Diploma','Mathematics',NULL,NULL,'2007-05-30',NULL,'Hormozgan','Rafsanjan',NULL,NULL,1),('mztwfh1473','Dr.','Michael','Dr. Michael','09570305502',171230203,'prsvfyjby18558','Master','Psychology',NULL,NULL,'2013-07-01',NULL,'Fars','Sabzevar',NULL,NULL,1),('najklm9834','Linda','Davenport','Linda Davenport','09780321248',406841521,'ekhuniklw15499','Ph.D.','Chemistry',NULL,NULL,'2022-09-01',NULL,'Ardabil','Sabzevar',NULL,NULL,0),('najlmp5782','Joshua','Hall','Joshua Hall','09304756444',278861667,'gcnrdubun2077','Bachelor','Graphic Design',NULL,NULL,'2018-05-19',NULL,'Tehran','Babol',NULL,NULL,1),('nbtsyj7253','Rebecca','Coleman','Rebecca Coleman','09840249522',217885971,'qtzwxzbtt38467','Bachelor','Computer Science',NULL,NULL,'2008-07-18',NULL,'Razavi Khorasan','Jahrom',NULL,NULL,1),('nbzsue3270','James','Odom','James Odom','09207643675',317008427,'ydkavktck19276','Ph.D.','Mathematics',NULL,NULL,'2023-05-03',NULL,'Hamedan','Isfahan',NULL,NULL,1),('ncnmxi2681','Sean','Herrera','Sean Herrera','09629059880',365422854,'uppsakzgz68575','Master','Sociology',NULL,NULL,'2010-03-21',NULL,'Mazandaran','Kerman',NULL,NULL,1),('ndurqo3325','Megan','Williams','Megan Williams','09814680510',228754107,'cqtkyzpgo88163','Diploma','Electrical Engineering',NULL,NULL,'2016-04-07',NULL,'Razavi Khorasan','Rafsanjan',NULL,NULL,0),('nedznv4922','Matthew','Jones','Matthew Jones','09839893614',126067190,'ylbxtcypm84523','Master','English Literature',NULL,NULL,'2017-03-26',NULL,'Gilan','Kerman',NULL,NULL,0),('nefztn5413','Jack','Clements','Jack Clements','09496237995',249853598,'xcpscavhl47962','Bachelor','Civil Engineering',NULL,NULL,'2020-09-16',NULL,'Ardabil','Karaj',NULL,NULL,0),('nehwam3386','Ms.','Alexandra','Ms. Alexandra','09857196786',34243406,'rswlqxuum48459','Ph.D.','Linguistics',NULL,NULL,'2007-12-06',NULL,'Kermanshah','Karaj',NULL,NULL,0),('neuqdq9154','Cheryl','Lloyd','Cheryl Lloyd','09472280903',302491459,'xnjrmachq21614','Bachelor','Biology',NULL,NULL,'2021-11-24',NULL,'West Azerbaijan','Maragheh',NULL,NULL,1),('nevnzn4047','Dr.','Brad','Dr. Brad','09826937631',145849473,'zjbhgpspq1108','Bachelor','Graphic Design',NULL,NULL,'2021-10-10',NULL,'Kerman','Ahvaz',NULL,NULL,0),('ngakoq8475','Derrick','Anderson','Derrick Anderson','09802947974',226421095,'phcjxpmeu3186','Master','Biology',NULL,NULL,'2013-09-22',NULL,'Ardabil','Neyshabur',NULL,NULL,0),('nhcaqg1097','Randall','Carr','Randall Carr','09550770396',332775046,'yuayrnsgh31701','Master','History',NULL,NULL,'2018-10-12',NULL,'Bushehr','Maragheh',NULL,NULL,0),('nhmfsj6771','Michelle','Jones','Michelle Jones','09598417582',207461137,'ntmgixnbv70992','Ph.D.','Linguistics',NULL,NULL,'2007-11-09',NULL,'Lorestan','Isfahan',NULL,NULL,0),('nhwyou5290','Alexander','Ferguson','Alexander Ferguson','09436347059',45970275,'kqhscspqb36609','Ph.D.','Mechanical Engineering',NULL,NULL,'2008-05-25',NULL,'Hormozgan','Kaleybar',NULL,NULL,0),('nipvrr3987','Michelle','Randall','Michelle Randall','09154444045',206082714,'pibudxkta38594','Master','Mechanical Engineering',NULL,NULL,'2017-09-20',NULL,'Khuzestan','Karaj',NULL,NULL,0),('njyutu2461','Amy','Whitaker','Amy Whitaker','09860675779',142969328,'otybgzlue53299','Master','Physics',NULL,NULL,'2023-10-24',NULL,'East Azerbaijan','Babol',NULL,NULL,0),('nkijff2747','Whitney','Bentley','Whitney Bentley','09240405286',166064596,'fipodcleq53310','Ph.D.','Physics',NULL,NULL,'2007-10-14',NULL,'Golestan','Shiraz',NULL,NULL,1),('nkyyxi1399','Christopher','Moreno','Christopher Moreno','09585643397',315027726,'ezzzznctq89328','Ph.D.','Environmental Science',NULL,NULL,'2021-01-30',NULL,'West Azerbaijan','Lahijan',NULL,NULL,0),('nlluxm8710','Melissa','Turner','Melissa Turner','09280944718',250976335,'junvouxaw14552','Diploma','Mathematics',NULL,NULL,'2015-07-02',NULL,'West Azerbaijan','Eslamshahr',NULL,NULL,0),('nlxaoe6646','Jon','Hall','Jon Hall','09676247958',48116417,'pyqsprjkq16777','Ph.D.','Mechanical Engineering',NULL,NULL,'2019-04-28',NULL,'Razavi Khorasan','Mashhad',NULL,NULL,0),('nmcjra4501','Jesus','Obrien','Jesus Obrien','09666378050',412503518,'viatahwbv85240','Bachelor','Psychology',NULL,NULL,'2016-08-03',NULL,'Hormozgan','Isfahan',NULL,NULL,1),('nmlpxo5853','Christy','Roberson','Christy Roberson','09898980518',74157804,'vesufskpq488','Master','Architecture',NULL,NULL,'2016-01-12',NULL,'Hamedan','Shiraz',NULL,NULL,0),('nnluyn4430','Kristine','Lloyd','Kristine Lloyd','09133321204',73377297,'eyoyjleor59120','Ph.D.','Civil Engineering',NULL,NULL,'2014-01-27',NULL,'Khuzestan','Rafsanjan',NULL,NULL,1),('nnqqqn1813','Katelyn','Hernandez','Katelyn Hernandez','09219401418',79105531,'tqnpjhliz17935','Master','Architecture',NULL,NULL,'2013-07-20',NULL,'Ardabil','Dezful',NULL,NULL,0),('nnxabj6179','Kristin','Barton','Kristin Barton','09354221737',397949830,'rpfzmquab82476','Diploma','Sociology',NULL,NULL,'2018-11-09',NULL,'Lorestan','Eslamshahr',NULL,NULL,1),('nnyyjb4714','Sue','Perez','Sue Perez','09438746226',174277488,'buxxtfjcp34672','Master','Mathematics',NULL,NULL,'2017-07-04',NULL,'Khuzestan','Kaleybar',NULL,NULL,0),('nnzxjh4771','Randy','Vance','Randy Vance','09617659928',54582149,'zwnvegzwt25699','Master','Computer Science',NULL,NULL,'2012-03-17',NULL,'Razavi Khorasan','Amol',NULL,NULL,1),('nozteh4531','Pam','Spears','Pam Spears','09575847007',291862237,'hxjwuvscx56471','Ph.D.','Economics',NULL,NULL,'2016-03-09',NULL,'Hamedan','Mashhad',NULL,NULL,0),('nplbys1101','Brett','Smith','Brett Smith','09818741985',468148131,'wvzqpcbkj3969','Diploma','Economics',NULL,NULL,'2020-11-09',NULL,'Khuzestan','Amol',NULL,NULL,1),('npslin6748','Eric','Vazquez','Eric Vazquez','09223492464',161180721,'gnqyydvdt16673','Master','Biology',NULL,NULL,'2011-11-11',NULL,'Fars','Sari',NULL,NULL,1),('npwjcg4277','Marcus','Johnson','Marcus Johnson','09795575401',21134951,'dntkajjzs79350','Diploma','Civil Engineering',NULL,NULL,'2007-05-18',NULL,'Tehran','Shahin Shahr',NULL,NULL,1),('nqerft9568','Catherine','Powers','Catherine Powers','09460061482',278676467,'hwepfitic80269','Master','Mathematics',NULL,NULL,'2011-03-05',NULL,'West Azerbaijan','Shahin Shahr',NULL,NULL,0),('nqgcpn9216','Brandon','Smith','Brandon Smith','09167234808',338254792,'wrqgqihww94789','Ph.D.','Chemistry',NULL,NULL,'2010-07-10',NULL,'Hamedan','Jahrom',NULL,NULL,1),('nqnhio4203','Robert','Miller','Robert Miller','09752602546',317204574,'nqpsesnms40299','Ph.D.','Economics',NULL,NULL,'2018-12-06',NULL,'Razavi Khorasan','Kaleybar',NULL,NULL,0),('nqxagz3050','Karen','Solomon','Karen Solomon','09215640001',83138958,'xcvwmqipg53110','Bachelor','Linguistics',NULL,NULL,'2010-07-23',NULL,'Lorestan','Eslamshahr',NULL,NULL,1),('nqysop8680','Kristina','Crawford','Kristina Crawford','09841467447',103593159,'uqwuryqub87447','Bachelor','Mechanical Engineering',NULL,NULL,'2006-06-01',NULL,'West Azerbaijan','Sirjan',NULL,NULL,1),('nstijw7064','Christopher','Estes','Christopher Estes','09875130590',42758003,'jepadaafr81722','Diploma','History',NULL,NULL,'2014-01-26',NULL,'East Azerbaijan','Tabriz',NULL,NULL,0),('ntudce7687','Shawn','Bryant','Shawn Bryant','09639151071',340690999,'xsvnopykm73519','Diploma','Political Science',NULL,NULL,'2018-05-13',NULL,'Golestan','Sari',NULL,NULL,0),('nuadby9441','Ebony','Compton','Ebony Compton','09738384776',128677406,'asvodfpir72892','Bachelor','Mechanical Engineering',NULL,NULL,'2022-11-22',NULL,'Kerman','Dezful',NULL,NULL,1),('nuksiq5364','Lori','Trujillo','Lori Trujillo','09518503099',250590875,'iiqomzyct88352','Master','Chemistry',NULL,NULL,'2015-11-19',NULL,'Kurdistan','Mahabad',NULL,NULL,0),('nulvnu1302','Lisa','Henderson','Lisa Henderson','09751929421',83815017,'playbjtkz58523','Bachelor','Environmental Science',NULL,NULL,'2006-11-15',NULL,'Khuzestan','Maragheh',NULL,NULL,1),('nuvejj3421','Susan','Browning','Susan Browning','09878888343',440678824,'dedfdghfn87250','Diploma','Architecture',NULL,NULL,'2019-11-24',NULL,'Yazd','Tehran',NULL,NULL,1),('nvcxxl7452','Jordan','Davis','Jordan Davis','09944648568',380154750,'eodqdrbow32086','Ph.D.','Computer Science',NULL,NULL,'2005-08-28',NULL,'West Azerbaijan','Shahin Shahr',NULL,NULL,1),('nvvlmx3794','Haley','Ortiz','Haley Ortiz','09375481532',95281023,'lkvbbqszx72065','Diploma','Linguistics',NULL,NULL,'2014-04-04',NULL,'Fars','Rafsanjan',NULL,NULL,1),('nwbzcm1467','Eric','Carr','Eric Carr','09807854859',294214063,'szdouamsa44534','Bachelor','Computer Science',NULL,NULL,'2014-07-01',NULL,'Hamedan','Dezful',NULL,NULL,1),('nwcnvt4227','Emily','Horton','Emily Horton','09254580640',452173762,'ygifnfcid12081','Bachelor','Civil Engineering',NULL,NULL,'2020-04-07',NULL,'Yazd','Amol',NULL,NULL,1),('nxhdjl7090','Ashley','Zhang','Ashley Zhang','09637994778',230739900,'xecwcnyhp862','Diploma','Graphic Design',NULL,NULL,'2019-11-11',NULL,'Lorestan','Kerman',NULL,NULL,0),('nxklre8355','Eric','Simon','Eric Simon','09735869339',426102435,'vmyapwebx9592','Diploma','Electrical Engineering',NULL,NULL,'2016-07-20',NULL,'Isfahan','Najafabad',NULL,NULL,0),('nxrnps2465','Stacy','Miller','Stacy Miller','09842040354',173667811,'xeukximsg32324','Ph.D.','Linguistics',NULL,NULL,'2019-01-05',NULL,'Gilan','Shiraz',NULL,NULL,0),('nyezap6031','Paige','Stanton','Paige Stanton','09764819459',442342337,'ensasosxt6444','Diploma','Economics',NULL,NULL,'2015-01-18',NULL,'Mazandaran','Eslamshahr',NULL,NULL,0),('nyqhza4940','Thomas','Collins','Thomas Collins','09857796466',255261373,'rpqawrwsx62273','Bachelor','Nursing',NULL,NULL,'2020-01-20',NULL,'Kurdistan','Marvdasht',NULL,NULL,1),('nywity3411','William','Jones','William Jones','09790052629',455643706,'tcgupmcqm39424','Diploma','History',NULL,NULL,'2023-03-11',NULL,'Isfahan','Shiraz',NULL,NULL,0),('nyxmfl4058','Stephen','Acevedo','Stephen Acevedo','09511971072',381402744,'pwalmozic21388','Diploma','Civil Engineering',NULL,NULL,'2006-02-14',NULL,'Kerman','Neyshabur',NULL,NULL,1),('nzggae5926','Nichole','Moore','Nichole Moore','09666756095',46262941,'qgpyqcdbv83573','Ph.D.','Computer Science',NULL,NULL,'2023-08-07',NULL,'Ardabil','Tabriz',NULL,NULL,0),('oabuwj5994','Tiffany','Schmidt','Tiffany Schmidt','09381206585',202676493,'kyrnwbifx94569','Bachelor','Political Science',NULL,NULL,'2007-03-07',NULL,'Ardabil','Bandar-e Anzali',NULL,NULL,1),('obaucc8682','Patricia','Gardner','Patricia Gardner','09849696177',208892,'drbxpwcbm6358','Bachelor','Architecture',NULL,NULL,'2021-08-28',NULL,'Gilan','Tehran',NULL,NULL,1),('obnihn7164','Robert','Roman','Robert Roman','09716597486',11092373,'pfqcgklxs13567','Bachelor','Graphic Design',NULL,NULL,'2005-07-09',NULL,'Markazi','Babol',NULL,NULL,1),('oceool3320','Mark','Cunningham','Mark Cunningham','09144644749',40091684,'nhgrhgnfs44620','Diploma','Sociology',NULL,NULL,'2012-12-05',NULL,'Fars','Tehran',NULL,NULL,0),('ockrnh8789','Lisa','Marshall','Lisa Marshall','09360926561',185321742,'kuruednzq47072','Master','Nursing',NULL,NULL,'2008-04-23',NULL,'Bushehr','Najafabad',NULL,NULL,0),('odbnyi9980','Natalie','Wright','Natalie Wright','09181420658',287173081,'qynrliblm20993','Ph.D.','Psychology',NULL,NULL,'2012-09-20',NULL,'Razavi Khorasan','Karaj',NULL,NULL,0),('odiefx3095','Thomas','Hunter','Thomas Hunter','09635906362',135178526,'uzkunwhxq25787','Diploma','Chemistry',NULL,NULL,'2020-03-06',NULL,'Fars','Urmia',NULL,NULL,1),('oefrgn9752','Sharon','Ward','Sharon Ward','09800394026',443870589,'dgxcpafcl82459','Master','Sociology',NULL,NULL,'2014-01-13',NULL,'Razavi Khorasan','Sabzevar',NULL,NULL,0),('oeniax5006','Samuel','Kim','Samuel Kim','09162218691',351563053,'cngnfaiho87468','Ph.D.','Physics',NULL,NULL,'2023-03-08',NULL,'Markazi','Tehran',NULL,NULL,1),('ofidiv9947','Tammy','Burns','Tammy Burns','09824274995',177421769,'cnlcnrbbx62975','Bachelor','Economics',NULL,NULL,'2006-12-22',NULL,'Fars','Tehran',NULL,NULL,0),('ofuuwv1830','Blake','Johnson','Blake Johnson','09419741474',394131038,'xrgzqavyo42358','Ph.D.','Linguistics',NULL,NULL,'2012-04-16',NULL,'Golestan','Sari',NULL,NULL,0),('ofzmpi1566','Dustin','Webster','Dustin Webster','09197830608',175402929,'ebcvkbyxu3657','Bachelor','Linguistics',NULL,NULL,'2006-05-29',NULL,'East Azerbaijan','Jahrom',NULL,NULL,0),('oglzur7227','Michael','Hines','Michael Hines','09735947507',23647428,'hrgpfxtxs4135','Ph.D.','Linguistics',NULL,NULL,'2012-01-17',NULL,'Kerman','Kaleybar',NULL,NULL,1),('ogstlv8759','Erik','Torres','Erik Torres','09626613057',276473470,'fagytkfuy34771','Bachelor','Environmental Science',NULL,NULL,'2006-09-27',NULL,'Bushehr','Eslamshahr',NULL,NULL,0),('ohnemb1949','Maurice','Spencer','Maurice Spencer','09513568918',38816625,'jyvqqnjrk24607','Master','Architecture',NULL,NULL,'2019-04-15',NULL,'Yazd','Sari',NULL,NULL,0),('ohoizy3478','Aaron','Fields','Aaron Fields','09950278837',242860772,'gguvswoju68611','Diploma','Environmental Science',NULL,NULL,'2012-12-22',NULL,'Bushehr','Sari',NULL,NULL,0),('oiwhps7761','Colton','Murray','Colton Murray','09829209345',263586288,'xljgetneo43366','Bachelor','Chemistry',NULL,NULL,'2020-12-19',NULL,'Golestan','Sabzevar',NULL,NULL,0),('ojayaz6475','Kathy','King','Kathy King','09495774441',400521335,'casoyjfew15247','Bachelor','Linguistics',NULL,NULL,'2013-10-13',NULL,'Lorestan','Karaj',NULL,NULL,0),('ojgljm2379','Mr.','Casey','Mr. Casey','09634292764',477541845,'ykuwhuqjg59010','Bachelor','Computer Science',NULL,NULL,'2016-07-19',NULL,'Yazd','Dezful',NULL,NULL,1),('ojmohm1729','Jasmine','Palmer','Jasmine Palmer','09969923040',407294487,'hpzkgcfoq16142','Ph.D.','Civil Engineering',NULL,NULL,'2019-04-29',NULL,'Hormozgan','Karaj',NULL,NULL,1),('ojpgxv5317','Dana','Duke','Dana Duke','09452598481',164440243,'xgkzwqxfo32467','Ph.D.','Biology',NULL,NULL,'2019-10-26',NULL,'Hormozgan','Tehran',NULL,NULL,0),('ojueae8518','Gregory','Hogan','Gregory Hogan','09739993135',340059458,'kxoapiycp99470','Ph.D.','Chemistry',NULL,NULL,'2018-01-06',NULL,'Razavi Khorasan','Ahvaz',NULL,NULL,1),('okplcx5988','Joseph','Graham','Joseph Graham','09378076378',477451959,'hwcfqnprw60450','Master','Political Science',NULL,NULL,'2010-12-23',NULL,'Yazd','Eslamshahr',NULL,NULL,1),('olifwe9777','Mrs.','Natalie','Mrs. Natalie','09757464846',70741222,'sxjmbgyhd14149','Master','Nursing',NULL,NULL,'2014-02-24',NULL,'Ardabil','Mashhad',NULL,NULL,0),('olnjqb1060','Sarah','Chung','Sarah Chung','09881051695',348345790,'risrgshsk37475','Diploma','Mechanical Engineering',NULL,NULL,'2012-07-15',NULL,'Khuzestan','Kaleybar',NULL,NULL,0),('olshum3364','Stephen','Johnson','Stephen Johnson','09172838490',469805452,'rdmmxdxpw64348','Diploma','Business Administration',NULL,NULL,'2021-08-02',NULL,'Khuzestan','Jahrom',NULL,NULL,0),('omdjld3647','Troy','Pena','Troy Pena','09755099349',248632851,'yfabhbych87463','Diploma','Sociology',NULL,NULL,'2005-07-14',NULL,'Bushehr','Tabriz',NULL,NULL,1),('omfbut2332','Scott','Holden','Scott Holden','09815523652',481841686,'hzpskqrik87172','Diploma','Physics',NULL,NULL,'2008-01-21',NULL,'West Azerbaijan','Tabriz',NULL,NULL,0),('oqdvfl5750','Vincent','Harris','Vincent Harris','09860022929',215208063,'yaurktzjs67369','Master','Business Administration',NULL,NULL,'2018-12-01',NULL,'Yazd','Rasht',NULL,NULL,0),('oqgses3290','Mark','Wallace','Mark Wallace','09801716035',192364224,'purfjijfk23806','Bachelor','Architecture',NULL,NULL,'2010-08-04',NULL,'Markazi','Neyshabur',NULL,NULL,0),('oqsxtz7949','Lisa','Woods','Lisa Woods','09642868091',325034946,'zlmxvuhlr31409','Ph.D.','Mathematics',NULL,NULL,'2010-04-30',NULL,'Tehran','Eslamshahr',NULL,NULL,0),('oqxxbx3205','Alicia','Patton','Alicia Patton','09643673698',11418370,'mosvdlnrd92630','Master','Business Administration',NULL,NULL,'2020-07-06',NULL,'Golestan','Maragheh',NULL,NULL,0),('orgyeu9585','Robert','Chambers','Robert Chambers','09194139806',107982467,'qkfpuydqo97952','Diploma','Political Science',NULL,NULL,'2014-11-26',NULL,'Kermanshah','Sari',NULL,NULL,1),('orturn1890','Brandy','Cox','Brandy Cox','09313041343',373823648,'paqovfgbo90145','Ph.D.','Architecture',NULL,NULL,'2022-06-07',NULL,'Razavi Khorasan','Dezful',NULL,NULL,1),('oseyhg8219','Daniel','Holt','Daniel Holt','09378460822',235115325,'ncerflyfx81019','Master','Environmental Science',NULL,NULL,'2006-12-27',NULL,'Hormozgan','Isfahan',NULL,NULL,1),('othnop2206','Jeffrey','Blair','Jeffrey Blair','09402195491',332741743,'pxfnmufqh3102','Diploma','Civil Engineering',NULL,NULL,'2021-03-23',NULL,'Khuzestan','Tehran',NULL,NULL,1),('otpqcz8276','James','Vaughn','James Vaughn','09130310679',187669744,'pobaywcon17687','Bachelor','Computer Science',NULL,NULL,'2023-08-03',NULL,'Golestan','Jahrom',NULL,NULL,0),('otrzdl3796','John','Morgan','John Morgan','09283177211',25889570,'loyegfebk52690','Master','Sociology',NULL,NULL,'2018-04-09',NULL,'Kerman','Shiraz',NULL,NULL,0),('ouprfu1582','Shannon','Cole','Shannon Cole','09836214211',344907819,'egsvcrqil46602','Diploma','Business Administration',NULL,NULL,'2010-09-14',NULL,'Khuzestan','Shiraz',NULL,NULL,0),('ovfnnm3160','Natalie','Stevenson','Natalie Stevenson','09673641502',459466247,'shaqsjbvq77556','Ph.D.','Environmental Science',NULL,NULL,'2013-01-23',NULL,'Bushehr','Lahijan',NULL,NULL,1),('ovlvfs9109','William','Hall','William Hall','09453663889',173490904,'xpboxjrfj8892','Master','Nursing',NULL,NULL,'2015-08-07',NULL,'Isfahan','Najafabad',NULL,NULL,0),('owbbjt4463','Joseph','Morgan','Joseph Morgan','09571973592',271448962,'uijcbdmae56301','Ph.D.','Linguistics',NULL,NULL,'2010-02-20',NULL,'Razavi Khorasan','Tabriz',NULL,NULL,0),('owlrnr9367','Zachary','Willis','Zachary Willis','09263340439',137037843,'jlvnffina30634','Master','Graphic Design',NULL,NULL,'2023-09-16',NULL,'Bushehr','Rafsanjan',NULL,NULL,1),('owoktv2785','Brian','Torres','Brian Torres','09384467420',98346606,'axveahzbj2406','Master','Electrical Engineering',NULL,NULL,'2012-10-11',NULL,'Kerman','Bandar-e Anzali',NULL,NULL,1),('owupsb7485','James','Fuller','James Fuller','09373899124',154969308,'yxiegnegu41497','Diploma','Linguistics',NULL,NULL,'2018-05-19',NULL,'Lorestan','Dezful',NULL,NULL,1),('oxvvgf3219','William','Clay','William Clay','09239914793',402555496,'piuhvzcny52761','Master','Mechanical Engineering',NULL,NULL,'2006-12-18',NULL,'Hormozgan','Sabzevar',NULL,NULL,0),('oykrux4538','Nicholas','Anderson','Nicholas Anderson','09156688400',112030771,'xosjjdwhi54841','Master','Mathematics',NULL,NULL,'2020-11-11',NULL,'Ardabil','Khoy',NULL,NULL,1),('oyxcbr9425','Dr.','Deborah','Dr. Deborah','09203194169',187301479,'vbppuzhbc80046','Diploma','History',NULL,NULL,'2015-10-06',NULL,'Bushehr','Sirjan',NULL,NULL,1),('oyxobd5975','Joseph','Lewis','Joseph Lewis','09702626420',123018596,'ywaufriyq1590','Diploma','Linguistics',NULL,NULL,'2006-12-06',NULL,'Fars','Shahin Shahr',NULL,NULL,1),('oyzfwt7492','Brenda','Santiago','Brenda Santiago','09800686203',114575655,'lojwvbktn3759','Ph.D.','Nursing',NULL,NULL,'2023-08-06',NULL,'Hamedan','Isfahan',NULL,NULL,1),('ozbpzy7448','Troy','Holt','Troy Holt','09469335224',141895780,'uhbricmnj43149','Bachelor','Mathematics',NULL,NULL,'2007-01-28',NULL,'Ardabil','Lahijan',NULL,NULL,1),('pawpoi1477','Megan','Cameron','Megan Cameron','09818822033',195372424,'hztskumjc24634','Bachelor','Chemistry',NULL,NULL,'2006-07-25',NULL,'Gilan','Najafabad',NULL,NULL,0),('pazkbn4738','Craig','Howard','Craig Howard','09234770826',484868757,'ikukkbhoj33604','Master','Environmental Science',NULL,NULL,'2016-09-20',NULL,'Kerman','Marvdasht',NULL,NULL,1),('pbmsiy6730','Chad','Garcia','Chad Garcia','09523384609',144811289,'atojtmbpn56544','Master','Psychology',NULL,NULL,'2011-11-05',NULL,'Hamedan','Shahin Shahr',NULL,NULL,1),('pbmstf7565','Margaret','Little','Margaret Little','09951962164',294655126,'oiosdwmne78847','Master','Physics',NULL,NULL,'2017-02-06',NULL,'Kerman','Najafabad',NULL,NULL,0),('pbvsxq7471','Zachary','Mann','Zachary Mann','09876882204',29224360,'etpfkbvqw94399','Master','Economics',NULL,NULL,'2010-05-03',NULL,'Razavi Khorasan','Neyshabur',NULL,NULL,1),('pdicwj8415','Kenneth','Sanchez','Kenneth Sanchez','09537419799',249950434,'dimzwpgsv96021','Diploma','Economics',NULL,NULL,'2013-10-04',NULL,'West Azerbaijan','Maragheh',NULL,NULL,0),('pdkvpj8081','Francisco','Thompson','Francisco Thompson','09267598524',210354007,'lyafkpxvg86306','Bachelor','Electrical Engineering',NULL,NULL,'2011-07-09',NULL,'Hormozgan','Marvdasht',NULL,NULL,0),('pdvirw2985','Justin','Colon','Justin Colon','09972481117',255600159,'njuhlngao58476','Diploma','Civil Engineering',NULL,NULL,'2006-08-28',NULL,'Fars','Isfahan',NULL,NULL,1),('pflfpj3364','Connie','Daugherty','Connie Daugherty','09613418989',78914205,'ixbgdadtq66447','Master','Graphic Design',NULL,NULL,'2005-10-21',NULL,'Kurdistan','Kaleybar',NULL,NULL,1),('pfpkpf6441','Hector','Fleming','Hector Fleming','09235166444',485677159,'eahcvklxk24166','Master','Physics',NULL,NULL,'2022-01-13',NULL,'Gilan','Abadan',NULL,NULL,0),('pfrfdc5656','Kelsey','Perez','Kelsey Perez','09341322655',192454230,'unpuldfny79405','Bachelor','Linguistics',NULL,NULL,'2019-10-16',NULL,'Isfahan','Isfahan',NULL,NULL,0),('pftvzx7867','James','Bray','James Bray','09694331952',285744010,'rflgeavyo35734','Master','Architecture',NULL,NULL,'2008-11-09',NULL,'Kermanshah','Kaleybar',NULL,NULL,0),('pggzuf6445','Allen','Rich','Allen Rich','09354052796',181676100,'wtghyfsog15171','Master','Environmental Science',NULL,NULL,'2008-03-07',NULL,'Mazandaran','Lahijan',NULL,NULL,0),('pghyse4390','Cassandra','Long','Cassandra Long','09623022716',168629262,'dqnebalky14096','Bachelor','Electrical Engineering',NULL,NULL,'2016-03-19',NULL,'Khuzestan','Eslamshahr',NULL,NULL,1),('pharzb6537','Chelsey','Parker','Chelsey Parker','09691020581',72917455,'mpxfygxgv19659','Bachelor','Political Science',NULL,NULL,'2013-08-23',NULL,'Razavi Khorasan','Neyshabur',NULL,NULL,1),('pighcw1154','Jake','Leach','Jake Leach','09988113891',359099365,'uyeioanar54527','Diploma','Business Administration',NULL,NULL,'2018-11-05',NULL,'Isfahan','Sirjan',NULL,NULL,0),('piwfcm9809','Haley','Juarez','Haley Juarez','09201334952',227695694,'xhnfkbiif33126','Bachelor','English Literature',NULL,NULL,'2007-12-21',NULL,'Kermanshah','Abadan',NULL,NULL,1),('pjjymu2286','Caleb','Martin','Caleb Martin','09989305348',121030998,'vbustgoig38193','Diploma','Sociology',NULL,NULL,'2017-12-23',NULL,'Gilan','Khoy',NULL,NULL,0),('pkijwa9027','Kyle','Carter','Kyle Carter','09755879271',406735428,'czqsiekab32967','Bachelor','Political Science',NULL,NULL,'2007-04-09',NULL,'Hamedan','Maragheh',NULL,NULL,1),('plsqmd5898','Christina','Peterson','Christina Peterson','09239715272',116300273,'fppreylew31121','Bachelor','Electrical Engineering',NULL,NULL,'2022-12-16',NULL,'Golestan','Shiraz',NULL,NULL,0),('plydae9854','Matthew','Bennett','Matthew Bennett','09987853674',207490441,'asspjwzbd65756','Bachelor','History',NULL,NULL,'2020-01-13',NULL,'Fars','Khoy',NULL,NULL,0),('pmbgya4377','Donald','Bryan','Donald Bryan','09981297902',464417833,'cpirrkjws61073','Bachelor','Physics',NULL,NULL,'2017-10-25',NULL,'Tehran','Bandar-e Anzali',NULL,NULL,1),('pnhmjr7434','Michael','Lopez','Michael Lopez','09219669696',6993324,'llmhhndrs87721','Master','Civil Engineering',NULL,NULL,'2011-09-26',NULL,'West Azerbaijan','Jahrom',NULL,NULL,1),('pnlwdu2351','Stacey','Davila','Stacey Davila','09889125722',260633586,'yaygwhuzj55561','Master','Mechanical Engineering',NULL,NULL,'2019-01-22',NULL,'Hormozgan','Amol',NULL,NULL,1),('pokvob8118','Matthew','Anderson','Matthew Anderson','09880563155',377254432,'szqkdstjm49172','Master','Political Science',NULL,NULL,'2018-11-01',NULL,'Hormozgan','Mashhad',NULL,NULL,0),('povfui3398','Joseph','Gonzales','Joseph Gonzales','09271528456',44282791,'gsimruorb7739','Ph.D.','Mechanical Engineering',NULL,NULL,'2009-07-23',NULL,'Fars','Tabriz',NULL,NULL,1),('pqjiau6620','Matthew','Petersen','Matthew Petersen','09329046002',37799094,'zynoeuxzd84779','Diploma','Physics',NULL,NULL,'2016-05-03',NULL,'Hormozgan','Marvdasht',NULL,NULL,1),('pqntor4315','Carrie','Bright','Carrie Bright','09828120261',383382903,'aprcmrmnh82642','Diploma','Mechanical Engineering',NULL,NULL,'2023-03-25',NULL,'Kurdistan','Tabriz',NULL,NULL,1),('prgjrf4572','Ashley','Adams','Ashley Adams','09235495275',387105183,'mtseyaywo41839','Bachelor','Linguistics',NULL,NULL,'2018-02-18',NULL,'Ardabil','Bandar-e Anzali',NULL,NULL,0),('psaunc8708','Erin','Cannon','Erin Cannon','09502657180',212104702,'jgscfajnk76276','Bachelor','Sociology',NULL,NULL,'2016-02-24',NULL,'Yazd','Neyshabur',NULL,NULL,1),('psedno3538','Erik','Morrow','Erik Morrow','09938652308',132190004,'rnecxpelv21585','Ph.D.','Mathematics',NULL,NULL,'2013-05-16',NULL,'Mazandaran','Shiraz',NULL,NULL,1),('psqvtw1600','Angelica','Mueller','Angelica Mueller','09571643952',175341030,'avferfrbo33317','Master','Electrical Engineering',NULL,NULL,'2019-01-26',NULL,'Bushehr','Amol',NULL,NULL,0),('ptauvk1125','Danielle','Pineda','Danielle Pineda','09854226101',75865802,'mqjtvasry39496','Bachelor','Business Administration',NULL,NULL,'2006-07-11',NULL,'Markazi','Eslamshahr',NULL,NULL,1),('ptwqvu3426','Jacqueline','Thomas','Jacqueline Thomas','09633750518',492259771,'luonxszcw33024','Diploma','Physics',NULL,NULL,'2020-01-25',NULL,'Kurdistan','Neyshabur',NULL,NULL,1),('puxenl6683','Jennifer','Griffith','Jennifer Griffith','09951967002',82257081,'cxbbxollb60300','Diploma','Architecture',NULL,NULL,'2011-07-10',NULL,'Kermanshah','Jahrom',NULL,NULL,0),('pvsyfp8707','Matthew','Hoffman','Matthew Hoffman','09917956944',37954126,'mketielow52629','Master','English Literature',NULL,NULL,'2011-04-27',NULL,'Hormozgan','Shiraz',NULL,NULL,0),('pwawft6118','Erica','Benson','Erica Benson','09857702940',82757645,'bcfoayive94487','Bachelor','Biology',NULL,NULL,'2017-03-02',NULL,'Golestan','Tabriz',NULL,NULL,1),('pwoqib8130','Paul','Williams','Paul Williams','09598411485',210655085,'cxjqkxpnx55317','Diploma','Civil Engineering',NULL,NULL,'2020-05-03',NULL,'Razavi Khorasan','Shiraz',NULL,NULL,0),('pwozpn8289','Thomas','Lewis','Thomas Lewis','09736520416',107947810,'zdjdqhaag30141','Diploma','Environmental Science',NULL,NULL,'2011-09-25',NULL,'Markazi','Najafabad',NULL,NULL,0),('pwpbjz6101','Sandra','Middleton','Sandra Middleton','09895964954',387092429,'bfwegozbf74642','Diploma','Graphic Design',NULL,NULL,'2020-07-01',NULL,'Hamedan','Tehran',NULL,NULL,1),('pwriyp3111','Jack','Chavez','Jack Chavez','09275067686',42725812,'rwztqxdvh56194','Master','Political Science',NULL,NULL,'2007-06-04',NULL,'Hormozgan','Shiraz',NULL,NULL,0),('pxhwpn7696','Thomas','Tate','Thomas Tate','09281304958',444004218,'rxguroucf17310','Master','Sociology',NULL,NULL,'2022-11-08',NULL,'Kerman','Najafabad',NULL,NULL,1),('pygocm8402','Elizabeth','Strickland','Elizabeth Strickland','09751195043',127087516,'zuziscyxy59715','Bachelor','Computer Science',NULL,NULL,'2022-03-23',NULL,'Kermanshah','Tehran',NULL,NULL,1),('pyqatz3455','Eileen','King','Eileen King','09216787612',238402689,'wsthlxsox33498','Master','Architecture',NULL,NULL,'2006-09-06',NULL,'Lorestan','Ahvaz',NULL,NULL,1),('pzexxl8855','Susan','Smith','Susan Smith','09877813708',300450406,'axdwsrgfc37997','Ph.D.','Architecture',NULL,NULL,'2017-06-05',NULL,'Yazd','Babol',NULL,NULL,1),('qalwhh8192','Mary','Miller','Mary Miller','09314298981',286633297,'qmuvbfzvl93937','Bachelor','Nursing',NULL,NULL,'2021-03-25',NULL,'Markazi','Amol',NULL,NULL,1),('qawtwu6066','Andrea','Haley','Andrea Haley','09720257781',221305526,'gpijibhia75834','Master','Electrical Engineering',NULL,NULL,'2009-08-12',NULL,'Hormozgan','Marvdasht',NULL,NULL,1),('qaxluj9642','Dennis','Garcia','Dennis Garcia','09701365751',416822614,'baxacegpz29725','Diploma','Physics',NULL,NULL,'2017-04-22',NULL,'Hormozgan','Amol',NULL,NULL,0),('qbsrdw3600','Jon','Brown','Jon Brown','09439523647',346664609,'mofexghki98271','Diploma','Architecture',NULL,NULL,'2021-04-28',NULL,'Markazi','Sirjan',NULL,NULL,0),('qbsxdq1259','Paul','Smith','Paul Smith','09566908402',58139863,'harlwduss22480','Diploma','English Literature',NULL,NULL,'2015-02-05',NULL,'West Azerbaijan','Isfahan',NULL,NULL,1),('qbuedk1823','Scott','Williams','Scott Williams','09668332137',198047252,'fdipzxeeb76561','Ph.D.','Graphic Design',NULL,NULL,'2007-01-22',NULL,'East Azerbaijan','Isfahan',NULL,NULL,1),('qcafrt7666','Thomas','Klein','Thomas Klein','09591957942',242729740,'zcpvxtxia32937','Master','History',NULL,NULL,'2013-12-19',NULL,'Markazi','Mahabad',NULL,NULL,1),('qcdbij8051','Valerie','Hammond','Valerie Hammond','09419125633',271185532,'bwscyugcm59926','Master','Political Science',NULL,NULL,'2015-07-09',NULL,'East Azerbaijan','Isfahan',NULL,NULL,0),('qdbhir7853','Jack','Cabrera','Jack Cabrera','09792748206',90939750,'qhkrqeobs99592','Ph.D.','Biology',NULL,NULL,'2013-12-11',NULL,'Yazd','Ahvaz',NULL,NULL,0),('qdbjtg4904','Katherine','Hunt','Katherine Hunt','09747864867',197555132,'vfebobcrq19812','Bachelor','Electrical Engineering',NULL,NULL,'2020-07-22',NULL,'Tehran','Khoy',NULL,NULL,1),('qdtliu8773','David','Conrad','David Conrad','09450709326',78718494,'tbcfqumsa71453','Diploma','Psychology',NULL,NULL,'2020-11-04',NULL,'Khuzestan','Bandar-e Anzali',NULL,NULL,1),('qehfaf2187','Cynthia','Rivera','Cynthia Rivera','09230445824',381674409,'sngpxjjuy77425','Ph.D.','Sociology',NULL,NULL,'2006-07-16',NULL,'West Azerbaijan','Eslamshahr',NULL,NULL,0),('qftvnf8880','Monica','Kelley','Monica Kelley','09110114234',49641444,'swipwxvok62615','Ph.D.','Architecture',NULL,NULL,'2019-06-21',NULL,'East Azerbaijan','Urmia',NULL,NULL,1),('qfuzlp9037','Elizabeth','Day','Elizabeth Day','09421311618',207998584,'rndwgjjnp90935','Ph.D.','Political Science',NULL,NULL,'2011-06-05',NULL,'East Azerbaijan','Karaj',NULL,NULL,1),('qgrchy5383','Dawn','Schultz','Dawn Schultz','09397563491',163335958,'awqsmjfje95392','Master','Sociology',NULL,NULL,'2008-05-03',NULL,'Fars','Sirjan',NULL,NULL,1),('qhqyqf2771','Alexandra','Scott','Alexandra Scott','09880198759',226338111,'mlcuksfbu35241','Ph.D.','English Literature',NULL,NULL,'2015-09-09',NULL,'Kermanshah','Neyshabur',NULL,NULL,0),('qhurrj4562','Michael','Reeves','Michael Reeves','09525739911',332285209,'nnhadtfrv98318','Master','Chemistry',NULL,NULL,'2005-06-23',NULL,'East Azerbaijan','Kaleybar',NULL,NULL,1),('qiiexh2650','Christina','Norris','Christina Norris','09846416528',75080687,'fdcwohceg57000','Diploma','Architecture',NULL,NULL,'2011-10-13',NULL,'Golestan','Dezful',NULL,NULL,1),('qiiuhx6782','Steven','Woodard','Steven Woodard','09728218732',454019052,'lubnrbcrz53471','Bachelor','Economics',NULL,NULL,'2005-05-27',NULL,'Razavi Khorasan','Ahvaz',NULL,NULL,1),('qipfsc7814','Ryan','Allison','Ryan Allison','09189237154',269267391,'dzirnowyy7254','Diploma','Architecture',NULL,NULL,'2016-03-13',NULL,'Mazandaran','Neyshabur',NULL,NULL,1),('qjatha3038','Julian','Meyer','Julian Meyer','09833841532',188082798,'xufwfwewd21381','Ph.D.','Psychology',NULL,NULL,'2005-06-17',NULL,'Hormozgan','Najafabad',NULL,NULL,1),('qjfgpj3169','Stephen','Harris','Stephen Harris','09714415012',218442523,'sqtjdkmuj32696','Master','Business Administration',NULL,NULL,'2012-10-24',NULL,'Kurdistan','Tehran',NULL,NULL,1),('qjuhtp6231','Andrew','Richmond','Andrew Richmond','09158660065',150973763,'wzoxexvac42370','Ph.D.','Biology',NULL,NULL,'2018-11-19',NULL,'Markazi','Shiraz',NULL,NULL,0),('qkbfap3344','Andrew','Craig','Andrew Craig','09974377255',148376945,'bxetgpzag28844','Master','Business Administration',NULL,NULL,'2023-05-18',NULL,'Hamedan','Rasht',NULL,NULL,0),('qkpetb7192','Cameron','Campos','Cameron Campos','09934813491',156326666,'zwmncdwoh78084','Master','Economics',NULL,NULL,'2006-04-19',NULL,'East Azerbaijan','Marvdasht',NULL,NULL,1),('qkswpt9280','Angie','Gross','Angie Gross','09164135440',257544141,'dmtiqxgqi88636','Ph.D.','Sociology',NULL,NULL,'2006-08-02',NULL,'Kermanshah','Shiraz',NULL,NULL,1),('qkzmea8979','Lisa','Wallace','Lisa Wallace','09969790197',342329207,'vcemevsgt82058','Ph.D.','History',NULL,NULL,'2016-05-26',NULL,'Kermanshah','Shahin Shahr',NULL,NULL,1),('qligga6264','Brenda','Reed','Brenda Reed','09648480882',310638760,'irznvbzgx85688','Ph.D.','Chemistry',NULL,NULL,'2021-02-12',NULL,'Lorestan','Isfahan',NULL,NULL,1),('qlnkyz2495','Kelly','Davis','Kelly Davis','09664445219',24186893,'rextiajfc34296','Diploma','Mathematics',NULL,NULL,'2023-04-14',NULL,'Golestan','Neyshabur',NULL,NULL,0),('qltpfi1727','Kyle','Brown','Kyle Brown','09775038910',41398234,'sgvgitojv24942','Ph.D.','Electrical Engineering',NULL,NULL,'2016-08-09',NULL,'Gilan','Sirjan',NULL,NULL,1),('qlykhp1357','Natalie','Ryan','Natalie Ryan','09766076390',106378679,'mynrrmchw74829','Master','Computer Science',NULL,NULL,'2008-02-18',NULL,'Kurdistan','Neyshabur',NULL,NULL,1),('qmdbng7725','Mariah','Hunter','Mariah Hunter','09103539487',400408136,'jdqshhnqz77518','Ph.D.','Physics',NULL,NULL,'2022-07-12',NULL,'Gilan','Bandar-e Anzali',NULL,NULL,0),('qnqzbb7461','Eric','Stevens','Eric Stevens','09656026244',207391438,'lnmygyoqk91585','Diploma','Nursing',NULL,NULL,'2017-05-10',NULL,'Fars','Maragheh',NULL,NULL,1),('qoahts8573','Joshua','Pierce','Joshua Pierce','09725170734',185307307,'epmkfceex99189','Ph.D.','Mechanical Engineering',NULL,NULL,'2016-09-08',NULL,'Fars','Sabzevar',NULL,NULL,0),('qogptr6097','Barbara','Gibson','Barbara Gibson','09840031002',164572533,'qelvjjzko97162','Diploma','Political Science',NULL,NULL,'2005-11-13',NULL,'Tehran','Kaleybar',NULL,NULL,1),('qomxmb1078','Lisa','Terrell','Lisa Terrell','09801398803',390288074,'txlgjzgdy34354','Ph.D.','Sociology',NULL,NULL,'2012-04-03',NULL,'Golestan','Neyshabur',NULL,NULL,1),('qpguny9638','Peter','Garcia','Peter Garcia','09892877012',296162967,'ndmhvwmgn64866','Ph.D.','Civil Engineering',NULL,NULL,'2007-06-15',NULL,'Bushehr','Tehran',NULL,NULL,1),('qpoysa5416','Todd','Harris','Todd Harris','09309536838',309965218,'hskkjjdax74004','Bachelor','Computer Science',NULL,NULL,'2021-12-07',NULL,'Lorestan','Shahin Shahr',NULL,NULL,1),('qpsehd7206','Sherri','Gutierrez','Sherri Gutierrez','09549360721',128560508,'opvcppact78825','Master','Civil Engineering',NULL,NULL,'2017-08-13',NULL,'Bushehr','Najafabad',NULL,NULL,1),('qpvfmh9664','Alexandra','Shelton','Alexandra Shelton','09501436547',98816601,'adtjsqjzn65498','Bachelor','Biology',NULL,NULL,'2009-06-23',NULL,'Gilan','Karaj',NULL,NULL,0),('qpwsvs8317','Samuel','Phillips','Samuel Phillips','09673986722',446628441,'idssrdngj98159','Diploma','Chemistry',NULL,NULL,'2010-06-08',NULL,'Tehran','Marvdasht',NULL,NULL,0),('qqdfnb2488','Dylan','Rowland','Dylan Rowland','09783262142',143367842,'swssoaimx47287','Ph.D.','Political Science',NULL,NULL,'2013-10-01',NULL,'Isfahan','Kaleybar',NULL,NULL,0),('qqetmb1346','Erin','Wells','Erin Wells','09380650410',163508364,'nyypizmvv64042','Bachelor','Computer Science',NULL,NULL,'2009-08-11',NULL,'Golestan','Shahin Shahr',NULL,NULL,0),('qqnjvb5003','Daniel','Little','Daniel Little','09542117605',423778091,'jiqoxttsx47373','Diploma','English Literature',NULL,NULL,'2014-02-20',NULL,'Yazd','Tehran',NULL,NULL,0),('qqompl7217','Alyssa','Lee','Alyssa Lee','09765938175',236392181,'kayeweecv84823','Diploma','Electrical Engineering',NULL,NULL,'2015-02-20',NULL,'Gilan','Eslamshahr',NULL,NULL,0),('qqzpfb2795','Lori','Burton','Lori Burton','09738402787',29442432,'otxrnxrad74025','Master','Psychology',NULL,NULL,'2017-09-16',NULL,'Mazandaran','Abadan',NULL,NULL,0),('qredty3126','Daniel','Fox','Daniel Fox','09932147306',289061381,'sqqdjlbmp7646','Ph.D.','Business Administration',NULL,NULL,'2009-08-30',NULL,'Markazi','Jahrom',NULL,NULL,0),('qstroy8838','Wayne','Harris','Wayne Harris','09269775970',100142276,'ynvtzojkx51499','Master','Computer Science',NULL,NULL,'2012-09-04',NULL,'Isfahan','Bandar-e Anzali',NULL,NULL,0),('qtcdui1488','Kiara','Salinas','Kiara Salinas','09757461153',445260579,'jluepouxk60725','Diploma','Architecture',NULL,NULL,'2010-10-02',NULL,'Razavi Khorasan','Eslamshahr',NULL,NULL,0),('qtnixb2509','Karen','Douglas','Karen Douglas','09819807202',49673633,'zstlizcvd69460','Diploma','Chemistry',NULL,NULL,'2016-05-27',NULL,'Markazi','Sari',NULL,NULL,1),('qtttzk6405','Douglas','Dominguez','Douglas Dominguez','09562542202',354455878,'tqpzctlcr66283','Bachelor','Environmental Science',NULL,NULL,'2015-08-20',NULL,'Markazi','Rafsanjan',NULL,NULL,0),('quapnr2982','Andrea','Moreno','Andrea Moreno','09280178906',343268042,'tqosvvbdm21460','Bachelor','Linguistics',NULL,NULL,'2023-06-13',NULL,'Kurdistan','Urmia',NULL,NULL,1),('qucbdn6893','Cynthia','Reid','Cynthia Reid','09608198662',4593852,'bbelilkst18874','Bachelor','Physics',NULL,NULL,'2012-03-08',NULL,'Markazi','Kaleybar',NULL,NULL,0),('quivgt1079','Katie','Shaw','Katie Shaw','09663401480',30128613,'hzrvyebkm96118','Diploma','Biology',NULL,NULL,'2009-11-24',NULL,'Razavi Khorasan','Maragheh',NULL,NULL,1),('qupayl5221','Alyssa','Estrada','Alyssa Estrada','09801101025',414625211,'usbdqxghw26654','Diploma','Business Administration',NULL,NULL,'2021-12-30',NULL,'Hormozgan','Amol',NULL,NULL,1),('quqoyf1579','Nicholas','Porter','Nicholas Porter','09404415777',130939066,'cnatnadet20549','Ph.D.','Physics',NULL,NULL,'2020-11-03',NULL,'Tehran','Babol',NULL,NULL,0),('qusnib6980','Jessica','Burns','Jessica Burns','09490445032',197162621,'gqhlcpzcj49240','Bachelor','Architecture',NULL,NULL,'2013-08-30',NULL,'Golestan','Rasht',NULL,NULL,1),('qutvpj1862','Brian','Alexander','Brian Alexander','09836085054',346602897,'zhwvvelsx2410','Diploma','Physics',NULL,NULL,'2006-07-01',NULL,'Isfahan','Karaj',NULL,NULL,0),('quyfxr8212','Lauren','Barnett','Lauren Barnett','09235402553',276751090,'kcxkzbtsw90961','Master','Biology',NULL,NULL,'2016-08-23',NULL,'Markazi','Neyshabur',NULL,NULL,1),('qvdjhg8398','Natalie','Hernandez','Natalie Hernandez','09646392173',67085981,'vgggsihfe95234','Diploma','Computer Science',NULL,NULL,'2015-01-18',NULL,'Khuzestan','Karaj',NULL,NULL,1),('qveknj3265','Heather','Rogers','Heather Rogers','09216132771',253697822,'pdiwkhwdz73368','Master','Civil Engineering',NULL,NULL,'2015-11-06',NULL,'Fars','Jahrom',NULL,NULL,1),('qvibzl2903','Rebecca','Williams','Rebecca Williams','09287895503',286983666,'knhztibzf40793','Diploma','Computer Science',NULL,NULL,'2020-07-21',NULL,'West Azerbaijan','Babol',NULL,NULL,0),('qviell3462','Katherine','James','Katherine James','09691680616',272653831,'afshloiwp79539','Bachelor','Chemistry',NULL,NULL,'2018-11-26',NULL,'Kermanshah','Najafabad',NULL,NULL,0),('qvyrsh2680','Nicole','Gutierrez','Nicole Gutierrez','09277302835',397852093,'wfwthipjq33846','Ph.D.','Political Science',NULL,NULL,'2016-12-07',NULL,'Hamedan','Isfahan',NULL,NULL,0),('qvzyil9522','David','Howell','David Howell','09495235963',151707240,'tmycheows98326','Master','Chemistry',NULL,NULL,'2016-12-15',NULL,'Tehran','Amol',NULL,NULL,0),('qwtlig2871','Natalie','Lynn','Natalie Lynn','09250216361',70378685,'mqweowbqz28942','Diploma','History',NULL,NULL,'2006-01-11',NULL,'Khuzestan','Najafabad',NULL,NULL,1),('qwxosd2833','Stephanie','Aguilar','Stephanie Aguilar','09605704650',492114699,'jxbwbtubu95650','Master','Biology',NULL,NULL,'2021-10-16',NULL,'Mazandaran','Tehran',NULL,NULL,0),('qwypxy8574','Charlene','Sanchez','Charlene Sanchez','09857866197',450619392,'odfjrshne35992','Ph.D.','Environmental Science',NULL,NULL,'2023-09-18',NULL,'Kerman','Marvdasht',NULL,NULL,0),('qxihxr3736','Scott','Harris','Scott Harris','09220123150',273845899,'agwtrdubd16889','Master','Electrical Engineering',NULL,NULL,'2022-02-19',NULL,'East Azerbaijan','Abadan',NULL,NULL,1),('qxpwyy9553','Robert','Watson','Robert Watson','09278815526',249386165,'syexwuaho68149','Master','Environmental Science',NULL,NULL,'2011-07-02',NULL,'Kurdistan','Shahin Shahr',NULL,NULL,1),('qxxbnk4951','Benjamin','Lopez','Benjamin Lopez','09873210241',274210605,'ylyftnhds3629','Master','English Literature',NULL,NULL,'2008-09-01',NULL,'Hormozgan','Sabzevar',NULL,NULL,0),('qxzxpn3177','Tami','Molina','Tami Molina','09623986759',76620668,'qlcftphjf44081','Ph.D.','Nursing',NULL,NULL,'2010-05-10',NULL,'Razavi Khorasan','Neyshabur',NULL,NULL,0),('qybkmh9485','Chelsea','Barnes','Chelsea Barnes','09969788812',65438526,'nzqashbfy77242','Bachelor','Business Administration',NULL,NULL,'2019-05-20',NULL,'Markazi','Urmia',NULL,NULL,1),('qyosej4655','Charles','Washington','Charles Washington','09187480061',473522571,'mignsebcm61077','Ph.D.','Economics',NULL,NULL,'2019-04-25',NULL,'Khuzestan','Najafabad',NULL,NULL,1),('qyzpwv3263','Melinda','Nelson','Melinda Nelson','09864895245',255896053,'foyaothlm47947','Master','Civil Engineering',NULL,NULL,'2009-12-06',NULL,'Markazi','Mashhad',NULL,NULL,0),('qzfyuk3224','Deanna','Walker','Deanna Walker','09858172462',391582105,'dprvxhpmx35248','Ph.D.','History',NULL,NULL,'2013-11-23',NULL,'West Azerbaijan','Kaleybar',NULL,NULL,1),('qzufxk9115','Ronald','Luna','Ronald Luna','09755349746',144332659,'auzksnmoq31174','Bachelor','Mechanical Engineering',NULL,NULL,'2005-01-23',NULL,'Kermanshah','Marvdasht',NULL,NULL,0),('rabmsk6051','Brianna','Robinson','Brianna Robinson','09201633334',358269623,'chmxczzbd86774','Master','Electrical Engineering',NULL,NULL,'2013-08-12',NULL,'Razavi Khorasan','Isfahan',NULL,NULL,0),('rbmeti9980','Justin','Lozano','Justin Lozano','09384731261',396052219,'ulevgknfw33580','Ph.D.','Political Science',NULL,NULL,'2009-03-26',NULL,'Golestan','Najafabad',NULL,NULL,0),('rbpdzt1665','Mrs.','Amy','Mrs. Amy','09775280879',146841223,'lknuxgaji24549','Bachelor','Psychology',NULL,NULL,'2009-06-18',NULL,'Hormozgan','Kerman',NULL,NULL,1),('rbvwxo6113','Ronald','Bishop','Ronald Bishop','09280842052',371893342,'qeeqhrsxs72639','Master','Sociology',NULL,NULL,'2012-11-23',NULL,'Markazi','Jahrom',NULL,NULL,1),('rcewps3706','Nicholas','Hull','Nicholas Hull','09167381677',198557090,'tczoqcydd78234','Master','English Literature',NULL,NULL,'2022-02-18',NULL,'Isfahan','Bandar-e Anzali',NULL,NULL,1),('rchpws3480','Samantha','Stokes','Samantha Stokes','09412113245',266321901,'dcxfqpvpe25490','Master','Computer Science',NULL,NULL,'2007-09-27',NULL,'Isfahan','Urmia',NULL,NULL,0),('rdiceh1615','Maria','Wood','Maria Wood','09564270835',491973209,'mdgtrwkcu77297','Ph.D.','Physics',NULL,NULL,'2020-03-09',NULL,'Gilan','Bandar-e Anzali',NULL,NULL,1),('rdmjsp4167','Daniel','Jefferson','Daniel Jefferson','09720584721',494079523,'pjbeejncq70960','Diploma','Civil Engineering',NULL,NULL,'2013-09-01',NULL,'Bushehr','Amol',NULL,NULL,1),('reqajn3375','Steven','Hanson','Steven Hanson','09287931488',389131536,'lkfpmpqkd75044','Diploma','History',NULL,NULL,'2005-03-29',NULL,'Yazd','Sirjan',NULL,NULL,0),('rerqrn7783','Dr.','Matthew','Dr. Matthew','09139915056',241993475,'zghjnfvoj55764','Bachelor','Biology',NULL,NULL,'2012-08-30',NULL,'Khuzestan','Isfahan',NULL,NULL,1),('rfglks3033','Brent','Barnes','Brent Barnes','09977706647',327652282,'dsiepsxdx87307','Master','Physics',NULL,NULL,'2011-09-02',NULL,'Kerman','Ahvaz',NULL,NULL,1),('rgmxyj6856','Donald','Edwards','Donald Edwards','09167196748',439624785,'zgobotjnb76053','Ph.D.','Economics',NULL,NULL,'2014-05-13',NULL,'Gilan','Karaj',NULL,NULL,0),('rgqohg3258','Brian','Henderson','Brian Henderson','09507915522',109365838,'ktgzbkkho12405','Master','Civil Engineering',NULL,NULL,'2010-01-20',NULL,'Kermanshah','Tabriz',NULL,NULL,0),('rgxxvk3372','Sierra','Kim','Sierra Kim','09114537750',476861254,'wlssrfedj73640','Master','Environmental Science',NULL,NULL,'2021-06-07',NULL,'West Azerbaijan','Tabriz',NULL,NULL,0),('rgygca3399','Mark','Robertson','Mark Robertson','09443487023',324855572,'ffvrwmmiw20329','Bachelor','History',NULL,NULL,'2011-02-25',NULL,'Markazi','Kaleybar',NULL,NULL,0),('rhfwdf8794','Steven','Cannon','Steven Cannon','09235807750',197452044,'tbcbnmoft94666','Bachelor','Sociology',NULL,NULL,'2014-11-08',NULL,'East Azerbaijan','Sari',NULL,NULL,1),('rhqdxn5377','Anthony','Gonzalez','Anthony Gonzalez','09570952989',488852339,'icnmzlhsh58689','Bachelor','Environmental Science',NULL,NULL,'2015-04-07',NULL,'Mazandaran','Kerman',NULL,NULL,0),('rhwfhv3625','David','Roberts','David Roberts','09135336693',367945576,'iajpqhhbk46128','Master','Economics',NULL,NULL,'2022-03-07',NULL,'Khuzestan','Urmia',NULL,NULL,1),('rigbpb8532','Lauren','Perez','Lauren Perez','09196259691',56288603,'luiglhjtt60525','Master','Mathematics',NULL,NULL,'2008-04-04',NULL,'Isfahan','Kaleybar',NULL,NULL,1),('rioivm7767','David','Maynard','David Maynard','09865290302',305536358,'jpmeevbpa60380','Master','Chemistry',NULL,NULL,'2020-06-29',NULL,'Bushehr','Karaj',NULL,NULL,1),('ripwcn6727','Nicole','Smith','Nicole Smith','09230479296',271253323,'ohqmtokop36855','Bachelor','Civil Engineering',NULL,NULL,'2015-06-03',NULL,'Khuzestan','Najafabad',NULL,NULL,1),('rkhnvp6729','Patricia','Warner','Patricia Warner','09782025094',357851942,'lbuhxlcsv67877','Ph.D.','English Literature',NULL,NULL,'2022-10-22',NULL,'Tehran','Neyshabur',NULL,NULL,0),('rkiqsb2479','Paul','Tanner','Paul Tanner','09883219815',54065042,'ylsyjfwkj17869','Master','Computer Science',NULL,NULL,'2013-11-18',NULL,'Khuzestan','Rafsanjan',NULL,NULL,1),('rkpbmu7536','Alexandra','Young','Alexandra Young','09533889711',415316331,'jgfhecfiw74080','Diploma','Linguistics',NULL,NULL,'2009-04-13',NULL,'Hormozgan','Neyshabur',NULL,NULL,0),('rmahkp7472','John','Hudson','John Hudson','09903264530',94697315,'nrlmougjd55622','Diploma','Computer Science',NULL,NULL,'2017-06-17',NULL,'Razavi Khorasan','Marvdasht',NULL,NULL,1),('roobsx9995','Shelia','Aguirre','Shelia Aguirre','09332629437',152749613,'nbwayaufa87789','Master','Chemistry',NULL,NULL,'2017-07-13',NULL,'Khuzestan','Maragheh',NULL,NULL,0),('royxtm3269','Jessica','Williams','Jessica Williams','09308976364',378319992,'qcriefpbh36515','Ph.D.','Sociology',NULL,NULL,'2016-05-25',NULL,'Kerman','Eslamshahr',NULL,NULL,1),('rpjysj6284','Scott','Romero','Scott Romero','09345002228',82956582,'qargzwzvw17407','Master','Linguistics',NULL,NULL,'2011-11-23',NULL,'Lorestan','Lahijan',NULL,NULL,1),('rpolny8115','Traci','Francis','Traci Francis','09403039939',43180851,'kzoqoxbud78732','Diploma','Linguistics',NULL,NULL,'2022-08-03',NULL,'Kermanshah','Maragheh',NULL,NULL,1),('rqmdfg2221','Kim','Salazar','Kim Salazar','09508064283',405353357,'mvqfrbyjj79505','Master','Mechanical Engineering',NULL,NULL,'2014-01-13',NULL,'Tehran','Najafabad',NULL,NULL,1),('rqyuoh2599','Lisa','Miller','Lisa Miller','09730400348',96709518,'thniswvnk27672','Master','History',NULL,NULL,'2011-09-21',NULL,'Lorestan','Isfahan',NULL,NULL,1),('rsboxv3662','Dr.','Shelby','Dr. Shelby','09867920561',193002241,'ghnygxdvw2198','Bachelor','Mechanical Engineering',NULL,NULL,'2021-05-07',NULL,'Markazi','Bandar-e Anzali',NULL,NULL,1),('rsomlr7730','Dr.','Terry','Dr. Terry','09918370131',80156647,'xqmndxjcb71046','Bachelor','Business Administration',NULL,NULL,'2020-07-02',NULL,'West Azerbaijan','Marvdasht',NULL,NULL,0),('rtbdod5455','Savannah','Middleton','Savannah Middleton','09177688364',31883766,'slkkghbbh4098','Diploma','Biology',NULL,NULL,'2019-05-29',NULL,'Fars','Neyshabur',NULL,NULL,1),('rugcjv7238','Ryan','Martin','Ryan Martin','09110861082',412441147,'jmlowrdjs28497','Diploma','Nursing',NULL,NULL,'2006-11-26',NULL,'Bushehr','Najafabad',NULL,NULL,0),('runcnh3921','Maria','Olson','Maria Olson','09263809007',354395559,'mqnguwhgi17168','Master','Electrical Engineering',NULL,NULL,'2021-05-11',NULL,'Kurdistan','Marvdasht',NULL,NULL,0),('ruomzb2563','Kevin','Stein','Kevin Stein','09609202889',66105349,'ctboolrag32802','Ph.D.','Environmental Science',NULL,NULL,'2011-04-13',NULL,'Kurdistan','Urmia',NULL,NULL,0),('rvlerp9438','Douglas','Ferguson','Douglas Ferguson','09788688994',497341164,'ndwnqvsks24753','Ph.D.','Chemistry',NULL,NULL,'2017-02-25',NULL,'West Azerbaijan','Neyshabur',NULL,NULL,1),('rvmdup1872','Casey','Flowers','Casey Flowers','09400531545',32910718,'cfljqcfgn24868','Ph.D.','Sociology',NULL,NULL,'2009-06-09',NULL,'Ardabil','Jahrom',NULL,NULL,1),('rvmqlq4849','Dennis','Fields','Dennis Fields','09249375658',178094130,'fvfdlhgcx25830','Diploma','Mechanical Engineering',NULL,NULL,'2014-03-30',NULL,'Yazd','Dezful',NULL,NULL,1),('rwioet1721','Danielle','Brown','Danielle Brown','09176770976',390346881,'lunrbewec36793','Ph.D.','Nursing',NULL,NULL,'2013-08-20',NULL,'Kermanshah','Sabzevar',NULL,NULL,0),('rwkftn7651','Michael','Simpson','Michael Simpson','09783295670',87236612,'ydrrbscyz69242','Diploma','English Literature',NULL,NULL,'2005-08-22',NULL,'Fars','Kerman',NULL,NULL,0),('rwkkhm4895','Emily','Roberts','Emily Roberts','09518818465',102985135,'mftbgulya41145','Bachelor','Political Science',NULL,NULL,'2007-08-11',NULL,'West Azerbaijan','Shiraz',NULL,NULL,1),('rxrayk4468','Adrian','Matthews','Adrian Matthews','09966999897',102729418,'bjoepmwfy1425','Ph.D.','English Literature',NULL,NULL,'2005-05-03',NULL,'Gilan','Sabzevar',NULL,NULL,0),('rxwnsq1404','Kevin','Gross','Kevin Gross','09121169438',293500056,'bdckhpjme88845','Diploma','Biology',NULL,NULL,'2006-06-05',NULL,'Tehran','Babol',NULL,NULL,0),('rxyeiu6388','Beverly','Coleman','Beverly Coleman','09840317285',162072757,'dcdwoawfd14591','Diploma','Psychology',NULL,NULL,'2019-11-07',NULL,'Lorestan','Isfahan',NULL,NULL,0),('rydfso7951','Monica','Burnett','Monica Burnett','09501583324',240736724,'uhdeizhpm9868','Ph.D.','History',NULL,NULL,'2023-05-27',NULL,'Gilan','Jahrom',NULL,NULL,0),('ryelna6586','Lori','Martinez','Lori Martinez','09843736130',288757960,'umnugyuao90352','Ph.D.','Economics',NULL,NULL,'2010-09-11',NULL,'Hamedan','Tabriz',NULL,NULL,1),('ryggay8110','Marcus','Rojas','Marcus Rojas','09372462070',202586446,'invnpxhde96937','Diploma','Chemistry',NULL,NULL,'2021-11-29',NULL,'West Azerbaijan','Babol',NULL,NULL,1),('ryifny6508','Roger','Friedman','Roger Friedman','09272113764',36191722,'dhcyjzrof35928','Ph.D.','Architecture',NULL,NULL,'2005-10-28',NULL,'East Azerbaijan','Shiraz',NULL,NULL,1),('rypwpw6184','Henry','Alvarado','Henry Alvarado','09818165209',492884814,'jbkeovfck25063','Master','Architecture',NULL,NULL,'2019-10-14',NULL,'Gilan','Najafabad',NULL,NULL,0),('ryxgbg9054','Kurt','Suarez','Kurt Suarez','09304099723',343495287,'dkvnyzkct48343','Master','Civil Engineering',NULL,NULL,'2018-06-04',NULL,'Mazandaran','Sabzevar',NULL,NULL,1),('ryxylb7929','Robert','Moore','Robert Moore','09906998242',478145440,'jwbnxwqsf9967','Master','Biology',NULL,NULL,'2005-07-25',NULL,'Bushehr','Kerman',NULL,NULL,0),('rzdcad5374','Tammy','Blackwell','Tammy Blackwell','09852698874',233518520,'bleezveza92561','Master','Environmental Science',NULL,NULL,'2023-11-11',NULL,'West Azerbaijan','Mahabad',NULL,NULL,1),('rzeljt1686','Renee','Gentry','Renee Gentry','09216679479',370567966,'zijrtyxup84874','Bachelor','Chemistry',NULL,NULL,'2016-12-26',NULL,'Gilan','Mashhad',NULL,NULL,1),('rzfngl4144','John','Hobbs','John Hobbs','09253476202',335383416,'qfhlzqcmy50864','Master','English Literature',NULL,NULL,'2010-10-09',NULL,'Razavi Khorasan','Sabzevar',NULL,NULL,0),('saeqkv1508','Donald','Gentry','Donald Gentry','09617347288',356571494,'ajkqmdgog5120','Master','Linguistics',NULL,NULL,'2008-10-10',NULL,'Kermanshah','Tehran',NULL,NULL,1),('salzju6134','Angela','Hutchinson','Angela Hutchinson','09746839906',336648310,'gtgpzfilv67813','Ph.D.','Graphic Design',NULL,NULL,'2008-01-06',NULL,'Kurdistan','Shahin Shahr',NULL,NULL,0),('sbajvw4147','Kathleen','Faulkner','Kathleen Faulkner','09754034613',303546716,'ksbcepgvm32807','Diploma','Political Science',NULL,NULL,'2007-11-07',NULL,'Tehran','Lahijan',NULL,NULL,1),('sbbmxo1763','Michelle','Reyes','Michelle Reyes','09264779638',459117202,'kncsjbmxp6937','Master','Environmental Science',NULL,NULL,'2018-01-28',NULL,'Razavi Khorasan','Tabriz',NULL,NULL,0),('sblcba8119','Abigail','Graham','Abigail Graham','09922052157',117284871,'iyjdzzvar40884','Ph.D.','Psychology',NULL,NULL,'2014-07-10',NULL,'Isfahan','Shahin Shahr',NULL,NULL,0),('sblgyg7450','Robert','Patterson','Robert Patterson','09836294346',152761919,'irkbqwapa86243','Diploma','Sociology',NULL,NULL,'2006-11-15',NULL,'Ardabil','Jahrom',NULL,NULL,1),('sbouhr2222','Courtney','Jordan','Courtney Jordan','09950110158',178906515,'jhzwrywjc20073','Ph.D.','Electrical Engineering',NULL,NULL,'2014-10-02',NULL,'Mazandaran','Shahin Shahr',NULL,NULL,1),('sdkzrx1219','James','Walters','James Walters','09693863827',329226994,'eeqxvfzma15274','Diploma','Civil Engineering',NULL,NULL,'2014-03-22',NULL,'Kerman','Shahin Shahr',NULL,NULL,0),('seacgi6983','Samantha','Olson','Samantha Olson','09196097250',1094873,'kfkggiztj17457','Bachelor','Architecture',NULL,NULL,'2022-12-30',NULL,'Fars','Eslamshahr',NULL,NULL,1),('seikff1194','Justin','Sanchez','Justin Sanchez','09206180290',178953335,'bggnmeeuh21389','Bachelor','Graphic Design',NULL,NULL,'2008-12-13',NULL,'Ardabil','Eslamshahr',NULL,NULL,0),('sfgaiw6773','Monica','Watkins','Monica Watkins','09565621621',335796478,'getqhavyh21438','Master','Psychology',NULL,NULL,'2014-04-26',NULL,'Razavi Khorasan','Mashhad',NULL,NULL,1),('sflyis1956','James','Valencia','James Valencia','09693425825',355436347,'jdwtuhjbb34951','Bachelor','Economics',NULL,NULL,'2018-01-13',NULL,'Tehran','Maragheh',NULL,NULL,1),('sgcuhc9977','Brandon','Tate','Brandon Tate','09792879286',256535811,'xfzxelieb98875','Ph.D.','Business Administration',NULL,NULL,'2015-11-03',NULL,'Kurdistan','Isfahan',NULL,NULL,0),('sgyfgg9313','Chad','Cabrera','Chad Cabrera','09950666341',185415529,'nejkoilyh96988','Ph.D.','Graphic Design',NULL,NULL,'2005-08-12',NULL,'Ardabil','Jahrom',NULL,NULL,0),('shsela9226','Eric','Brown','Eric Brown','09606174335',115974966,'mdhtkozcl64640','Master','Graphic Design',NULL,NULL,'2014-01-03',NULL,'West Azerbaijan','Shahin Shahr',NULL,NULL,1),('siacmw3969','Kevin','Gilbert','Kevin Gilbert','09944871426',157062856,'dmkerqjio65055','Master','Chemistry',NULL,NULL,'2011-04-09',NULL,'Golestan','Karaj',NULL,NULL,1),('siipju6241','Linda','Anderson','Linda Anderson','09721110834',458696845,'njdekblgx19926','Diploma','Economics',NULL,NULL,'2008-08-05',NULL,'Kurdistan','Shiraz',NULL,NULL,0),('sjkgrn2725','Angela','Phillips','Angela Phillips','09868714886',332115459,'gpmtypjbp66563','Master','Physics',NULL,NULL,'2019-06-15',NULL,'Yazd','Najafabad',NULL,NULL,1),('skqhfh9058','Lucas','Deleon','Lucas Deleon','09133175190',457281541,'tqgtdokii31689','Bachelor','Economics',NULL,NULL,'2022-04-12',NULL,'Golestan','Khoy',NULL,NULL,1),('skwhda3675','Ashley','Chambers','Ashley Chambers','09195877659',268919323,'phgocesdj44567','Bachelor','Mechanical Engineering',NULL,NULL,'2019-10-29',NULL,'Markazi','Najafabad',NULL,NULL,1),('sliscu3040','George','Day','George Day','09292692753',73378823,'jyqmhmdqt9530','Ph.D.','Economics',NULL,NULL,'2011-06-29',NULL,'Fars','Najafabad',NULL,NULL,0),('slmcvn7068','Donna','Barnes','Donna Barnes','09612711788',376052029,'jyxbcxpdu39193','Diploma','Environmental Science',NULL,NULL,'2022-10-11',NULL,'East Azerbaijan','Mahabad',NULL,NULL,0),('sluual5828','Brian','Hardin','Brian Hardin','09339876147',280517984,'pqakizuax73556','Bachelor','Electrical Engineering',NULL,NULL,'2018-06-13',NULL,'Yazd','Kerman',NULL,NULL,1),('smaodk4761','Jerry','Mooney','Jerry Mooney','09318887606',88877429,'gcoyuungb12908','Bachelor','Psychology',NULL,NULL,'2017-12-14',NULL,'Gilan','Isfahan',NULL,NULL,1),('smcdyx9772','Lisa','Perez','Lisa Perez','09899236611',117920954,'pcpwzsrrc28430','Ph.D.','Linguistics',NULL,NULL,'2009-12-11',NULL,'East Azerbaijan','Dezful',NULL,NULL,1),('smfbmx5822','Scott','Morgan','Scott Morgan','09859872081',185150896,'wkxwivlin20746','Ph.D.','Business Administration',NULL,NULL,'2023-08-24',NULL,'Kermanshah','Rafsanjan',NULL,NULL,0),('smfewo8413','Matthew','Schwartz','Matthew Schwartz','09274045403',475263148,'hewlhyify9071','Bachelor','Civil Engineering',NULL,NULL,'2006-03-14',NULL,'Kurdistan','Kaleybar',NULL,NULL,0),('smjndh3670','Laura','Campbell','Laura Campbell','09381538552',45022049,'meyjlbjyo64591','Diploma','English Literature',NULL,NULL,'2018-12-28',NULL,'Golestan','Urmia',NULL,NULL,0),('smlmxm5214','Angela','Rocha','Angela Rocha','09959629339',199666981,'utkhfgdzk58803','Diploma','History',NULL,NULL,'2006-12-22',NULL,'West Azerbaijan','Sari',NULL,NULL,0),('smwlzj9328','Katie','Sullivan','Katie Sullivan','09355204521',256435551,'jmjkrxpnw51305','Master','Economics',NULL,NULL,'2006-04-06',NULL,'Kerman','Sabzevar',NULL,NULL,1),('snpgsz9674','Mrs.','Elizabeth','Mrs. Elizabeth','09500385995',208616185,'dkqneepak31398','Master','Biology',NULL,NULL,'2007-08-13',NULL,'Kerman','Tabriz',NULL,NULL,1),('snwtoo2185','Tiffany','Garcia','Tiffany Garcia','09698334162',90793821,'nfdvgnwec82135','Master','Chemistry',NULL,NULL,'2012-11-04',NULL,'Isfahan','Dezful',NULL,NULL,1),('sozlwj5651','Nicholas','Johnson','Nicholas Johnson','09318099590',491864037,'orjuoyskb73694','Diploma','Physics',NULL,NULL,'2019-04-03',NULL,'Yazd','Abadan',NULL,NULL,1),('spbdxm6902','David','Allen','David Allen','09791013044',187029515,'vedesnymu40373','Master','Environmental Science',NULL,NULL,'2011-03-26',NULL,'Ardabil','Neyshabur',NULL,NULL,1),('sqnkqe4009','Heather','Baker','Heather Baker','09163769926',216567403,'tywxnkucm86115','Ph.D.','Graphic Design',NULL,NULL,'2010-07-21',NULL,'West Azerbaijan','Urmia',NULL,NULL,0),('srdcgc4989','Sarah','Miller','Sarah Miller','09723441480',65799658,'dmybbbybf4635','Diploma','Physics',NULL,NULL,'2014-09-26',NULL,'Razavi Khorasan','Maragheh',NULL,NULL,1),('sskeeg5450','Gregory','Young','Gregory Young','09443779584',482387233,'okcwfahyt66473','Diploma','Electrical Engineering',NULL,NULL,'2015-08-18',NULL,'Yazd','Karaj',NULL,NULL,1),('sspyhy5679','Christine','Miles','Christine Miles','09874664568',459201865,'amagpefgz56504','Bachelor','Political Science',NULL,NULL,'2015-03-30',NULL,'Markazi','Sirjan',NULL,NULL,0),('ssvjpu2008','Sarah','Williams','Sarah Williams','09749996465',11245457,'ldibcangf66325','Ph.D.','Psychology',NULL,NULL,'2017-05-24',NULL,'Tehran','Karaj',NULL,NULL,0),('suggyc8790','David','Dalton','David Dalton','09214106663',47419969,'cmktasiny73938','Ph.D.','Linguistics',NULL,NULL,'2022-08-19',NULL,'Isfahan','Sabzevar',NULL,NULL,0),('sukwja1941','Meagan','Rubio','Meagan Rubio','09410271742',379772709,'vtznigkpg26272','Ph.D.','Economics',NULL,NULL,'2019-08-05',NULL,'Tehran','Maragheh',NULL,NULL,1),('svquwr7480','Cindy','Waters','Cindy Waters','09273994492',81656750,'ubdqsjouy50307','Master','Environmental Science',NULL,NULL,'2019-02-27',NULL,'Golestan','Lahijan',NULL,NULL,1),('swggox6699','Erika','Bentley','Erika Bentley','09972640845',204669518,'djfvjegir43603','Bachelor','History',NULL,NULL,'2017-10-29',NULL,'Gilan','Lahijan',NULL,NULL,1),('swyejx2395','Sharon','Mack','Sharon Mack','09582352498',101751565,'oxmvoebyj75653','Ph.D.','Chemistry',NULL,NULL,'2014-11-06',NULL,'Golestan','Bandar-e Anzali',NULL,NULL,1),('sxhbrc3478','Yvonne','Rhodes','Yvonne Rhodes','09848313760',135179224,'owmjdswyw23621','Ph.D.','Psychology',NULL,NULL,'2007-02-05',NULL,'Lorestan','Marvdasht',NULL,NULL,1),('sxucbk5016','Victor','Little','Victor Little','09209091820',184147786,'ukzaieaki99720','Diploma','Political Science',NULL,NULL,'2022-09-24',NULL,'Markazi','Tehran',NULL,NULL,0),('sxveru6894','Michael','Jordan','Michael Jordan','09934749863',68573836,'gmxkysyhc77034','Ph.D.','Business Administration',NULL,NULL,'2009-09-13',NULL,'Yazd','Amol',NULL,NULL,1),('syepfe3947','Andrew','Leonard','Andrew Leonard','09409472611',91164588,'ginutpnsm19161','Master','Nursing',NULL,NULL,'2011-03-23',NULL,'Yazd','Shiraz',NULL,NULL,1),('syiokw6402','Bradley','Middleton','Bradley Middleton','09221890922',154614993,'wymaovnrh23523','Ph.D.','English Literature',NULL,NULL,'2011-05-23',NULL,'Kurdistan','Marvdasht',NULL,NULL,0),('sykwec2391','Jennifer','Moreno','Jennifer Moreno','09723819262',50819175,'mcrzwrbye2305','Master','Graphic Design',NULL,NULL,'2021-06-16',NULL,'Markazi','Sirjan',NULL,NULL,1),('synqhl7156','Sharon','Coleman','Sharon Coleman','09247288190',463490205,'hfuicumlg46447','Bachelor','Environmental Science',NULL,NULL,'2011-10-29',NULL,'Bushehr','Lahijan',NULL,NULL,0),('szkxuy2338','Carl','Johns','Carl Johns','09832185465',428879737,'kjlnhbhat57769','Master','Mathematics',NULL,NULL,'2009-08-09',NULL,'Tehran','Karaj',NULL,NULL,0),('tayeqc1757','Brian','Hansen','Brian Hansen','09324055395',439992787,'khxiqtwko37756','Diploma','Computer Science',NULL,NULL,'2005-05-27',NULL,'Fars','Jahrom',NULL,NULL,0),('tbjmxd6276','Jennifer','Hughes','Jennifer Hughes','09814399979',102582072,'xknyjojsq23101','Diploma','English Literature',NULL,NULL,'2016-02-24',NULL,'Lorestan','Amol',NULL,NULL,1),('tbktcb3275','Michael','Smith','Michael Smith','09866941689',319766866,'eidkgiyze31166','Master','Computer Science',NULL,NULL,'2020-11-16',NULL,'Mazandaran','Tehran',NULL,NULL,1),('tcqepf4061','Amy','Greene','Amy Greene','09488826618',80702835,'vkdicusua65331','Ph.D.','History',NULL,NULL,'2006-09-28',NULL,'Yazd','Sabzevar',NULL,NULL,0),('tczslu2106','Ashley','Mckinney','Ashley Mckinney','09791942311',287105101,'wmujuuskp77138','Diploma','Economics',NULL,NULL,'2015-03-26',NULL,'Gilan','Neyshabur',NULL,NULL,0),('tdqfzx1260','Ashley','Porter','Ashley Porter','09750216804',487171897,'jzwxrgskf54750','Master','Environmental Science',NULL,NULL,'2006-10-09',NULL,'Lorestan','Karaj',NULL,NULL,1),('teawnd3702','Claire','Garcia','Claire Garcia','09652814156',262627633,'rmzyluyll78491','Ph.D.','Graphic Design',NULL,NULL,'2006-01-23',NULL,'Isfahan','Karaj',NULL,NULL,0),('tehlfc9276','Carl','Wiggins','Carl Wiggins','09331422924',333276596,'nyqvozpfr7182','Bachelor','Graphic Design',NULL,NULL,'2010-03-12',NULL,'Khuzestan','Karaj',NULL,NULL,1),('tfaiia8358','Melinda','Jimenez','Melinda Jimenez','09573505969',25963103,'ungtolghw62388','Ph.D.','Psychology',NULL,NULL,'2014-04-07',NULL,'Razavi Khorasan','Lahijan',NULL,NULL,1),('tfhbkr5050','Mark','Stevenson','Mark Stevenson','09193952668',285237577,'wfuctfpjg43664','Diploma','Environmental Science',NULL,NULL,'2020-12-22',NULL,'West Azerbaijan','Mashhad',NULL,NULL,0),('tfkstt5097','Steve','Rogers','Steve Rogers','09876504681',249994927,'fuvzsrinb65825','Diploma','Computer Science',NULL,NULL,'2017-12-29',NULL,'Bushehr','Khoy',NULL,NULL,0),('tfqlgy2668','Collin','Brooks','Collin Brooks','09644226673',268911875,'jcbwhfihp91837','Ph.D.','Environmental Science',NULL,NULL,'2008-12-29',NULL,'Golestan','Karaj',NULL,NULL,0),('tgvphc3163','Stacy','Watkins','Stacy Watkins','09235163671',298913133,'qajdrrnrt68989','Ph.D.','Economics',NULL,NULL,'2010-09-28',NULL,'Golestan','Marvdasht',NULL,NULL,1),('thdhdi8281','Steven','Smith','Steven Smith','09644018805',347368890,'ccttkbibg15835','Ph.D.','Mechanical Engineering',NULL,NULL,'2016-07-11',NULL,'Mazandaran','Mahabad',NULL,NULL,0),('thvtvb1041','Eric','Li','Eric Li','09659123861',325253073,'pupniqlqy84047','Diploma','Sociology',NULL,NULL,'2006-05-18',NULL,'Mazandaran','Shahin Shahr',NULL,NULL,0),('tibwtk2954','Sherri','Rogers','Sherri Rogers','09136028054',38805565,'hmorqxshv67014','Bachelor','Electrical Engineering',NULL,NULL,'2023-06-04',NULL,'Kermanshah','Maragheh',NULL,NULL,0),('ticmpx3834','Tara','Hawkins','Tara Hawkins','09512548574',171167465,'awfkddmng65209','Diploma','Political Science',NULL,NULL,'2020-05-30',NULL,'Golestan','Neyshabur',NULL,NULL,1),('tiooha6716','Rebecca','Lyons','Rebecca Lyons','09889535006',441361251,'mnyrujjbv74289','Diploma','Computer Science',NULL,NULL,'2023-04-23',NULL,'Bushehr','Amol',NULL,NULL,0),('tizmzm8426','Dawn','Harris','Dawn Harris','09680542684',155404418,'rtqjdhskj96543','Bachelor','Linguistics',NULL,NULL,'2014-06-23',NULL,'East Azerbaijan','Tehran',NULL,NULL,0),('tjapwa1046','Richard','Lucas','Richard Lucas','09470053991',374500180,'bcslyqife64825','Ph.D.','Linguistics',NULL,NULL,'2021-04-19',NULL,'West Azerbaijan','Kerman',NULL,NULL,1),('tkcnuu8202','Dustin','Quinn','Dustin Quinn','09957448338',222764831,'asxwurlri27398','Master','Linguistics',NULL,NULL,'2014-01-02',NULL,'Hormozgan','Kaleybar',NULL,NULL,0),('tkfboa5038','Mr.','Jeremy','Mr. Jeremy','09959887236',263554226,'ehrsikgnf2033','Diploma','Business Administration',NULL,NULL,'2006-03-27',NULL,'Gilan','Tehran',NULL,NULL,1),('tkmnnn3501','Miss','Angela','Miss Angela','09609584263',299419221,'pmbhhxhvc83204','Diploma','Civil Engineering',NULL,NULL,'2014-01-10',NULL,'West Azerbaijan','Neyshabur',NULL,NULL,1),('tkuzpx2474','Joshua','Nelson','Joshua Nelson','09289049143',313419575,'khtyvwake88189','Bachelor','Mechanical Engineering',NULL,NULL,'2022-05-05',NULL,'Hormozgan','Amol',NULL,NULL,1),('tkzgae2585','Ana','Barron','Ana Barron','09383001412',149155144,'howlnjwgi90108','Diploma','Nursing',NULL,NULL,'2021-01-12',NULL,'Golestan','Mashhad',NULL,NULL,1),('tkzglj7983','Kevin','Thompson','Kevin Thompson','09825768204',169554955,'lgurdliau46419','Master','English Literature',NULL,NULL,'2015-04-03',NULL,'Ardabil','Marvdasht',NULL,NULL,0),('tkzlxo8365','Kenneth','Leonard','Kenneth Leonard','09626884907',492013843,'afndubfyd50977','Master','Psychology',NULL,NULL,'2009-09-12',NULL,'Fars','Marvdasht',NULL,NULL,1),('tkzvyc4373','Bonnie','Porter','Bonnie Porter','09500343918',190679169,'jjwbqnbvk61330','Master','Computer Science',NULL,NULL,'2014-08-27',NULL,'Kerman','Shiraz',NULL,NULL,1),('tlbmit6086','Michelle','Anderson','Michelle Anderson','09121210824',439562545,'veofokapt90449','Bachelor','Architecture',NULL,NULL,'2005-05-12',NULL,'Gilan','Sirjan',NULL,NULL,0),('tldsbn2535','Matthew','Mccann','Matthew Mccann','09446048430',148661346,'clvznedgt42713','Ph.D.','Computer Science',NULL,NULL,'2016-05-28',NULL,'Kermanshah','Eslamshahr',NULL,NULL,0),('tlosir7724','Brenda','Cantrell','Brenda Cantrell','09356923805',335352413,'hclloddcn63914','Master','History',NULL,NULL,'2022-04-11',NULL,'Khuzestan','Urmia',NULL,NULL,0),('tltsyz9540','Scott','Mason','Scott Mason','09808251238',185740873,'uhzpnyvna74062','Master','Sociology',NULL,NULL,'2006-10-14',NULL,'Kurdistan','Khoy',NULL,NULL,0),('tlzjxy8879','Erica','Baker','Erica Baker','09769806213',135139012,'cssptttfv32068','Bachelor','Nursing',NULL,NULL,'2008-02-24',NULL,'East Azerbaijan','Tehran',NULL,NULL,1),('tmjwcg1671','Kenneth','Lewis','Kenneth Lewis','09322977931',191255563,'jryldcjpc82841','Master','Environmental Science',NULL,NULL,'2015-03-15',NULL,'Gilan','Amol',NULL,NULL,0),('tmpzsc1016','James','Alexander','James Alexander','09207888004',183640656,'stmliewul48943','Master','Political Science',NULL,NULL,'2011-09-09',NULL,'Kermanshah','Shiraz',NULL,NULL,1),('tolmom4531','Lisa','Coleman','Lisa Coleman','09578733964',34324235,'iylqtmdmc25072','Master','Environmental Science',NULL,NULL,'2016-02-11',NULL,'Kurdistan','Karaj',NULL,NULL,1),('toobut9193','Mr.','Mitchell','Mr. Mitchell','09571489000',32893460,'suxisavpt65463','Diploma','English Literature',NULL,NULL,'2006-08-06',NULL,'Ardabil','Babol',NULL,NULL,0),('topdiu5045','Stacey','Ellison','Stacey Ellison','09832857979',186402808,'cuykznmgq80835','Ph.D.','Graphic Design',NULL,NULL,'2020-04-05',NULL,'Kermanshah','Tehran',NULL,NULL,1),('toranp1193','James','Lamb','James Lamb','09101206532',348292941,'agkaxksra87272','Diploma','Chemistry',NULL,NULL,'2011-01-18',NULL,'Ardabil','Maragheh',NULL,NULL,0),('tpmonm1730','Billy','Williams','Billy Williams','09198533434',146595315,'pnkbvprox50819','Master','Biology',NULL,NULL,'2019-02-14',NULL,'Isfahan','Lahijan',NULL,NULL,1),('tppuva8921','Linda','Spears','Linda Spears','09708690595',1634273,'qghylrwng27931','Diploma','History',NULL,NULL,'2020-10-15',NULL,'Razavi Khorasan','Shahin Shahr',NULL,NULL,0),('tqmifn6647','Megan','Kim','Megan Kim','09152940159',471640137,'hmabfdeto92464','Ph.D.','Civil Engineering',NULL,NULL,'2006-07-22',NULL,'Kermanshah','Amol',NULL,NULL,0),('tralxv8588','Jason','Cox','Jason Cox','09305045675',400192497,'tndhmaigj64740','Bachelor','Business Administration',NULL,NULL,'2013-12-03',NULL,'West Azerbaijan','Jahrom',NULL,NULL,1),('trehaf1323','Derrick','Brown','Derrick Brown','09449479640',299725269,'veklrfywm75493','Ph.D.','Linguistics',NULL,NULL,'2019-05-17',NULL,'Lorestan','Neyshabur',NULL,NULL,0),('trlmjx4800','Richard','Lucero','Richard Lucero','09681448186',180486878,'ruduphaxp20163','Bachelor','Mechanical Engineering',NULL,NULL,'2010-02-13',NULL,'Kermanshah','Rafsanjan',NULL,NULL,0),('trvhfy9287','Jacob','Thomas','Jacob Thomas','09671833170',352086956,'twydkvwle50132','Master','Architecture',NULL,NULL,'2013-07-16',NULL,'Isfahan','Babol',NULL,NULL,0),('ttdiss6917','Taylor','Warren','Taylor Warren','09209825141',233028812,'aemfhoxwa53434','Master','Mechanical Engineering',NULL,NULL,'2016-01-04',NULL,'Khuzestan','Sabzevar',NULL,NULL,1),('ttsskj3633','Sharon','Smith','Sharon Smith','09225469889',259190231,'mnauxljbp18956','Ph.D.','Graphic Design',NULL,NULL,'2006-05-11',NULL,'Mazandaran','Jahrom',NULL,NULL,1),('tttorm1567','Mary','Reid','Mary Reid','09839013152',496915663,'fxgvuzfhv83936','Master','Biology',NULL,NULL,'2007-11-05',NULL,'Kerman','Abadan',NULL,NULL,0),('tuvxez1141','Eric','Chavez','Eric Chavez','09737238322',332104971,'oybeztmxn8576','Master','English Literature',NULL,NULL,'2010-11-29',NULL,'Ardabil','Tehran',NULL,NULL,1),('tuvzaf2064','Charlene','Bishop','Charlene Bishop','09974100092',222638218,'chuhbdknz94947','Master','Sociology',NULL,NULL,'2010-11-24',NULL,'Kerman','Kaleybar',NULL,NULL,1),('tuzkuy7333','Deborah','Anderson','Deborah Anderson','09749326704',9095558,'gyisloepk88977','Diploma','Business Administration',NULL,NULL,'2013-04-19',NULL,'Kurdistan','Tehran',NULL,NULL,0),('tvfatb7888','Stacy','Walker','Stacy Walker','09521324062',190568127,'eocikqibu91428','Diploma','Chemistry',NULL,NULL,'2018-09-19',NULL,'Hormozgan','Kaleybar',NULL,NULL,1),('tvwufs8070','Elizabeth','Irwin','Elizabeth Irwin','09991118750',32285793,'hgzbwwgol47643','Diploma','Environmental Science',NULL,NULL,'2008-07-21',NULL,'Lorestan','Abadan',NULL,NULL,0),('twerhn1612','Carolyn','Johnson','Carolyn Johnson','09207934273',398828510,'hikvnembf97223','Diploma','Economics',NULL,NULL,'2008-03-07',NULL,'Ardabil','Lahijan',NULL,NULL,0),('twgxcr3822','Anthony','Moore','Anthony Moore','09286442609',112521358,'cdzxqtjww98826','Bachelor','Chemistry',NULL,NULL,'2006-10-13',NULL,'Kermanshah','Neyshabur',NULL,NULL,0),('twpkaw2488','Michelle','Melton','Michelle Melton','09666085974',390309122,'ehekneaqr95871','Ph.D.','Sociology',NULL,NULL,'2019-05-12',NULL,'Golestan','Eslamshahr',NULL,NULL,1),('twwuem5071','Natalie','Ingram','Natalie Ingram','09215935367',444842036,'mnrisnblw47466','Ph.D.','Nursing',NULL,NULL,'2005-02-13',NULL,'Kurdistan','Jahrom',NULL,NULL,0),('txapjg4711','Sheila','Petersen','Sheila Petersen','09778362637',253161721,'keezvjeft70444','Ph.D.','English Literature',NULL,NULL,'2006-05-18',NULL,'Hamedan','Shiraz',NULL,NULL,1),('txclic6000','Melissa','Zhang','Melissa Zhang','09337793173',396063808,'fhumnzdqm84653','Ph.D.','Mechanical Engineering',NULL,NULL,'2005-02-07',NULL,'Kerman','Isfahan',NULL,NULL,0),('txwufl3011','Haley','Johnson','Haley Johnson','09851547029',376105694,'bohwcllgm55516','Bachelor','Civil Engineering',NULL,NULL,'2009-04-24',NULL,'Markazi','Karaj',NULL,NULL,0),('tyrtjp6006','Glenn','White','Glenn White','09362558221',291496667,'arvqlitim16776','Bachelor','Mathematics',NULL,NULL,'2009-10-08',NULL,'Tehran','Shiraz',NULL,NULL,0),('tytriz2531','Sydney','Rivera','Sydney Rivera','09979997662',243379747,'sffbbcbul98981','Ph.D.','Physics',NULL,NULL,'2020-04-28',NULL,'Khuzestan','Babol',NULL,NULL,0),('tzaqiy8412','Edward','Torres','Edward Torres','09156778338',413688012,'modzyijqe46724','Ph.D.','Biology',NULL,NULL,'2018-11-11',NULL,'Kerman','Tehran',NULL,NULL,1),('tzlvch4090','Robert','Flores','Robert Flores','09563807800',119732764,'enokzaqpi89973','Diploma','Linguistics',NULL,NULL,'2019-10-01',NULL,'Hamedan','Jahrom',NULL,NULL,1),('tzmivn9296','William','Garcia','William Garcia','09580696217',363908552,'tgbcgqqte95268','Diploma','Physics',NULL,NULL,'2010-02-24',NULL,'Yazd','Kaleybar',NULL,NULL,0),('uaprni1098','Zachary','Velez','Zachary Velez','09349754837',132811120,'dayrafbdp84731','Ph.D.','Economics',NULL,NULL,'2008-12-16',NULL,'Golestan','Sabzevar',NULL,NULL,0),('ubkait2716','Clayton','Bates','Clayton Bates','09185107165',75581887,'gfdsrmxff10082','Bachelor','Psychology',NULL,NULL,'2008-06-28',NULL,'Gilan','Tehran',NULL,NULL,0),('ubkeeb7673','Zachary','Jones','Zachary Jones','09779567861',207609201,'fvltixsoc11572','Ph.D.','English Literature',NULL,NULL,'2017-02-11',NULL,'Hamedan','Neyshabur',NULL,NULL,0),('ubntuf9546','Lisa','Byrd','Lisa Byrd','09553669542',18148189,'ckzkwwefo2237','Bachelor','Linguistics',NULL,NULL,'2015-06-24',NULL,'Lorestan','Babol',NULL,NULL,1),('ubrscl5810','Dawn','Garcia','Dawn Garcia','09858251465',403237866,'uosrztxdr99196','Master','Mechanical Engineering',NULL,NULL,'2023-06-30',NULL,'Markazi','Shiraz',NULL,NULL,1),('ucdtww4737','Thomas','Nichols','Thomas Nichols','09322415148',159286281,'sktgpqacj13955','Diploma','English Literature',NULL,NULL,'2018-10-16',NULL,'Lorestan','Sabzevar',NULL,NULL,1),('uckylv9477','Marissa','Mcgrath','Marissa Mcgrath','09457837204',157604633,'bndmtdyog81574','Bachelor','Nursing',NULL,NULL,'2019-09-28',NULL,'Isfahan','Shahin Shahr',NULL,NULL,0),('ucqwxf2559','Danielle','Nguyen','Danielle Nguyen','09352353472',147255135,'tdpyawzuj95399','Bachelor','Environmental Science',NULL,NULL,'2017-03-29',NULL,'West Azerbaijan','Tabriz',NULL,NULL,0),('uctgna1971','Mr.','Scott','Mr. Scott','09881529949',223677983,'cnerizyvv39941','Diploma','Electrical Engineering',NULL,NULL,'2010-01-20',NULL,'Isfahan','Kaleybar',NULL,NULL,0),('udgahj4289','Randy','Murphy','Randy Murphy','09272922130',79171732,'czlhezrzq40810','Ph.D.','Physics',NULL,NULL,'2020-11-06',NULL,'Lorestan','Abadan',NULL,NULL,1),('udibxe9432','Mario','Barnes','Mario Barnes','09189643119',18534722,'csytulvlv37013','Bachelor','Civil Engineering',NULL,NULL,'2019-09-12',NULL,'Golestan','Shahin Shahr',NULL,NULL,0),('uecpxm5685','Richard','Adams','Richard Adams','09510423014',108537320,'jlfjkhbng98807','Ph.D.','Nursing',NULL,NULL,'2008-12-09',NULL,'Kerman','Ahvaz',NULL,NULL,1),('uekznz5276','Adam','Campbell','Adam Campbell','09456047908',327637962,'zvfantabg9746','Master','History',NULL,NULL,'2019-02-12',NULL,'Mazandaran','Rafsanjan',NULL,NULL,1),('uewdvn1936','Terry','Ortiz','Terry Ortiz','09204565755',419984822,'odmwhljrx77858','Bachelor','Mechanical Engineering',NULL,NULL,'2015-11-20',NULL,'Lorestan','Maragheh',NULL,NULL,1),('ufjkgk7408','Pamela','Bryant','Pamela Bryant','09405336999',214150412,'zuzifurhc35929','Bachelor','Civil Engineering',NULL,NULL,'2014-09-02',NULL,'East Azerbaijan','Mahabad',NULL,NULL,0),('ugjznd2576','Jared','Kaufman','Jared Kaufman','09151145841',281840246,'cmgcpgbno40411','Master','History',NULL,NULL,'2019-04-29',NULL,'West Azerbaijan','Kaleybar',NULL,NULL,1),('uglkyy7898','Thomas','Williams','Thomas Williams','09971452251',84414887,'kfnyvshjk5624','Master','Graphic Design',NULL,NULL,'2018-02-27',NULL,'Hormozgan','Karaj',NULL,NULL,1),('uhqfsg6008','Manuel','Foster','Manuel Foster','09815625705',106842655,'nqjietayh39302','Bachelor','Political Science',NULL,NULL,'2013-10-16',NULL,'Bushehr','Shiraz',NULL,NULL,1),('uhqqgs5328','Sandra','Hammond','Sandra Hammond','09125346525',165140630,'hbujgsmaa38171','Ph.D.','Linguistics',NULL,NULL,'2018-06-12',NULL,'Lorestan','Shiraz',NULL,NULL,1),('uhqsiv2293','Samantha','Bennett','Samantha Bennett','09586575991',363611724,'csoiqiiwv63104','Bachelor','Mathematics',NULL,NULL,'2006-04-26',NULL,'Yazd','Rafsanjan',NULL,NULL,0),('uhrtax4417','Dr.','Jennifer','Dr. Jennifer','09617701203',330735612,'qecgisgla91691','Bachelor','Psychology',NULL,NULL,'2018-01-21',NULL,'Kermanshah','Marvdasht',NULL,NULL,0),('uhwnug9602','Natalie','Obrien','Natalie Obrien','09125626207',175390092,'lvjdxhrjy64609','Bachelor','Physics',NULL,NULL,'2020-06-23',NULL,'Khuzestan','Neyshabur',NULL,NULL,0),('uieyyn6862','Tasha','Rosales','Tasha Rosales','09432238069',465044551,'lsbsjycku93106','Bachelor','Mechanical Engineering',NULL,NULL,'2005-10-03',NULL,'Yazd','Isfahan',NULL,NULL,1),('ujkqgi5248','Michael','Decker','Michael Decker','09166948991',31916397,'ysijefpht10830','Ph.D.','Civil Engineering',NULL,NULL,'2010-02-10',NULL,'Bushehr','Najafabad',NULL,NULL,0),('ujxdfj2269','Mary','Jacobs','Mary Jacobs','09655754576',449618155,'dmbbjdzfx20083','Diploma','Biology',NULL,NULL,'2016-05-28',NULL,'Tehran','Eslamshahr',NULL,NULL,1),('ukgzlx9681','Brittany','Adams','Brittany Adams','09358406780',206990786,'pedxfmafs75285','Master','English Literature',NULL,NULL,'2017-10-27',NULL,'Khuzestan','Maragheh',NULL,NULL,1),('ukoihv3339','Diana','Garcia','Diana Garcia','09691380908',217992592,'pylwxwkrc37901','Ph.D.','Mathematics',NULL,NULL,'2007-08-08',NULL,'Hamedan','Shiraz',NULL,NULL,1),('ukscju6633','Peter','Bowers','Peter Bowers','09854824450',159644525,'dcvbirtjx68614','Master','Biology',NULL,NULL,'2015-10-09',NULL,'Kermanshah','Marvdasht',NULL,NULL,0),('ukwmof7257','Douglas','Jones','Douglas Jones','09220648263',95648625,'ufqppnvdp78301','Bachelor','Sociology',NULL,NULL,'2007-04-28',NULL,'Golestan','Karaj',NULL,NULL,0),('ulvoes4898','Carl','Brown','Carl Brown','09280753297',81914358,'rfhtepime13426','Bachelor','Physics',NULL,NULL,'2013-09-09',NULL,'Markazi','Mashhad',NULL,NULL,0),('umcmto9997','Jennifer','Peterson','Jennifer Peterson','09240102161',270706150,'nszwohhrn76901','Ph.D.','Psychology',NULL,NULL,'2019-12-13',NULL,'Isfahan','Maragheh',NULL,NULL,1),('umlfqs4717','Terry','Richards','Terry Richards','09521641837',213402354,'cuxdfbosw65318','Bachelor','Physics',NULL,NULL,'2019-08-22',NULL,'Isfahan','Shiraz',NULL,NULL,1),('umtmuy2626','Kevin','Fernandez','Kevin Fernandez','09673747408',117634294,'iqstfljhr50842','Master','Psychology',NULL,NULL,'2006-02-23',NULL,'East Azerbaijan','Maragheh',NULL,NULL,1),('unmykr1980','Peggy','Drake','Peggy Drake','09424005200',347479597,'xkamiokme59319','Master','Electrical Engineering',NULL,NULL,'2019-05-03',NULL,'Golestan','Marvdasht',NULL,NULL,1),('unoaqe5954','George','Stafford','George Stafford','09793555878',144961507,'vbudngayt48869','Master','Chemistry',NULL,NULL,'2010-10-27',NULL,'Lorestan','Marvdasht',NULL,NULL,1),('uomapr1899','Douglas','Lewis','Douglas Lewis','09328112017',282014401,'gizvqvzug64045','Ph.D.','Psychology',NULL,NULL,'2018-07-19',NULL,'Kerman','Shahin Shahr',NULL,NULL,0),('uppuyi9894','Robert','Barnes','Robert Barnes','09276733931',151342402,'leunpzfvu83999','Bachelor','Environmental Science',NULL,NULL,'2016-09-01',NULL,'Markazi','Isfahan',NULL,NULL,0),('upveol9600','Jessica','Taylor','Jessica Taylor','09907308838',229967766,'nstmgvlfz57573','Bachelor','Nursing',NULL,NULL,'2015-03-24',NULL,'Golestan','Babol',NULL,NULL,0),('uqepby9052','Heather','Alvarado','Heather Alvarado','09537877598',457467812,'jkzxgjwkw78286','Bachelor','Mathematics',NULL,NULL,'2018-07-28',NULL,'Kermanshah','Isfahan',NULL,NULL,0),('uqmjrn6123','Keith','Murphy','Keith Murphy','09831909671',180962515,'hwmruwzlj26297','Bachelor','Mathematics',NULL,NULL,'2005-02-13',NULL,'Ardabil','Shahin Shahr',NULL,NULL,1),('urevce3465','Sean','Lang','Sean Lang','09484838285',55277263,'hhcynfoap84573','Diploma','Nursing',NULL,NULL,'2006-12-23',NULL,'Lorestan','Dezful',NULL,NULL,0),('urmixs4978','Susan','Chapman','Susan Chapman','09402378273',96242096,'yajybamzl60129','Ph.D.','Nursing',NULL,NULL,'2017-01-02',NULL,'Golestan','Kerman',NULL,NULL,0),('usygkd2958','Lucas','Williams','Lucas Williams','09641963278',251650849,'hzrduujaj86738','Bachelor','Computer Science',NULL,NULL,'2005-11-30',NULL,'Razavi Khorasan','Karaj',NULL,NULL,1),('utljva4867','Troy','Kelly','Troy Kelly','09304367415',200581253,'pkiurwged73905','Master','Biology',NULL,NULL,'2005-05-22',NULL,'Yazd','Babol',NULL,NULL,1),('utlntl1098','Jonathan','Kelley','Jonathan Kelley','09604310434',126707900,'usswbgfos42788','Bachelor','Electrical Engineering',NULL,NULL,'2020-07-25',NULL,'Bushehr','Shiraz',NULL,NULL,1),('utnwib6788','James','Contreras','James Contreras','09950334292',70278919,'arhsdswps58580','Diploma','Nursing',NULL,NULL,'2011-05-29',NULL,'Kurdistan','Shiraz',NULL,NULL,1),('utpilq3240','Timothy','Park','Timothy Park','09809185761',132596396,'kyrudplra66052','Ph.D.','Architecture',NULL,NULL,'2022-02-17',NULL,'Khuzestan','Shiraz',NULL,NULL,1),('utyirf5319','Laura','Peterson','Laura Peterson','09312672319',351793936,'vxiowoirf88779','Diploma','Electrical Engineering',NULL,NULL,'2021-03-05',NULL,'Kerman','Neyshabur',NULL,NULL,1),('uudrjc7500','Brian','Odonnell','Brian Odonnell','09916986540',21420654,'pmwsmwhhs71627','Bachelor','Biology',NULL,NULL,'2023-11-01',NULL,'Yazd','Mashhad',NULL,NULL,0),('uukgid5548','Evelyn','Scott','Evelyn Scott','09742481999',255406318,'zenumykcv77434','Ph.D.','Sociology',NULL,NULL,'2019-08-30',NULL,'Fars','Najafabad',NULL,NULL,1),('uuurjl4729','Terry','Harvey','Terry Harvey','09277320432',181471219,'fndpadkxm50153','Diploma','Economics',NULL,NULL,'2013-02-04',NULL,'Kerman','Isfahan',NULL,NULL,1),('uvedir1402','Leslie','Schneider','Leslie Schneider','09427068803',57504734,'zetpkcvhb28628','Diploma','Political Science',NULL,NULL,'2020-10-23',NULL,'Golestan','Shahin Shahr',NULL,NULL,1),('uwqlyq7132','Kelly','Russell','Kelly Russell','09467011959',312881838,'yxixnkesj6945','Master','Physics',NULL,NULL,'2014-05-04',NULL,'Kermanshah','Khoy',NULL,NULL,0),('uxnlvq5262','Cynthia','Thomas','Cynthia Thomas','09840759661',493905577,'socfzqjsr76054','Ph.D.','Business Administration',NULL,NULL,'2017-02-17',NULL,'Hormozgan','Mashhad',NULL,NULL,0),('uxoqek7927','Lisa','Allen','Lisa Allen','09861838465',278928909,'lolrxfvsc60172','Diploma','Sociology',NULL,NULL,'2010-02-23',NULL,'Kermanshah','Neyshabur',NULL,NULL,0),('uxqlky1526','Jennifer','Wallace','Jennifer Wallace','09557146431',359789957,'cypazuttq54195','Bachelor','Biology',NULL,NULL,'2019-06-06',NULL,'Golestan','Abadan',NULL,NULL,1),('uxqzrs9213','Andrew','Hansen','Andrew Hansen','09426473932',421863453,'bqofjrhst42844','Diploma','Architecture',NULL,NULL,'2020-12-24',NULL,'West Azerbaijan','Kerman',NULL,NULL,1),('uxxafu1399','Daniel','Warner','Daniel Warner','09147357768',101827428,'wfhzukfbf68011','Ph.D.','Nursing',NULL,NULL,'2019-02-17',NULL,'Kerman','Eslamshahr',NULL,NULL,0),('uyejhz9252','Terrence','Garcia','Terrence Garcia','09520313410',387323221,'kqlmmoned46144','Ph.D.','Architecture',NULL,NULL,'2016-09-29',NULL,'Golestan','Karaj',NULL,NULL,0),('uzlfsk4941','Julian','Johnson','Julian Johnson','09225618645',400157992,'fwqdhirif47347','Bachelor','Environmental Science',NULL,NULL,'2009-08-09',NULL,'Lorestan','Marvdasht',NULL,NULL,1),('vaecru4097','Jeremy','Warner','Jeremy Warner','09618442547',462866965,'slujxmswo33677','Master','Political Science',NULL,NULL,'2022-06-14',NULL,'Fars','Khoy',NULL,NULL,1),('varzvs9057','Lisa','Gonzalez','Lisa Gonzalez','09152792752',226069894,'faisbqnpm57318','Bachelor','English Literature',NULL,NULL,'2008-03-14',NULL,'Ardabil','Jahrom',NULL,NULL,0),('vayyrp8882','Jennifer','Johnson','Jennifer Johnson','09265867118',252227602,'rmarmhaje86760','Ph.D.','Linguistics',NULL,NULL,'2018-11-11',NULL,'Fars','Sabzevar',NULL,NULL,1),('vbfuix6346','Joshua','Perez','Joshua Perez','09734406052',126322428,'rwfifzprq66845','Diploma','Civil Engineering',NULL,NULL,'2010-05-02',NULL,'Hormozgan','Shahin Shahr',NULL,NULL,0),('vcbrhx4014','Joshua','Collins','Joshua Collins','09611962573',232115582,'gplztqvky65024','Diploma','Economics',NULL,NULL,'2009-09-15',NULL,'Ardabil','Khoy',NULL,NULL,0),('vdmnch3838','Linda','Johnson','Linda Johnson','09279962480',48203992,'qmotsqfnh83689','Diploma','Environmental Science',NULL,NULL,'2008-11-01',NULL,'Khuzestan','Maragheh',NULL,NULL,0),('vfjbki1714','Jessica','Curtis','Jessica Curtis','09503532035',158772858,'dzclpvcvq22616','Diploma','Civil Engineering',NULL,NULL,'2007-02-02',NULL,'Markazi','Mashhad',NULL,NULL,1),('vfuvtm8464','Jeffery','Collins','Jeffery Collins','09274725787',366374580,'pxgxhkxdr42072','Bachelor','Mechanical Engineering',NULL,NULL,'2013-01-18',NULL,'Bushehr','Eslamshahr',NULL,NULL,0),('vfvbzs7631','Angela','Carter','Angela Carter','09107250493',235833741,'mltgncoqr80522','Ph.D.','Business Administration',NULL,NULL,'2008-02-25',NULL,'West Azerbaijan','Eslamshahr',NULL,NULL,0),('vgedjx5752','James','Roth','James Roth','09217918194',94675284,'ypbuzaltd68210','Diploma','Political Science',NULL,NULL,'2010-04-27',NULL,'Tehran','Jahrom',NULL,NULL,1),('vgissx4416','Alexander','Hamilton','Alexander Hamilton','09545282957',190622388,'exvdwouug27540','Bachelor','Biology',NULL,NULL,'2006-03-18',NULL,'Gilan','Eslamshahr',NULL,NULL,0),('vgpmdg1368','Daniel','Gonzales','Daniel Gonzales','09902112961',18700213,'aiheezhph86384','Ph.D.','Psychology',NULL,NULL,'2009-01-27',NULL,'East Azerbaijan','Bandar-e Anzali',NULL,NULL,0),('vhagfo8165','Justin','Bonilla','Justin Bonilla','09411438719',292336435,'cbirciqpr62558','Ph.D.','Environmental Science',NULL,NULL,'2019-04-12',NULL,'Hamedan','Jahrom',NULL,NULL,0),('vhjxlx7423','Justin','Anderson','Justin Anderson','09206607785',274368410,'yydmxmybw99249','Diploma','Computer Science',NULL,NULL,'2007-05-09',NULL,'Gilan','Shahin Shahr',NULL,NULL,0),('vhmype5467','Bill','Klein','Bill Klein','09550494048',473916350,'xecpafvkd52952','Ph.D.','Nursing',NULL,NULL,'2014-06-25',NULL,'Yazd','Sari',NULL,NULL,1),('vidlbb9693','Kimberly','Joseph','Kimberly Joseph','09573391294',111931577,'nrlrvjpqs89866','Ph.D.','Mathematics',NULL,NULL,'2022-10-04',NULL,'West Azerbaijan','Sirjan',NULL,NULL,0),('vjnacx6975','Debra','Scott','Debra Scott','09889988628',12192682,'actcipdit79665','Bachelor','Business Administration',NULL,NULL,'2012-11-06',NULL,'Gilan','Isfahan',NULL,NULL,1),('vjpcyx3991','James','Gentry','James Gentry','09336819333',84053379,'tplweeqcr78519','Master','Political Science',NULL,NULL,'2013-12-07',NULL,'Markazi','Dezful',NULL,NULL,0),('vjqdqp9778','Stephen','Atkins','Stephen Atkins','09367030995',439351899,'rvujuozry82285','Ph.D.','Business Administration',NULL,NULL,'2016-11-28',NULL,'Ardabil','Dezful',NULL,NULL,1),('vjwzpk3059','Crystal','Wang','Crystal Wang','09141051464',165505383,'rkiqmywew35029','Bachelor','Mechanical Engineering',NULL,NULL,'2017-06-11',NULL,'Lorestan','Najafabad',NULL,NULL,1),('vkdudr6861','Linda','Morris','Linda Morris','09682144808',278001637,'zbwwstoat41435','Ph.D.','Business Administration',NULL,NULL,'2012-10-17',NULL,'Golestan','Lahijan',NULL,NULL,1),('vlghht7707','Lee','Reeves','Lee Reeves','09526575606',300915915,'oshfkmsfb45692','Bachelor','Mechanical Engineering',NULL,NULL,'2010-07-04',NULL,'Markazi','Eslamshahr',NULL,NULL,0),('vlibxi8430','Robert','Osborne','Robert Osborne','09198844148',158921009,'ijbdmigcm31145','Bachelor','Environmental Science',NULL,NULL,'2023-01-16',NULL,'Lorestan','Lahijan',NULL,NULL,0),('vlqqyn5581','Margaret','Spence','Margaret Spence','09996623742',390144496,'ugdcjhanm53726','Diploma','Civil Engineering',NULL,NULL,'2011-03-23',NULL,'Mazandaran','Eslamshahr',NULL,NULL,0),('vlsojt9430','Joel','Aguilar','Joel Aguilar','09307157775',484840947,'hdbluphlc4177','Bachelor','Civil Engineering',NULL,NULL,'2013-12-06',NULL,'Hamedan','Amol',NULL,NULL,1),('vmktkw9979','Matthew','Dillon','Matthew Dillon','09336784333',60269444,'hxsuujatt97877','Ph.D.','Biology',NULL,NULL,'2022-03-01',NULL,'Lorestan','Khoy',NULL,NULL,0),('vmxqcx5549','Thomas','Mills','Thomas Mills','09126120969',199878709,'rbyunqdzv6200','Bachelor','Mechanical Engineering',NULL,NULL,'2021-07-20',NULL,'Fars','Shahin Shahr',NULL,NULL,1),('vntlrz7264','Kathryn','Willis','Kathryn Willis','09498477696',202236592,'ugpxhtass67597','Bachelor','Political Science',NULL,NULL,'2018-01-22',NULL,'Khuzestan','Eslamshahr',NULL,NULL,0),('vnxzob4276','Jennifer','Jones','Jennifer Jones','09671879803',317821316,'zjjlypybb33746','Master','History',NULL,NULL,'2021-08-15',NULL,'Mazandaran','Karaj',NULL,NULL,0),('voujtu8792','Jennifer','Dawson','Jennifer Dawson','09329659620',387059492,'wflvldwlz93324','Bachelor','Political Science',NULL,NULL,'2006-06-06',NULL,'Yazd','Mashhad',NULL,NULL,0),('voxynx3877','Shelley','Stephens','Shelley Stephens','09385650403',405982781,'bkfsjmvix26172','Diploma','Environmental Science',NULL,NULL,'2006-02-02',NULL,'East Azerbaijan','Kaleybar',NULL,NULL,1),('vpjzqf7266','Madison','Hayes','Madison Hayes','09442093935',422529730,'chajqqmms15214','Master','Architecture',NULL,NULL,'2020-10-05',NULL,'Razavi Khorasan','Shahin Shahr',NULL,NULL,0),('vpueso3983','Brittany','Moore','Brittany Moore','09663296886',228348036,'qmrkkvfqy37444','Ph.D.','Mechanical Engineering',NULL,NULL,'2008-04-10',NULL,'Kurdistan','Rafsanjan',NULL,NULL,1),('vpxwuw4195','Scott','Hammond','Scott Hammond','09541054589',62280891,'yanlzneeq61085','Ph.D.','Psychology',NULL,NULL,'2023-04-09',NULL,'Golestan','Shiraz',NULL,NULL,0),('vqdfkf9319','Ashley','Stewart','Ashley Stewart','09522580576',221801626,'egxsofquz83559','Diploma','Economics',NULL,NULL,'2018-01-21',NULL,'East Azerbaijan','Babol',NULL,NULL,1),('vrcsxk9197','Kari','Ayers','Kari Ayers','09893347019',311572886,'bsxofogtl65852','Bachelor','Architecture',NULL,NULL,'2023-12-13',NULL,'Markazi','Sirjan',NULL,NULL,0),('vribwf7870','James','Drake','James Drake','09205220685',51563328,'hsnlyleen72373','Ph.D.','Sociology',NULL,NULL,'2011-07-10',NULL,'Fars','Jahrom',NULL,NULL,0),('vrmtdw3659','Nicholas','Jenkins','Nicholas Jenkins','09755517582',229149286,'kcocipubh18099','Diploma','Computer Science',NULL,NULL,'2011-08-15',NULL,'Ardabil','Isfahan',NULL,NULL,1),('vsgane8854','Edward','Olson','Edward Olson','09938389005',194176007,'ivtcawbki11888','Ph.D.','Electrical Engineering',NULL,NULL,'2010-07-07',NULL,'West Azerbaijan','Babol',NULL,NULL,1),('vshxod8929','Lindsay','Greene','Lindsay Greene','09535579013',69232794,'ydxcrsrre5637','Diploma','Business Administration',NULL,NULL,'2022-02-04',NULL,'Kerman','Babol',NULL,NULL,1),('vtaxjl9998','Kara','Moran','Kara Moran','09542978800',375749966,'zffdivvse59417','Ph.D.','Linguistics',NULL,NULL,'2017-02-10',NULL,'Yazd','Marvdasht',NULL,NULL,1),('vtcnai3810','Elizabeth','Colon','Elizabeth Colon','09146373635',314323703,'pemprosoc45031','Bachelor','Environmental Science',NULL,NULL,'2011-04-23',NULL,'Gilan','Shiraz',NULL,NULL,1),('vujuvm5992','Wendy','Lee','Wendy Lee','09929844878',334397703,'nlgjxymwm30587','Master','Business Administration',NULL,NULL,'2011-12-28',NULL,'Tehran','Jahrom',NULL,NULL,0),('vuuirn9782','Rhonda','Sullivan','Rhonda Sullivan','09584629005',253548631,'fktxeuqrg59445','Ph.D.','English Literature',NULL,NULL,'2006-09-15',NULL,'Hamedan','Neyshabur',NULL,NULL,0),('vuyzra3647','Gregory','Norris','Gregory Norris','09235446502',152713851,'ogiheuhmc11135','Ph.D.','Electrical Engineering',NULL,NULL,'2022-07-27',NULL,'Mazandaran','Mashhad',NULL,NULL,1),('vvdbsr3293','Lisa','Diaz','Lisa Diaz','09457014064',372293110,'liyywpdcs74958','Ph.D.','History',NULL,NULL,'2013-12-30',NULL,'Lorestan','Maragheh',NULL,NULL,1),('vwkrwj4210','Mitchell','Morales','Mitchell Morales','09590734258',109973077,'vjfqqzpym53981','Master','Mechanical Engineering',NULL,NULL,'2008-03-24',NULL,'Kermanshah','Tehran',NULL,NULL,1),('vwppzn8318','John','Ramirez','John Ramirez','09684168546',362737789,'koxxknqiz9399','Ph.D.','Sociology',NULL,NULL,'2016-07-22',NULL,'Tehran','Eslamshahr',NULL,NULL,1),('vxetim2282','Carol','Scott','Carol Scott','09872203464',378345335,'xvfbpmpbm80053','Bachelor','Mathematics',NULL,NULL,'2014-10-05',NULL,'Isfahan','Marvdasht',NULL,NULL,1),('vxwlrz9327','Brittany','Stephens','Brittany Stephens','09460902499',485305502,'zyhbhpuzu98527','Master','Graphic Design',NULL,NULL,'2022-11-24',NULL,'Lorestan','Kerman',NULL,NULL,1),('vyldbg5405','Lori','Osborn','Lori Osborn','09902790907',195930050,'oseygsbez16880','Ph.D.','Political Science',NULL,NULL,'2022-06-20',NULL,'Hormozgan','Shiraz',NULL,NULL,0),('vzlbmf7313','David','Smith','David Smith','09870280121',401522735,'vnhxmamaw10700','Master','Physics',NULL,NULL,'2023-08-19',NULL,'Fars','Abadan',NULL,NULL,0),('vzpiwd2221','Austin','Zavala','Austin Zavala','09164581966',303035866,'etfelqcwd18234','Master','Civil Engineering',NULL,NULL,'2018-08-07',NULL,'Razavi Khorasan','Kaleybar',NULL,NULL,0),('wafcpj8901','Ryan','Gutierrez','Ryan Gutierrez','09209490024',445969864,'qfndtriut47412','Ph.D.','Graphic Design',NULL,NULL,'2009-06-02',NULL,'Golestan','Mashhad',NULL,NULL,1),('wbdofz7481','Jennifer','Diaz','Jennifer Diaz','09205108684',408192592,'tukcwqcvv32418','Master','Chemistry',NULL,NULL,'2008-10-14',NULL,'Tehran','Marvdasht',NULL,NULL,1),('wbymlj3862','Melissa','Ramirez','Melissa Ramirez','09620193698',484969166,'yvndpqrxa66287','Ph.D.','Political Science',NULL,NULL,'2008-05-29',NULL,'Khuzestan','Rafsanjan',NULL,NULL,0),('wcaong3808','Teresa','Riddle','Teresa Riddle','09464090918',55147692,'jhezrcvlc99201','Ph.D.','Political Science',NULL,NULL,'2019-03-08',NULL,'Yazd','Maragheh',NULL,NULL,1),('wcvmej1480','Randall','Terry','Randall Terry','09120857322',124752424,'yvqtvfvgx11794','Diploma','Physics',NULL,NULL,'2023-09-24',NULL,'Khuzestan','Kaleybar',NULL,NULL,0),('wczlzn4160','Dr.','Jane','Dr. Jane','09244451483',477926887,'dvertfrhd68671','Ph.D.','Architecture',NULL,NULL,'2012-07-21',NULL,'Mazandaran','Sabzevar',NULL,NULL,0),('wdgpfl5506','Kyle','Casey','Kyle Casey','09578205038',429965984,'mcrgsxive60499','Diploma','Linguistics',NULL,NULL,'2005-09-05',NULL,'Lorestan','Urmia',NULL,NULL,0),('wdpzds9450','Colin','Harris','Colin Harris','09338660502',46544975,'dhulkstyt51659','Bachelor','Economics',NULL,NULL,'2009-07-19',NULL,'Golestan','Shahin Shahr',NULL,NULL,1),('weddld4393','Timothy','Johnson','Timothy Johnson','09209844467',11617000,'ehkqklncc90480','Master','Nursing',NULL,NULL,'2020-03-11',NULL,'West Azerbaijan','Mahabad',NULL,NULL,0),('wevewi8503','Nicole','Ellis','Nicole Ellis','09972908296',253481900,'mmcqjpgfa24728','Ph.D.','Physics',NULL,NULL,'2016-09-27',NULL,'Mazandaran','Tehran',NULL,NULL,0),('wfhrox1150','Eric','Fields','Eric Fields','09163383525',124949360,'bayokoyjx86376','Ph.D.','Computer Science',NULL,NULL,'2014-01-19',NULL,'East Azerbaijan','Dezful',NULL,NULL,1),('wguiks9492','Morgan','Rush','Morgan Rush','09838309688',124548434,'zmzpmifzb33118','Master','Mechanical Engineering',NULL,NULL,'2007-05-10',NULL,'Fars','Maragheh',NULL,NULL,1),('wgutth3465','Adam','Reyes','Adam Reyes','09129095421',208689078,'hshjxinti22714','Bachelor','History',NULL,NULL,'2021-12-14',NULL,'Golestan','Tabriz',NULL,NULL,1),('whcpzi9848','Daniel','Morris','Daniel Morris','09530625814',289118318,'allqdxfmj48640','Diploma','Electrical Engineering',NULL,NULL,'2005-09-29',NULL,'Kurdistan','Shahin Shahr',NULL,NULL,1),('whkvlf8516','Robin','Kim','Robin Kim','09834388079',469082882,'ggvixvfup59494','Ph.D.','Architecture',NULL,NULL,'2013-06-22',NULL,'Kermanshah','Mashhad',NULL,NULL,1),('whqvog1149','Joshua','Hernandez','Joshua Hernandez','09374597173',392825310,'xnvxpdwgj98301','Diploma','Linguistics',NULL,NULL,'2008-05-14',NULL,'Markazi','Neyshabur',NULL,NULL,0),('whsxmt1962','Barbara','Jones','Barbara Jones','09860819737',185208722,'cdwghtxpl82938','Diploma','History',NULL,NULL,'2005-05-01',NULL,'Isfahan','Shahin Shahr',NULL,NULL,1),('wichru2867','Deanna','Robinson','Deanna Robinson','09850906362',293351994,'lbfqhpdjx8484','Ph.D.','Electrical Engineering',NULL,NULL,'2011-01-07',NULL,'Khuzestan','Isfahan',NULL,NULL,1),('wifuav2388','Tamara','Grant','Tamara Grant','09727969381',14576492,'ezlzduhll29973','Master','Architecture',NULL,NULL,'2010-02-08',NULL,'Mazandaran','Amol',NULL,NULL,0),('wigacn6089','Jessica','Flores','Jessica Flores','09343384511',258855019,'fpkgaqdqg98912','Diploma','Architecture',NULL,NULL,'2008-02-26',NULL,'Gilan','Jahrom',NULL,NULL,1),('wizntk7982','Alan','Davis','Alan Davis','09179814799',25199480,'ivvlbijwv56272','Master','Mathematics',NULL,NULL,'2006-12-02',NULL,'Kurdistan','Karaj',NULL,NULL,0),('wjaqvt6360','Michael','Rios','Michael Rios','09417882535',100906189,'ytnvupzmz43034','Ph.D.','Biology',NULL,NULL,'2005-05-30',NULL,'East Azerbaijan','Amol',NULL,NULL,0),('wjwuue5706','William','Griffin','William Griffin','09652934042',76191168,'xhtliicgo85234','Bachelor','Business Administration',NULL,NULL,'2006-09-28',NULL,'Khuzestan','Isfahan',NULL,NULL,1),('wjzjrf1450','Jennifer','Murphy','Jennifer Murphy','09813988341',485690976,'bwdojqvxl91509','Ph.D.','Psychology',NULL,NULL,'2020-12-30',NULL,'East Azerbaijan','Tehran',NULL,NULL,1),('wkbacy9198','David','Nguyen','David Nguyen','09528859717',9423219,'tuvquuwem39971','Bachelor','Psychology',NULL,NULL,'2008-09-09',NULL,'Hormozgan','Jahrom',NULL,NULL,1),('wkpuxf6456','Amber','Haynes','Amber Haynes','09996598566',226656465,'amtdaesxm97480','Diploma','Economics',NULL,NULL,'2011-06-27',NULL,'Kerman','Maragheh',NULL,NULL,1),('wlrefk1801','David','Kent','David Kent','09526830475',426123049,'jqswimbzi98801','Diploma','Biology',NULL,NULL,'2022-06-01',NULL,'Fars','Mashhad',NULL,NULL,0),('wlsxfd7559','Elizabeth','Stephenson','Elizabeth Stephenson','09632988211',210058973,'llmadqdgs62831','Bachelor','Mathematics',NULL,NULL,'2021-11-26',NULL,'Hormozgan','Eslamshahr',NULL,NULL,0),('wlzjrg4114','Jesse','Marshall','Jesse Marshall','09930742035',92009067,'oowevuvfd82975','Bachelor','Mechanical Engineering',NULL,NULL,'2010-12-18',NULL,'Bushehr','Lahijan',NULL,NULL,1),('wmgntz9028','Frances','Hickman','Frances Hickman','09934345403',244176505,'ufhqzhbjy33041','Master','Sociology',NULL,NULL,'2020-03-21',NULL,'West Azerbaijan','Mashhad',NULL,NULL,0),('wmydbr4480','Melissa','Murphy','Melissa Murphy','09811123643',135208976,'ycjqosteh91137','Master','Economics',NULL,NULL,'2006-11-08',NULL,'Kermanshah','Jahrom',NULL,NULL,1),('wnsrrk8981','Jennifer','Brown','Jennifer Brown','09899455318',312785808,'axzxlokht20590','Diploma','Architecture',NULL,NULL,'2015-11-20',NULL,'Isfahan','Tehran',NULL,NULL,0),('wnwytc5594','Brian','Mckenzie','Brian Mckenzie','09478080732',279168623,'cteymtjum47106','Bachelor','Psychology',NULL,NULL,'2011-11-21',NULL,'Razavi Khorasan','Eslamshahr',NULL,NULL,0),('woalbi4170','Jonathan','Bates','Jonathan Bates','09358340005',142614851,'hfohhnpyl85566','Diploma','Mathematics',NULL,NULL,'2020-03-21',NULL,'Khuzestan','Jahrom',NULL,NULL,0),('woehny5656','Matthew','Archer','Matthew Archer','09234529902',80479914,'ukkfoubeh4689','Bachelor','Nursing',NULL,NULL,'2006-11-08',NULL,'Lorestan','Urmia',NULL,NULL,0),('wpchro2956','Nathan','Crawford','Nathan Crawford','09711218329',196327348,'zphvxxrzn31448','Bachelor','Physics',NULL,NULL,'2007-09-22',NULL,'Fars','Lahijan',NULL,NULL,0),('wpzifx1109','Kenneth','Walker','Kenneth Walker','09560073000',118145599,'ixcdmtmbn65699','Ph.D.','Computer Science',NULL,NULL,'2006-08-04',NULL,'Mazandaran','Sirjan',NULL,NULL,1),('wrbtfy7889','Victoria','Williams','Victoria Williams','09769557596',281139410,'fqsxbituj82603','Ph.D.','Chemistry',NULL,NULL,'2006-05-24',NULL,'Kurdistan','Rafsanjan',NULL,NULL,0),('wrdvxx2409','Richard','Bowman','Richard Bowman','09956353370',389148302,'agvvnsnna18117','Ph.D.','Political Science',NULL,NULL,'2019-03-06',NULL,'Golestan','Karaj',NULL,NULL,0),('wrhccc6581','Danielle','Torres','Danielle Torres','09846772501',371628029,'ppvulmvyt45020','Ph.D.','Economics',NULL,NULL,'2011-01-10',NULL,'West Azerbaijan','Lahijan',NULL,NULL,1),('wrpmbr9147','Michael','Ingram','Michael Ingram','09775542602',14581151,'ndnsbedus93882','Master','Biology',NULL,NULL,'2023-05-22',NULL,'Gilan','Jahrom',NULL,NULL,1),('wrvcka5256','Sara','Smith','Sara Smith','09476658435',327766955,'qolkjmkbk38766','Bachelor','Linguistics',NULL,NULL,'2007-10-28',NULL,'Kerman','Kaleybar',NULL,NULL,1),('wsfaco6643','Dawn','Jones','Dawn Jones','09743385430',424912711,'grcfolagc55602','Diploma','Sociology',NULL,NULL,'2020-05-23',NULL,'Markazi','Kaleybar',NULL,NULL,0),('wskrxb2448','Heather','Hamilton','Heather Hamilton','09608297194',313590398,'mprctktnv68665','Bachelor','Nursing',NULL,NULL,'2011-09-30',NULL,'West Azerbaijan','Bandar-e Anzali',NULL,NULL,0),('wslhsx5226','Kimberly','Moreno','Kimberly Moreno','09205092332',46304285,'dkszjniun74150','Master','Sociology',NULL,NULL,'2018-09-14',NULL,'Khuzestan','Babol',NULL,NULL,1),('wsvgay3380','Gina','Avila','Gina Avila','09956729487',68059689,'zybglxjef21394','Ph.D.','Chemistry',NULL,NULL,'2014-09-06',NULL,'Khuzestan','Shahin Shahr',NULL,NULL,1),('wsvilo4586','Pamela','Freeman','Pamela Freeman','09961099650',387113091,'wskbimnpd34279','Diploma','Biology',NULL,NULL,'2012-07-15',NULL,'Markazi','Maragheh',NULL,NULL,0),('wtnkuj7475','Leslie','Reyes','Leslie Reyes','09847564844',157967120,'cvkpkxysd12561','Diploma','Political Science',NULL,NULL,'2021-08-15',NULL,'Kurdistan','Dezful',NULL,NULL,0),('wtrvsp1886','Sara','Franklin','Sara Franklin','09923086274',104983648,'ycuzlqmqv25242','Bachelor','Mechanical Engineering',NULL,NULL,'2006-06-22',NULL,'Hormozgan','Tabriz',NULL,NULL,1),('wtxywm2005','Douglas','Gonzalez','Douglas Gonzalez','09286293319',117810136,'kxnmwhxlm16099','Bachelor','Psychology',NULL,NULL,'2018-11-16',NULL,'West Azerbaijan','Najafabad',NULL,NULL,0),('wuxcwg9915','Derek','Vazquez','Derek Vazquez','09885392278',206646986,'eotaegcys88276','Ph.D.','Psychology',NULL,NULL,'2011-08-27',NULL,'Tehran','Rasht',NULL,NULL,0),('wvcgga8294','Jennifer','Allen','Jennifer Allen','09291911213',168382895,'wnhcquhlr56202','Diploma','Mathematics',NULL,NULL,'2012-01-10',NULL,'Kerman','Babol',NULL,NULL,0),('wvmmjp9892','Dorothy','Price','Dorothy Price','09103582868',120597674,'pjdddyzyt25706','Master','Sociology',NULL,NULL,'2019-09-25',NULL,'Yazd','Kerman',NULL,NULL,0),('wxcbho4656','Darrell','Leonard','Darrell Leonard','09598882502',312572442,'vibxdgcby15239','Ph.D.','Mechanical Engineering',NULL,NULL,'2011-10-07',NULL,'Kurdistan','Marvdasht',NULL,NULL,1),('wxmcop8838','Alexander','Harper','Alexander Harper','09122549206',86970870,'bisxvnvaz41612','Bachelor','Business Administration',NULL,NULL,'2023-10-17',NULL,'Lorestan','Mahabad',NULL,NULL,1),('wxpqph3545','Peter','Proctor','Peter Proctor','09718330961',457882071,'lapnuhqlo9434','Bachelor','Civil Engineering',NULL,NULL,'2018-09-11',NULL,'Markazi','Isfahan',NULL,NULL,1),('wygesq6998','Michael','Rose','Michael Rose','09300972196',463227750,'xehyykpvr30332','Bachelor','Economics',NULL,NULL,'2017-10-05',NULL,'Kermanshah','Tabriz',NULL,NULL,1),('wzytki8484','Shawn','Booker','Shawn Booker','09911972159',402178543,'pnvjehpcr32599','Bachelor','History',NULL,NULL,'2023-03-24',NULL,'Khuzestan','Najafabad',NULL,NULL,0),('wzyupv7536','James','Ramirez','James Ramirez','09478457031',328195710,'eexinsifn31293','Ph.D.','Economics',NULL,NULL,'2012-06-20',NULL,'Hormozgan','Kaleybar',NULL,NULL,0),('xaduqh7542','Mark','Jensen','Mark Jensen','09910338620',318873907,'mzezetkfb75887','Ph.D.','Business Administration',NULL,NULL,'2013-10-23',NULL,'Gilan','Bandar-e Anzali',NULL,NULL,1),('xaitku9200','Denise','Lindsey','Denise Lindsey','09956002525',243636592,'clcmxpsta76953','Diploma','Sociology',NULL,NULL,'2020-04-08',NULL,'Isfahan','Eslamshahr',NULL,NULL,0),('xbcfnl7313','Melissa','Riggs','Melissa Riggs','09958598595',166458468,'sxsxydyml51230','Ph.D.','Biology',NULL,NULL,'2009-10-03',NULL,'East Azerbaijan','Neyshabur',NULL,NULL,0),('xcdnnz2447','Michael','Estrada','Michael Estrada','09327902071',402154416,'sgahiuaof4809','Diploma','Mechanical Engineering',NULL,NULL,'2021-07-27',NULL,'Tehran','Lahijan',NULL,NULL,1),('xcngzb9548','Heidi','Saunders','Heidi Saunders','09303081243',383330746,'mfqtnkknb23188','Diploma','English Literature',NULL,NULL,'2020-09-11',NULL,'Markazi','Neyshabur',NULL,NULL,0),('xddxnb9317','Emily','Holmes','Emily Holmes','09166565551',376298738,'joijagnvn70683','Ph.D.','English Literature',NULL,NULL,'2013-09-08',NULL,'Fars','Mahabad',NULL,NULL,0),('xdsxgy1965','James','Carter','James Carter','09480681722',494180440,'ppcurfnue25697','Bachelor','Sociology',NULL,NULL,'2009-11-08',NULL,'Kerman','Tabriz',NULL,NULL,1),('xduvvf7305','Alexis','Obrien','Alexis Obrien','09799031744',340270424,'rmuioawhg36981','Master','Environmental Science',NULL,NULL,'2006-07-22',NULL,'Khuzestan','Jahrom',NULL,NULL,0),('xekjit6307','Travis','Torres','Travis Torres','09286053565',293344673,'ammcbactv5317','Diploma','Economics',NULL,NULL,'2011-12-10',NULL,'East Azerbaijan','Mashhad',NULL,NULL,1),('xemqik9240','Jennifer','Howell','Jennifer Howell','09183549294',319597150,'giugwamnt19565','Master','Environmental Science',NULL,NULL,'2020-09-24',NULL,'Kerman','Tabriz',NULL,NULL,1),('xeqysd9241','Pam','Fuller','Pam Fuller','09137231283',287537190,'jkhklnfhd82886','Diploma','History',NULL,NULL,'2010-06-02',NULL,'Ardabil','Tehran',NULL,NULL,0),('xfemyx7116','Gloria','Lewis','Gloria Lewis','09638230479',217010532,'cwcnuvtza78928','Ph.D.','English Literature',NULL,NULL,'2017-12-19',NULL,'Isfahan','Lahijan',NULL,NULL,1),('xfpvsl7135','Craig','Pierce','Craig Pierce','09882572908',158245475,'ysbpbxhif47065','Bachelor','Civil Engineering',NULL,NULL,'2019-08-03',NULL,'Razavi Khorasan','Maragheh',NULL,NULL,1),('xgyyyc5695','Elizabeth','Sullivan','Elizabeth Sullivan','09283922024',196580074,'czqueasix86572','Bachelor','Graphic Design',NULL,NULL,'2008-06-14',NULL,'Bushehr','Shiraz',NULL,NULL,0),('xhcorq7599','Thomas','Williams','Thomas Williams','09321780504',174210692,'dmhxgffpi81747','Master','Chemistry',NULL,NULL,'2010-04-26',NULL,'Lorestan','Neyshabur',NULL,NULL,1),('xjehwo2265','Nichole','Long','Nichole Long','09866324517',126392072,'eecijgpcu25067','Bachelor','Economics',NULL,NULL,'2005-04-27',NULL,'Razavi Khorasan','Tabriz',NULL,NULL,1),('xjpore7081','Brandon','Huynh','Brandon Huynh','09301158960',24467479,'vlxmdovrv31816','Diploma','History',NULL,NULL,'2021-08-30',NULL,'Kermanshah','Sabzevar',NULL,NULL,0),('xknytv8960','Andrew','Williamson','Andrew Williamson','09244150790',293136110,'miogaojzt17935','Diploma','Physics',NULL,NULL,'2011-12-04',NULL,'Isfahan','Najafabad',NULL,NULL,0),('xkopff7435','Frederick','Tate','Frederick Tate','09740534234',434859704,'tzwlulbgt71321','Bachelor','Business Administration',NULL,NULL,'2014-07-08',NULL,'Markazi','Kaleybar',NULL,NULL,0),('xkqlda5009','Jenna','Mclean','Jenna Mclean','09393115534',5775603,'oepiptzkx71586','Diploma','History',NULL,NULL,'2010-11-24',NULL,'Kurdistan','Lahijan',NULL,NULL,1),('xkuybu3944','Leah','Mitchell','Leah Mitchell','09832525032',304030804,'ruiuejark91970','Master','Chemistry',NULL,NULL,'2021-08-25',NULL,'Ardabil','Khoy',NULL,NULL,0),('xmxtkx9591','Eric','Martin','Eric Martin','09316610702',404843897,'fmlesghba76600','Master','Biology',NULL,NULL,'2020-04-16',NULL,'Kermanshah','Najafabad',NULL,NULL,1),('xncgzo1051','Dawn','Ferguson','Dawn Ferguson','09212723922',478768213,'suwfkymad94329','Ph.D.','Economics',NULL,NULL,'2006-05-21',NULL,'Kerman','Neyshabur',NULL,NULL,0),('xnqppo4881','Anthony','Bishop','Anthony Bishop','09462692964',251286353,'ybwmztuom55847','Diploma','English Literature',NULL,NULL,'2008-11-07',NULL,'Ardabil','Ahvaz',NULL,NULL,0),('xokyjk6043','Sandra','Shaw','Sandra Shaw','09243388091',40526478,'cxnnufsxn12877','Diploma','Mathematics',NULL,NULL,'2014-03-14',NULL,'East Azerbaijan','Neyshabur',NULL,NULL,1),('xonnra7211','Maria','Good','Maria Good','09593146233',487116538,'brxwnnrbo93950','Bachelor','Biology',NULL,NULL,'2011-08-08',NULL,'Golestan','Kaleybar',NULL,NULL,0),('xorofx1411','Tammy','Byrd','Tammy Byrd','09514893148',387092144,'vachfeihg49967','Diploma','Graphic Design',NULL,NULL,'2014-08-30',NULL,'Lorestan','Lahijan',NULL,NULL,1),('xpkbek7344','David','Allison','David Allison','09215694856',276974342,'foecyirgv90997','Master','Civil Engineering',NULL,NULL,'2015-10-03',NULL,'Lorestan','Urmia',NULL,NULL,0),('xqgrgy9956','Jacqueline','Gibson','Jacqueline Gibson','09107486684',41225971,'ojcdknioi53219','Diploma','Physics',NULL,NULL,'2012-03-09',NULL,'Tehran','Babol',NULL,NULL,1),('xrghqi7613','Antonio','Stone','Antonio Stone','09604011845',383417967,'vneqvkeqc58194','Master','Linguistics',NULL,NULL,'2023-07-18',NULL,'Markazi','Sabzevar',NULL,NULL,0),('xrlexz9711','Dawn','Perry','Dawn Perry','09266677588',313515016,'qlxcfttck97260','Bachelor','History',NULL,NULL,'2006-02-14',NULL,'Isfahan','Neyshabur',NULL,NULL,1),('xrzcjl4026','Erika','Short','Erika Short','09249840732',133831055,'fvxrscovs73029','Master','Computer Science',NULL,NULL,'2015-11-27',NULL,'Ardabil','Najafabad',NULL,NULL,1),('xstlty2444','Michael','Durham','Michael Durham','09618603471',61302558,'wnnwyseag61984','Ph.D.','Chemistry',NULL,NULL,'2023-08-08',NULL,'Yazd','Marvdasht',NULL,NULL,1),('xtcpcw6419','Raymond','Bonilla','Raymond Bonilla','09738893490',343232324,'inquopxjb84361','Bachelor','Sociology',NULL,NULL,'2022-04-20',NULL,'Yazd','Marvdasht',NULL,NULL,1),('xumdsc7984','Katherine','Garcia','Katherine Garcia','09618895018',248337813,'ouqkkbwzt75173','Master','Chemistry',NULL,NULL,'2021-05-10',NULL,'Yazd','Najafabad',NULL,NULL,0),('xvpjpw1108','Thomas','Melendez','Thomas Melendez','09293492577',211524300,'qqkqlqjpa77573','Bachelor','Mechanical Engineering',NULL,NULL,'2009-04-01',NULL,'Markazi','Sari',NULL,NULL,1),('xvyfhb3552','Christopher','Sanchez','Christopher Sanchez','09552320913',16913402,'hvqpdfkiw3268','Bachelor','Physics',NULL,NULL,'2005-11-16',NULL,'Razavi Khorasan','Kaleybar',NULL,NULL,0),('xwqmth5588','Nicholas','Arnold','Nicholas Arnold','09651155326',329943047,'dlbfbgkdj38110','Bachelor','Nursing',NULL,NULL,'2019-03-04',NULL,'Fars','Rafsanjan',NULL,NULL,0),('xwwbec4794','Gregory','Andrade','Gregory Andrade','09453804561',475351435,'dypkqcfep86079','Master','Psychology',NULL,NULL,'2022-03-28',NULL,'Hormozgan','Najafabad',NULL,NULL,1),('xxirvf8683','Alicia','Richardson','Alicia Richardson','09401009607',57263106,'lugipmtpz89055','Ph.D.','Political Science',NULL,NULL,'2022-03-14',NULL,'Yazd','Mashhad',NULL,NULL,1),('xxvbdt3746','Johnny','Ayers','Johnny Ayers','09814019695',115570001,'ihgbgjxco63410','Diploma','English Literature',NULL,NULL,'2018-11-19',NULL,'Bushehr','Bandar-e Anzali',NULL,NULL,0),('xxvxbc3261','William','Boyd','William Boyd','09729153288',188335454,'xfhgkpvio24984','Master','Nursing',NULL,NULL,'2005-11-05',NULL,'Yazd','Sabzevar',NULL,NULL,0),('xyrvrl8652','Brian','Cross','Brian Cross','09907801871',313534976,'crkxnsmdy91180','Diploma','Business Administration',NULL,NULL,'2021-10-30',NULL,'Tehran','Rasht',NULL,NULL,0),('xzhzai6413','Jason','Erickson','Jason Erickson','09791302405',81750976,'yitakwhkd52095','Master','Mathematics',NULL,NULL,'2022-09-21',NULL,'Tehran','Sabzevar',NULL,NULL,1),('xzkncl2168','Anthony','White','Anthony White','09761062616',201166120,'fpvwacqse49624','Master','Political Science',NULL,NULL,'2012-02-15',NULL,'Bushehr','Karaj',NULL,NULL,0),('yaadbv4831','Cheryl','Lawrence','Cheryl Lawrence','09319075790',216479972,'efvmgbcxt66698','Diploma','Computer Science',NULL,NULL,'2014-01-26',NULL,'Lorestan','Dezful',NULL,NULL,1),('yaongh4499','Amber','White','Amber White','09700477697',345727635,'gmnhmqknx40335','Ph.D.','Mechanical Engineering',NULL,NULL,'2009-09-07',NULL,'Kerman','Shiraz',NULL,NULL,0),('yavfoq4913','Robert','Alexander','Robert Alexander','09440402068',397574995,'ayfrggifm40025','Master','Graphic Design',NULL,NULL,'2014-07-06',NULL,'Fars','Karaj',NULL,NULL,1),('yazglm5530','Jessica','Gallagher','Jessica Gallagher','09374245330',251672916,'oxpsurknf17044','Bachelor','Economics',NULL,NULL,'2017-07-01',NULL,'Mazandaran','Tabriz',NULL,NULL,1),('ybapux4795','Eric','Owens','Eric Owens','09354825727',442224900,'tinwhnnja50475','Ph.D.','Psychology',NULL,NULL,'2011-10-20',NULL,'Kurdistan','Isfahan',NULL,NULL,1),('ybaxtu9849','Blake','Nguyen','Blake Nguyen','09856619543',182151181,'hopnvryxm77603','Bachelor','Computer Science',NULL,NULL,'2022-08-14',NULL,'Golestan','Eslamshahr',NULL,NULL,0),('ybdusb7730','Richard','Martinez','Richard Martinez','09120976436',479202371,'yqfnbxwca59306','Ph.D.','Mathematics',NULL,NULL,'2015-07-29',NULL,'Golestan','Marvdasht',NULL,NULL,0),('ybpdop5192','Christopher','Griffin','Christopher Griffin','09598582283',112518019,'ogganaidp63431','Master','History',NULL,NULL,'2010-07-10',NULL,'Yazd','Khoy',NULL,NULL,0),('ybvfyc7923','Samantha','Burnett','Samantha Burnett','09494500701',401847188,'uohsbehnp71848','Diploma','Architecture',NULL,NULL,'2019-02-05',NULL,'Tehran','Neyshabur',NULL,NULL,1),('ybzinv7335','Steven','Howard','Steven Howard','09921670255',323932994,'dvsycolxl5417','Ph.D.','Mechanical Engineering',NULL,NULL,'2022-08-05',NULL,'Golestan','Urmia',NULL,NULL,1),('ycknub3815','Carl','Moore','Carl Moore','09269010588',428302350,'yeruwyzik32272','Master','Biology',NULL,NULL,'2009-03-13',NULL,'East Azerbaijan','Neyshabur',NULL,NULL,1),('ycnzxo7897','Tara','James','Tara James','09192373778',243157751,'zujxqwqez86489','Diploma','Mechanical Engineering',NULL,NULL,'2011-04-21',NULL,'Gilan','Najafabad',NULL,NULL,1),('ycpeha3444','David','Thompson','David Thompson','09533715723',435032498,'eadwzmbqi97195','Diploma','Sociology',NULL,NULL,'2012-10-28',NULL,'East Azerbaijan','Sirjan',NULL,NULL,1),('ycufuy4753','Julie','Hull','Julie Hull','09629626332',232560851,'ssgatazqo27635','Diploma','Nursing',NULL,NULL,'2011-12-05',NULL,'Kerman','Mashhad',NULL,NULL,0),('yczdkc6093','Devin','Bowman','Devin Bowman','09324159149',425554543,'glwbzpbqo31714','Ph.D.','Physics',NULL,NULL,'2006-09-17',NULL,'Razavi Khorasan','Shahin Shahr',NULL,NULL,0),('yeggoe5140','Eduardo','Young','Eduardo Young','09677051036',198357673,'tmoqpwgul84768','Master','Nursing',NULL,NULL,'2019-11-21',NULL,'Golestan','Isfahan',NULL,NULL,1),('yekaav6385','Courtney','Aguilar','Courtney Aguilar','09821925730',102812870,'xyrikfkyq19669','Ph.D.','English Literature',NULL,NULL,'2015-09-23',NULL,'Ardabil','Bandar-e Anzali',NULL,NULL,1),('yfbpnj6272','Jasmine','Russell','Jasmine Russell','09168602264',216651915,'buazyxcrg43779','Ph.D.','Mathematics',NULL,NULL,'2012-06-13',NULL,'Lorestan','Karaj',NULL,NULL,0),('yfyhkl4113','Katherine','Leonard','Katherine Leonard','09733775711',236153805,'ewvtthmgn1258','Diploma','Mechanical Engineering',NULL,NULL,'2005-12-10',NULL,'Golestan','Rafsanjan',NULL,NULL,0),('ygjwuy9342','Cynthia','Cervantes','Cynthia Cervantes','09428554198',175104106,'jmanbdtwe77544','Bachelor','Sociology',NULL,NULL,'2005-07-03',NULL,'Markazi','Jahrom',NULL,NULL,0),('ygkrjb5510','Peter','Jones','Peter Jones','09276764213',234610598,'vjymxgeom97031','Master','Political Science',NULL,NULL,'2006-08-18',NULL,'East Azerbaijan','Marvdasht',NULL,NULL,1),('yhxziz1131','Brett','Howard','Brett Howard','09609502666',7936240,'ldkizwpzd85459','Bachelor','Chemistry',NULL,NULL,'2006-08-09',NULL,'Fars','Khoy',NULL,NULL,1),('yjffkl9392','Sean','Hunter','Sean Hunter','09225091166',52380089,'eevgumcqm50831','Bachelor','Environmental Science',NULL,NULL,'2008-12-27',NULL,'Kerman','Shiraz',NULL,NULL,0),('yjfqtw6825','Sarah','Dunn','Sarah Dunn','09135087486',200113936,'uzbygjqvz20869','Master','Physics',NULL,NULL,'2012-06-05',NULL,'Lorestan','Sirjan',NULL,NULL,1),('yjmqdi9828','Nicholas','Gamble','Nicholas Gamble','09105437368',98782336,'bdcnmruug13687','Ph.D.','English Literature',NULL,NULL,'2020-07-11',NULL,'Kerman','Lahijan',NULL,NULL,0),('yjnkpp2545','Tony','Yates','Tony Yates','09188407835',39388027,'izvktpuww90080','Ph.D.','Mathematics',NULL,NULL,'2023-11-30',NULL,'Kerman','Kaleybar',NULL,NULL,1),('yjrpor5331','Jessica','Smith','Jessica Smith','09920344098',221684290,'cafiqsxsp12962','Bachelor','English Literature',NULL,NULL,'2014-08-29',NULL,'Golestan','Isfahan',NULL,NULL,1),('ylfmtx7897','Donald','Cohen','Donald Cohen','09904700051',376773396,'ehjvfajmt43812','Bachelor','Business Administration',NULL,NULL,'2016-07-15',NULL,'Hamedan','Kaleybar',NULL,NULL,1),('ylgzdv9516','Gwendolyn','Odonnell','Gwendolyn Odonnell','09584276532',306481206,'reaawifui64882','Diploma','Sociology',NULL,NULL,'2010-10-13',NULL,'Fars','Kerman',NULL,NULL,1),('ylmlpk8178','Nicholas','Delacruz','Nicholas Delacruz','09725329287',378189232,'zwbsplach468','Ph.D.','Biology',NULL,NULL,'2020-11-14',NULL,'Lorestan','Tabriz',NULL,NULL,1),('ylokte2831','Brandon','Ross','Brandon Ross','09773559114',139342183,'yrzzikqea95755','Diploma','Electrical Engineering',NULL,NULL,'2009-03-19',NULL,'Gilan','Sabzevar',NULL,NULL,0),('ylspaj3798','Ana','Alvarez','Ana Alvarez','09663468713',134174946,'lzenhdqzi41241','Ph.D.','Political Science',NULL,NULL,'2013-12-09',NULL,'Fars','Tabriz',NULL,NULL,1),('ymdtxw5929','Dr.','Nichole','Dr. Nichole','09839960734',270068369,'ucygnzwao98897','Ph.D.','Political Science',NULL,NULL,'2013-06-29',NULL,'Kurdistan','Neyshabur',NULL,NULL,0),('ymmvlf6691','Dean','Brown','Dean Brown','09215278523',430769073,'imwtpakdp55105','Bachelor','Biology',NULL,NULL,'2020-01-20',NULL,'Isfahan','Shiraz',NULL,NULL,1),('ymmxlw4586','Jody','Guerrero','Jody Guerrero','09590381558',159115963,'tcojultyw78450','Ph.D.','Mathematics',NULL,NULL,'2018-03-26',NULL,'Lorestan','Sabzevar',NULL,NULL,1),('ymwhvz2155','Angela','Keller','Angela Keller','09345773684',352566394,'jzapluyht86732','Diploma','Political Science',NULL,NULL,'2020-09-30',NULL,'Kerman','Mashhad',NULL,NULL,1),('ynlynz9392','Anthony','Williams','Anthony Williams','09293702636',300465772,'itpdxbcmy31002','Bachelor','Graphic Design',NULL,NULL,'2018-03-24',NULL,'Gilan','Mashhad',NULL,NULL,1),('yomxrh5272','Kristen','Hernandez','Kristen Hernandez','09946468791',12220556,'okjkdsxyu76669','Bachelor','Civil Engineering',NULL,NULL,'2016-07-13',NULL,'Isfahan','Shiraz',NULL,NULL,1),('youmts8894','Mark','Garcia','Mark Garcia','09382951601',417548778,'pgzwmytbz45800','Ph.D.','Civil Engineering',NULL,NULL,'2007-02-27',NULL,'Kerman','Maragheh',NULL,NULL,0),('yqeovx8128','Mary','Sandoval','Mary Sandoval','09430224742',65614705,'whmzmmpry47844','Ph.D.','Civil Engineering',NULL,NULL,'2013-01-25',NULL,'Golestan','Abadan',NULL,NULL,0),('yqjifl3956','Michael','Patton','Michael Patton','09850218621',467596187,'nfupabizn91659','Ph.D.','Political Science',NULL,NULL,'2012-02-03',NULL,'West Azerbaijan','Sabzevar',NULL,NULL,0),('yqycwn4637','Pamela','Acosta','Pamela Acosta','09994548553',364995484,'ynpyiyyws32164','Master','Economics',NULL,NULL,'2011-06-12',NULL,'Fars','Bandar-e Anzali',NULL,NULL,1),('yroivg1776','David','Mueller','David Mueller','09183026435',437913199,'csyixffqo90290','Master','English Literature',NULL,NULL,'2014-12-27',NULL,'Hamedan','Najafabad',NULL,NULL,1),('yrusqo9172','Alyssa','Vasquez','Alyssa Vasquez','09551464795',25085057,'gfobmtjga64488','Ph.D.','Business Administration',NULL,NULL,'2021-01-13',NULL,'Isfahan','Amol',NULL,NULL,0),('ysbdgq4687','Anthony','Johnson','Anthony Johnson','09668807687',326027834,'bhiymbdgb61687','Diploma','History',NULL,NULL,'2020-02-01',NULL,'Isfahan','Jahrom',NULL,NULL,1),('ysibuk2041','Cynthia','Rogers','Cynthia Rogers','09664079075',96755548,'mbwjedben42246','Ph.D.','Business Administration',NULL,NULL,'2013-04-16',NULL,'Kermanshah','Maragheh',NULL,NULL,1),('ysmbul7011','Elizabeth','Miller','Elizabeth Miller','09560066340',185257030,'lutqvbndh45654','Bachelor','Physics',NULL,NULL,'2010-12-04',NULL,'East Azerbaijan','Isfahan',NULL,NULL,0),('yspfvj9978','Julia','Yang','Julia Yang','09906183720',359040324,'twgbrmycn28308','Master','Mathematics',NULL,NULL,'2009-04-11',NULL,'Hormozgan','Tabriz',NULL,NULL,1),('yspowu2967','James','Clark','James Clark','09296074630',477403695,'zhcpyopdi65782','Ph.D.','Civil Engineering',NULL,NULL,'2007-03-05',NULL,'Kurdistan','Shiraz',NULL,NULL,1),('ysykqj7402','Jeremy','Baker','Jeremy Baker','09256675089',45177382,'yhrfegveh61674','Ph.D.','Economics',NULL,NULL,'2015-06-30',NULL,'Golestan','Abadan',NULL,NULL,0),('ytlggl8083','Maria','Hendrix','Maria Hendrix','09977888299',354094948,'tmwcplgxm99040','Ph.D.','English Literature',NULL,NULL,'2009-05-12',NULL,'Mazandaran','Mahabad',NULL,NULL,1),('yudskm8057','Taylor','Rodriguez','Taylor Rodriguez','09787287452',477202387,'vszzongfb99365','Master','Architecture',NULL,NULL,'2009-04-26',NULL,'Razavi Khorasan','Mahabad',NULL,NULL,1),('yukswm9170','Kristen','Rhodes','Kristen Rhodes','09202688746',280924270,'ybivtbhvm83809','Master','Civil Engineering',NULL,NULL,'2005-04-26',NULL,'West Azerbaijan','Eslamshahr',NULL,NULL,1),('yupuom3217','Joseph','Maldonado','Joseph Maldonado','09219423958',94872852,'qencjgkpd8151','Ph.D.','Nursing',NULL,NULL,'2005-09-11',NULL,'Razavi Khorasan','Najafabad',NULL,NULL,1),('yvidsk4111','Lisa','Barber','Lisa Barber','09523711313',392520325,'ipcrjxgqb44937','Diploma','Biology',NULL,NULL,'2019-05-13',NULL,'Khuzestan','Karaj',NULL,NULL,0),('yvndbl4116','Mark','Ewing','Mark Ewing','09260436121',447852420,'uhrxnqbeg89775','Diploma','Economics',NULL,NULL,'2010-10-22',NULL,'Kerman','Amol',NULL,NULL,1),('yvugbp1141','David','Patel','David Patel','09734784294',39496408,'tdjtyffmt76983','Bachelor','Biology',NULL,NULL,'2019-11-28',NULL,'Fars','Bandar-e Anzali',NULL,NULL,0),('yvzdat7175','Kelly','James','Kelly James','09626792365',285402715,'wdlvuhuiv60462','Master','Electrical Engineering',NULL,NULL,'2007-06-16',NULL,'Kurdistan','Kerman',NULL,NULL,0),('ywjjnc1300','Mariah','Johnson','Mariah Johnson','09987923219',369005953,'yupetphkz31255','Diploma','Linguistics',NULL,NULL,'2014-08-21',NULL,'Hormozgan','Shiraz',NULL,NULL,1),('yxnekb1014','Melanie','Romero','Melanie Romero','09952871221',464903743,'nbqxlmftt90682','Ph.D.','Graphic Design',NULL,NULL,'2012-11-02',NULL,'Gilan','Lahijan',NULL,NULL,1),('yxwbim6622','Allison','Phillips','Allison Phillips','09147456277',265098961,'xtpleohgg78809','Master','Mechanical Engineering',NULL,NULL,'2006-11-17',NULL,'Gilan','Tehran',NULL,NULL,1),('yxwtjj6438','Joshua','Holloway','Joshua Holloway','09511974549',499784410,'jlzcbhtlq86131','Ph.D.','Architecture',NULL,NULL,'2005-01-24',NULL,'Yazd','Rafsanjan',NULL,NULL,1),('yyvlkp9944','Wendy','Gibbs','Wendy Gibbs','09485716663',63834840,'geqhgtkmp29951','Diploma','Environmental Science',NULL,NULL,'2017-06-11',NULL,'Isfahan','Karaj',NULL,NULL,1),('yzfwak1276','Mike','Donovan','Mike Donovan','09398000837',490951105,'favqzhvhm4123','Ph.D.','Mathematics',NULL,NULL,'2012-03-23',NULL,'Bushehr','Isfahan',NULL,NULL,0),('yziwcp2277','John','Hurley','John Hurley','09945661436',89993119,'ujgzcanau52956','Ph.D.','History',NULL,NULL,'2008-09-24',NULL,'Hamedan','Marvdasht',NULL,NULL,1),('yzlalr5427','Richard','Rodriguez','Richard Rodriguez','09102664967',272324254,'ocpanjchv36223','Ph.D.','Civil Engineering',NULL,NULL,'2007-05-08',NULL,'Isfahan','Shiraz',NULL,NULL,0),('yzrsjk3540','Melissa','Oconnor','Melissa Oconnor','09114487720',449118081,'krwrabwqr43355','Ph.D.','Mathematics',NULL,NULL,'2019-05-01',NULL,'Kermanshah','Jahrom',NULL,NULL,1),('zaeenu5755','Dana','Kennedy','Dana Kennedy','09127268605',342854184,'jeqvfghfz63992','Diploma','Political Science',NULL,NULL,'2017-11-22',NULL,'Mazandaran','Kerman',NULL,NULL,1),('zazyzj6484','Anthony','Ferguson','Anthony Ferguson','09873043234',215503456,'grypmkiwh94010','Master','Linguistics',NULL,NULL,'2009-04-12',NULL,'Markazi','Jahrom',NULL,NULL,1),('zbbzge8898','Cristina','Turner','Cristina Turner','09877421243',313343379,'lcmgvzlab46528','Diploma','Nursing',NULL,NULL,'2019-11-26',NULL,'Khuzestan','Shahin Shahr',NULL,NULL,1),('zbpwex4340','Monica','Acosta','Monica Acosta','09744948507',357570070,'cgjhqvspm86268','Master','Computer Science',NULL,NULL,'2005-05-17',NULL,'Ardabil','Dezful',NULL,NULL,1),('zccazz8769','Matthew','Medina','Matthew Medina','09289176090',198139994,'ensofjezg31910','Ph.D.','Graphic Design',NULL,NULL,'2022-03-25',NULL,'Markazi','Najafabad',NULL,NULL,1),('zcezrv9155','Ricky','Le','Ricky Le','09804104801',200403883,'dzyxoviom41621','Bachelor','Computer Science',NULL,NULL,'2008-11-09',NULL,'Markazi','Khoy',NULL,NULL,0),('zcrkbh6697','Jennifer','Knight','Jennifer Knight','09886676226',76586776,'jkiukjcru54752','Diploma','Psychology',NULL,NULL,'2022-12-17',NULL,'Kerman','Abadan',NULL,NULL,1),('zcrqan1766','Michael','Jones','Michael Jones','09910967594',163392043,'fbcmjtbju10610','Master','Nursing',NULL,NULL,'2019-10-30',NULL,'Khuzestan','Mashhad',NULL,NULL,1),('zdjebe7761','Michelle','Solomon','Michelle Solomon','09115085363',142309396,'asjixadfi4501','Diploma','Political Science',NULL,NULL,'2010-12-06',NULL,'Mazandaran','Kaleybar',NULL,NULL,0),('zdmhuy3494','Jason','Harris','Jason Harris','09999974066',457539345,'tqsmygpum82360','Diploma','Architecture',NULL,NULL,'2017-11-09',NULL,'Kerman','Kaleybar',NULL,NULL,1),('zdrori4918','Mr.','Cesar','Mr. Cesar','09187345735',267610802,'tyayqgyqc90265','Master','Psychology',NULL,NULL,'2010-10-09',NULL,'West Azerbaijan','Sabzevar',NULL,NULL,1),('zdtgnu9074','Ivan','Valencia','Ivan Valencia','09640396487',490485396,'ciiugpnjg74102','Bachelor','Environmental Science',NULL,NULL,'2018-02-06',NULL,'Fars','Kerman',NULL,NULL,0),('zelgpf5379','John','Murphy','John Murphy','09435404224',449950510,'ahjyygomq7337','Bachelor','Mechanical Engineering',NULL,NULL,'2010-05-29',NULL,'Gilan','Maragheh',NULL,NULL,0),('zfvhby6821','Crystal','Hines','Crystal Hines','09890493117',43266943,'awkxndopo95481','Bachelor','Mechanical Engineering',NULL,NULL,'2022-01-12',NULL,'Golestan','Kaleybar',NULL,NULL,0),('zfwzll4820','Shawn','Simon','Shawn Simon','09940887394',441468150,'jaljboier23731','Diploma','History',NULL,NULL,'2016-01-02',NULL,'Isfahan','Eslamshahr',NULL,NULL,0),('zghbjt2155','Michael','Gomez','Michael Gomez','09131959870',352944494,'uvwyqndqv28838','Bachelor','Linguistics',NULL,NULL,'2010-02-12',NULL,'Khuzestan','Eslamshahr',NULL,NULL,0),('zgkkdc5827','Albert','Morgan','Albert Morgan','09719956558',269065140,'zeotjufet24368','Master','English Literature',NULL,NULL,'2014-12-30',NULL,'Hormozgan','Neyshabur',NULL,NULL,0),('zgtjya8858','Ricky','Williams','Ricky Williams','09506877412',234624071,'eqniucycz72481','Master','Psychology',NULL,NULL,'2007-09-26',NULL,'Bushehr','Tabriz',NULL,NULL,1),('zgwxwu8243','Patrick','Collins','Patrick Collins','09616871277',279726224,'avduolohi11815','Master','Mechanical Engineering',NULL,NULL,'2017-05-18',NULL,'West Azerbaijan','Maragheh',NULL,NULL,1),('zgyonr3631','Anna','Jacobs','Anna Jacobs','09908499118',75745337,'dexwavyoz16503','Ph.D.','Sociology',NULL,NULL,'2023-09-09',NULL,'Isfahan','Sari',NULL,NULL,1),('zhyijo9351','Amanda','White','Amanda White','09389853620',56322441,'utgamnany76412','Ph.D.','Linguistics',NULL,NULL,'2005-10-18',NULL,'Tehran','Tehran',NULL,NULL,1),('zjkdqc8638','David','Flores','David Flores','09178728752',170052816,'gbubyeqww6908','Diploma','History',NULL,NULL,'2007-01-21',NULL,'Isfahan','Lahijan',NULL,NULL,1),('zjtrpu7113','Charles','Smith','Charles Smith','09677913231',487582323,'wlqlqxkha10682','Master','Mathematics',NULL,NULL,'2013-10-18',NULL,'Lorestan','Marvdasht',NULL,NULL,0),('zkfwvz7817','Ashley','Gutierrez','Ashley Gutierrez','09328232215',432562358,'rqeetxeuz54040','Bachelor','Civil Engineering',NULL,NULL,'2012-06-25',NULL,'Bushehr','Isfahan',NULL,NULL,0),('zksbfe3537','Holly','Moore','Holly Moore','09353844481',259333720,'ymbnsyipi68617','Ph.D.','Business Administration',NULL,NULL,'2005-01-25',NULL,'Lorestan','Marvdasht',NULL,NULL,1),('zlbbny7785','Amy','Mcbride','Amy Mcbride','09303968382',100601124,'xsldwcggn41354','Bachelor','Nursing',NULL,NULL,'2020-03-19',NULL,'Tehran','Dezful',NULL,NULL,0),('zlhwmk4127','Mark','Blair','Mark Blair','09846451052',481679798,'kedmekysc63047','Bachelor','Psychology',NULL,NULL,'2011-08-22',NULL,'Khuzestan','Rasht',NULL,NULL,0),('zlqrzk7700','Douglas','Carter','Douglas Carter','09321381532',466494976,'hirbpcguu17140','Master','Electrical Engineering',NULL,NULL,'2005-11-26',NULL,'Tehran','Sabzevar',NULL,NULL,1),('zmrqyu6304','David','Fisher','David Fisher','09391713289',400060336,'vugxwktgb37052','Bachelor','Linguistics',NULL,NULL,'2008-04-14',NULL,'Kerman','Karaj',NULL,NULL,1),('zmtlnp7366','Michael','Zimmerman','Michael Zimmerman','09756355462',170014612,'erwvuvpdq86148','Master','Sociology',NULL,NULL,'2009-03-13',NULL,'Kermanshah','Kerman',NULL,NULL,1),('zngdiq6081','Brandon','Sampson','Brandon Sampson','09874746154',120206566,'tzlmqiokq88067','Ph.D.','Civil Engineering',NULL,NULL,'2010-03-30',NULL,'Kerman','Marvdasht',NULL,NULL,0),('znykqd6662','Ashley','Mendez','Ashley Mendez','09665228477',160136505,'fbhsacpng74121','Diploma','Civil Engineering',NULL,NULL,'2015-03-26',NULL,'Ardabil','Marvdasht',NULL,NULL,0),('zoccrf6109','Tara','Lynn','Tara Lynn','09747181632',248382639,'xzrlyuwhd86590','Master','Economics',NULL,NULL,'2010-11-30',NULL,'Hamedan','Maragheh',NULL,NULL,0),('zocgwx8791','Anthony','Harris','Anthony Harris','09926979542',334386940,'lmeqvvrzc26993','Ph.D.','Environmental Science',NULL,NULL,'2010-09-20',NULL,'East Azerbaijan','Sirjan',NULL,NULL,0),('zootbz2848','Gregory','Orozco','Gregory Orozco','09843342100',68348480,'nslklpfmk73223','Diploma','Psychology',NULL,NULL,'2015-12-03',NULL,'Razavi Khorasan','Shahin Shahr',NULL,NULL,0),('zoqqyy4228','Kristen','Martinez','Kristen Martinez','09482037100',59614620,'jmxunqfdl94800','Bachelor','Electrical Engineering',NULL,NULL,'2012-12-26',NULL,'Kurdistan','Mashhad',NULL,NULL,1),('zoszyt7882','Steven','Gregory','Steven Gregory','09997252262',395892241,'gevqjvdhv12784','Bachelor','Graphic Design',NULL,NULL,'2017-01-17',NULL,'Ardabil','Tehran',NULL,NULL,1),('zoxedy6469','Jeanette','Hernandez','Jeanette Hernandez','09520523987',92268704,'pnrhczigm3388','Master','Linguistics',NULL,NULL,'2007-09-20',NULL,'Kerman','Bandar-e Anzali',NULL,NULL,0),('zpbmfc9556','Sandra','Hernandez','Sandra Hernandez','09452662619',180670843,'idzkfpyrg57816','Diploma','Biology',NULL,NULL,'2020-06-24',NULL,'Mazandaran','Shiraz',NULL,NULL,0),('zpouoq3447','James','Castaneda','James Castaneda','09301958402',497750738,'kjxttcwmu98925','Master','Mechanical Engineering',NULL,NULL,'2016-11-27',NULL,'West Azerbaijan','Kaleybar',NULL,NULL,0),('zpwrsx6641','Danielle','Harper','Danielle Harper','09595865117',200152149,'vysqhkkub4260','Ph.D.','Psychology',NULL,NULL,'2006-07-14',NULL,'Kerman','Ahvaz',NULL,NULL,1),('zqbapa8067','Haley','Carter','Haley Carter','09714637550',60858079,'dkpdnsxoi91747','Ph.D.','History',NULL,NULL,'2012-06-03',NULL,'Markazi','Amol',NULL,NULL,0),('zqbzkn6723','Deborah','Wade','Deborah Wade','09911034640',469249910,'gfnrzrppb3499','Diploma','Graphic Design',NULL,NULL,'2021-11-11',NULL,'Hamedan','Sirjan',NULL,NULL,0),('zqspxm5991','Donald','Mcdonald','Donald Mcdonald','09820336914',245034453,'drihrfqry93085','Diploma','Environmental Science',NULL,NULL,'2014-04-12',NULL,'Hormozgan','Marvdasht',NULL,NULL,1),('zrisaj9742','Amanda','Donaldson','Amanda Donaldson','09317770506',401722844,'curtjoxkl75364','Bachelor','Graphic Design',NULL,NULL,'2016-06-20',NULL,'Isfahan','Shiraz',NULL,NULL,0),('zrslzz2715','Eric','French','Eric French','09472252926',327690177,'lhynayfoq77322','Ph.D.','Psychology',NULL,NULL,'2006-01-18',NULL,'Hormozgan','Najafabad',NULL,NULL,1),('zseinw8434','Hayley','Porter','Hayley Porter','09499031423',344866216,'oioszppbo62273','Ph.D.','Mechanical Engineering',NULL,NULL,'2023-10-10',NULL,'Golestan','Rasht',NULL,NULL,1),('ztfpgy4460','John','Grimes','John Grimes','09596436004',207503359,'frhmldrah30227','Ph.D.','English Literature',NULL,NULL,'2006-03-25',NULL,'Gilan','Mahabad',NULL,NULL,1),('ztxssm7772','Carlos','Barton','Carlos Barton','09224562980',373838188,'wvavhsujf18333','Master','Nursing',NULL,NULL,'2007-02-21',NULL,'Isfahan','Bandar-e Anzali',NULL,NULL,0),('zvbbmb9390','Brooke','Smith','Brooke Smith','09649595931',455169285,'eftxqlals39141','Master','Psychology',NULL,NULL,'2014-10-03',NULL,'Mazandaran','Rasht',NULL,NULL,1),('zvlzpc2397','Elizabeth','Carroll','Elizabeth Carroll','09983562351',447236852,'fgwazyitg21796','Bachelor','Economics',NULL,NULL,'2018-10-19',NULL,'Ardabil','Sabzevar',NULL,NULL,0),('zvpfqe6650','Philip','Holloway','Philip Holloway','09563743433',103977450,'wkzunfjjp93878','Diploma','Electrical Engineering',NULL,NULL,'2014-05-23',NULL,'Hamedan','Urmia',NULL,NULL,0),('zvplvr3812','Martin','Page','Martin Page','09933711104',36687808,'oantmqztk25647','Bachelor','Mathematics',NULL,NULL,'2010-07-19',NULL,'Hormozgan','Urmia',NULL,NULL,1),('zvuilb9400','Dana','Garcia','Dana Garcia','09982904617',434216326,'fbbanlfrg84055','Ph.D.','History',NULL,NULL,'2006-11-10',NULL,'Yazd','Shiraz',NULL,NULL,0),('zwhdrp7011','Brendan','Stephens','Brendan Stephens','09478593468',20178213,'vjnnxtcqr81813','Diploma','Political Science',NULL,NULL,'2015-10-26',NULL,'Markazi','Babol',NULL,NULL,0),('zwjkyh3182','Megan','Douglas','Megan Douglas','09386156502',109732727,'ubaychmja41971','Bachelor','Computer Science',NULL,NULL,'2011-02-08',NULL,'Yazd','Sabzevar',NULL,NULL,1),('zxmwfp5378','Donna','Faulkner','Donna Faulkner','09129285237',150852162,'yjoxvewev20068','Bachelor','Political Science',NULL,NULL,'2013-05-11',NULL,'Kerman','Marvdasht',NULL,NULL,0),('zyexea9734','Brenda','Peterson','Brenda Peterson','09418325570',354660990,'tusqyvpns93595','Master','Graphic Design',NULL,NULL,'2017-01-12',NULL,'Ardabil','Abadan',NULL,NULL,0),('zyfuni6432','Anna','King','Anna King','09577954106',386345126,'vrzvkzycw64725','Bachelor','Physics',NULL,NULL,'2021-01-29',NULL,'Ardabil','Bandar-e Anzali',NULL,NULL,0),('zyjcvl4512','Sarah','Floyd','Sarah Floyd','09301340716',442006942,'yovovflmq86073','Diploma','Architecture',NULL,NULL,'2021-07-19',NULL,'Razavi Khorasan','Sabzevar',NULL,NULL,0),('zzoueh5121','Patricia','Watts','Patricia Watts','09929124289',310093574,'nehjrtdke71104','Ph.D.','Environmental Science',NULL,NULL,'2017-10-27',NULL,'Razavi Khorasan','Mashhad',NULL,NULL,1),('zztzxy1393','Christopher','Prince','Christopher Prince','09898430941',43064394,'cocddnhgm57878','Diploma','Business Administration',NULL,NULL,'2007-07-18',NULL,'Razavi Khorasan','Shiraz',NULL,NULL,1);
/*!40000 ALTER TABLE `user_account` ENABLE KEYS */;
UNLOCK TABLES;

--
-- Table structure for table `video`
--

DROP TABLE IF EXISTS `video`;
/*!40101 SET @saved_cs_client     = @@character_set_client */;
/*!50503 SET character_set_client = utf8mb4 */;
CREATE TABLE `video` (
  `Video_ID` int NOT NULL AUTO_INCREMENT,
  `Event_ID` int DEFAULT NULL,
  `Link` varchar(150) DEFAULT NULL,
  PRIMARY KEY (`Video_ID`),
  KEY `Event_ID` (`Event_ID`),
  CONSTRAINT `video_ibfk_1` FOREIGN KEY (`Event_ID`) REFERENCES `event` (`Event_ID`)
) ENGINE=InnoDB AUTO_INCREMENT=231 DEFAULT CHARSET=utf8mb4 COLLATE=utf8mb4_0900_ai_ci;
/*!40101 SET character_set_client = @saved_cs_client */;

--
-- Dumping data for table `video`
--

LOCK TABLES `video` WRITE;
/*!40000 ALTER TABLE `video` DISABLE KEYS */;
INSERT INTO `video` VALUES (201,228,'https://youtube.com/4773f8c1'),(202,217,'https://vimeo.com/d9ea622c'),(203,219,'https://vimeo.com/9b620d0d'),(204,227,'https://vimeo.com/734f8438'),(205,221,'https://dailymotion.com/8ec87322'),(206,225,'https://youtube.com/c1239f71'),(207,230,'https://dailymotion.com/ff971dc0'),(208,214,'https://youtube.com/4f3a5d17'),(209,215,'https://vimeo.com/511728a4'),(210,220,'https://youtube.com/f229d737'),(211,215,'https://youtube.com/da1fcfdf'),(212,227,'https://vimeo.com/108b8e28'),(213,222,'https://youtube.com/ed345f8f'),(214,220,'https://vimeo.com/1b63bdb6'),(215,217,'https://youtube.com/64ccee9e'),(216,219,'https://youtube.com/35922f30'),(217,213,'https://vimeo.com/643e66ad'),(218,221,'https://dailymotion.com/0eff80f1'),(219,225,'https://youtube.com/4e5d85dc'),(220,226,'https://vimeo.com/4924189a'),(221,222,'https://youtube.com/2ee8eb6c'),(222,213,'https://dailymotion.com/f8dce78c'),(223,230,'https://vimeo.com/10d479a1'),(224,216,'https://youtube.com/3a994d48'),(225,224,'https://vimeo.com/8b16dba5'),(226,213,'https://youtube.com/354512f1'),(227,220,'https://youtube.com/060f200b'),(228,230,'https://vimeo.com/132120f6'),(229,212,'https://youtube.com/c42f529f'),(230,220,'https://dailymotion.com/953d0895');
/*!40000 ALTER TABLE `video` ENABLE KEYS */;
UNLOCK TABLES;
/*!40103 SET TIME_ZONE=@OLD_TIME_ZONE */;

/*!40101 SET SQL_MODE=@OLD_SQL_MODE */;
/*!40014 SET FOREIGN_KEY_CHECKS=@OLD_FOREIGN_KEY_CHECKS */;
/*!40014 SET UNIQUE_CHECKS=@OLD_UNIQUE_CHECKS */;
/*!40101 SET CHARACTER_SET_CLIENT=@OLD_CHARACTER_SET_CLIENT */;
/*!40101 SET CHARACTER_SET_RESULTS=@OLD_CHARACTER_SET_RESULTS */;
/*!40101 SET COLLATION_CONNECTION=@OLD_COLLATION_CONNECTION */;
/*!40111 SET SQL_NOTES=@OLD_SQL_NOTES */;

-- Dump completed on 2024-02-16 15:42:54
